$date
	Fri Oct 10 23:52:42 2025
$end
$version
	QuestaSim Version 2021.1
$end
$timescale
	1ns
$end

$scope module spi_slave_top $end
$var reg 1 ! clk $end

$scope module dut $end
$var parameter 3 " IDLE $end
$var parameter 3 # CHK_CMD $end
$var parameter 3 $ WRITE $end
$var parameter 3 % READ_ADD $end
$var parameter 3 & READ_DATA $end
$var wire 1 ' clk $end
$var wire 1 ( rst_n $end
$var wire 1 ) MOSI $end
$var wire 1 * SS_n $end
$var wire 1 + tx_valid $end
$var wire 1 , tx_data [7] $end
$var wire 1 - tx_data [6] $end
$var wire 1 . tx_data [5] $end
$var wire 1 / tx_data [4] $end
$var wire 1 0 tx_data [3] $end
$var wire 1 1 tx_data [2] $end
$var wire 1 2 tx_data [1] $end
$var wire 1 3 tx_data [0] $end
$var reg 1 4 MISO $end
$var reg 1 5 rx_valid $end
$var reg 10 6 rx_data [9:0] $end
$var reg 10 7 parallel_data [9:0] $end
$var reg 4 8 counter [3:0] $end
$var reg 4 9 read_counter [3:0] $end
$var reg 1 : CHECK_READ $end
$var reg 3 ; current [2:0] $end
$var reg 3 < next [2:0] $end
$var reg 8 = tx_shift_reg [7:0] $end
$var reg 4 > tx_bit_cnt [3:0] $end
$var reg 1 ? start_tx $end

$scope module spi_assert $end
$var parameter 3 @ IDLE $end
$var parameter 3 A CHK_CMD $end
$var parameter 3 B WRITE $end
$var parameter 3 C READ_ADD $end
$var parameter 3 D READ_DATA $end
$var wire 1 ' clk $end
$var wire 1 ( rst_n $end
$var wire 1 ) MOSI $end
$var wire 1 * SS_n $end
$var wire 1 E MISO $end
$var wire 1 F rx_valid $end
$var wire 1 G rx_data [9] $end
$var wire 1 H rx_data [8] $end
$var wire 1 I rx_data [7] $end
$var wire 1 J rx_data [6] $end
$var wire 1 K rx_data [5] $end
$var wire 1 L rx_data [4] $end
$var wire 1 M rx_data [3] $end
$var wire 1 N rx_data [2] $end
$var wire 1 O rx_data [1] $end
$var wire 1 P rx_data [0] $end
$var wire 1 Q current_state [2] $end
$var wire 1 R current_state [1] $end
$var wire 1 S current_state [0] $end
$var integer 32 T mosi_bit_count $end
$var reg 1 U transaction_started $end

$scope begin assert_reset_outputs $end
$upscope $end

$scope begin assert_rx_valid_timing $end
$upscope $end

$scope begin assert_ss_n_timing $end
$upscope $end

$scope begin assert_miso_stable $end
$upscope $end

$scope begin assert_rx_valid_pulse $end
$upscope $end

$scope begin assert_ss_n_idle $end
$upscope $end
$upscope $end
$upscope $end
$upscope $end
$enddefinitions $end
#0
$dumpvars
0!
x4
x5
bx 6
bx 7
bx 8
bx 9
x:
bx ;
bx <
bx =
bx >
x?
0U
b0 "
b1 #
b10 $
b11 %
b100 &
b0 @
b1 A
b10 B
b11 C
b100 D
b0 T
03
02
01
00
0/
0.
0-
0,
0+
1*
0)
1(
0'
xS
xR
xQ
xP
xO
xN
xM
xL
xK
xJ
xI
xH
xG
xF
xE
$end
#5
1!
1'
05
0F
#10
0!
0'
0(
b0 ;
04
b0 6
b0 8
b0 =
b0 >
0?
0:
b0 7
0E
0P
0O
0N
0M
0L
0K
0J
0I
0H
0G
0S
0R
0Q
b0 <
#15
1!
1'
#20
0!
0'
#25
1!
1'
#30
0!
0'
#35
1!
1'
1(
#40
0!
0'
#45
1!
1'
#50
0!
0'
0(
#55
1!
1'
#60
0!
0'
#65
1!
1'
#70
0!
0'
#75
1!
1'
1(
#80
0!
0'
#85
1!
1'
#90
0!
0'
0(
#95
1!
1'
#100
0!
0'
#105
1!
1'
#110
0!
0'
#115
1!
1'
1(
#120
0!
0'
#125
1!
1'
#130
0!
0'
#135
1!
1'
0*
b1 <
#140
0!
0'
#145
1!
1'
1U
b1 ;
1S
b10 <
#150
0!
0'
#155
1!
1'
b1 T
b10 ;
0S
1R
#160
0!
0'
#165
1!
1'
b10 T
b1 8
1)
#170
0!
0'
#175
1!
1'
b11 T
b1 7
b10 8
#180
0!
0'
#185
1!
1'
b100 T
b11 7
b11 8
0)
#190
0!
0'
#195
1!
1'
b101 T
b110 7
b100 8
#200
0!
0'
#205
1!
1'
b110 T
b1100 7
b101 8
#210
0!
0'
#215
1!
1'
b111 T
b11000 7
b110 8
#220
0!
0'
#225
1!
1'
b1000 T
b110000 7
b111 8
#230
0!
0'
#235
1!
1'
b1001 T
b1100000 7
b1000 8
1)
#240
0!
0'
#245
1!
1'
b1010 T
b11000001 7
b1001 8
0)
#250
0!
0'
#255
1!
1'
b1011 T
b110000010 7
b1010 8
#260
0!
0'
#265
1!
1'
b1100 T
b1100000100 7
b1011 8
15
b110000010 6
b0 8
1F
1O
1I
1H
1*
b0 <
#270
0!
0'
#275
1!
1'
0U
b0 T
b0 ;
b1000001000 7
b1 8
05
0F
1+
12
11
1.
1,
0R
0*
b1 <
#280
0!
0'
#285
1!
1'
1U
b1 ;
b0 6
b0 8
b0 7
0O
0I
0H
1S
1)
b11 <
#290
0!
0'
#295
1!
1'
b1 T
b11 ;
1R
#300
0!
0'
#305
1!
1'
b10 T
b1 7
b1 8
#310
0!
0'
#315
1!
1'
b11 T
b11 7
b10 8
#320
0!
0'
#325
1!
1'
b100 T
b111 7
b11 8
0)
#330
0!
0'
#335
1!
1'
b101 T
b1110 7
b100 8
1)
#340
0!
0'
#345
1!
1'
b110 T
b11101 7
b101 8
#350
0!
0'
#355
1!
1'
b111 T
b111011 7
b110 8
#360
0!
0'
#365
1!
1'
b1000 T
b1110111 7
b111 8
0)
#370
0!
0'
#375
1!
1'
b1001 T
b11101110 7
b1000 8
#380
0!
0'
#385
1!
1'
b1010 T
b111011100 7
b1001 8
#390
0!
0'
#395
1!
1'
b1011 T
b1110111000 7
b1010 8
#400
0!
0'
#405
1!
1'
b1100 T
b1101110000 7
b1011 8
15
b1110111000 6
b0 8
1:
1F
1M
1L
1K
1I
1H
1G
#410
0!
0'
#415
1!
1'
b1101 T
b1011100000 7
b1 8
05
0F
#420
0!
0'
#425
1!
1'
b1110 T
b111000000 7
b10 8
#430
0!
0'
#435
1!
1'
b1111 T
b1110000000 7
b11 8
#440
0!
0'
#445
1!
1'
b10000 T
b1100000000 7
b100 8
#450
0!
0'
#455
1!
1'
b10001 T
b1000000000 7
b101 8
#460
0!
0'
#465
1!
1'
b10010 T
b0 7
b110 8
#470
0!
0'
#475
1!
1'
b10011 T
b111 8
#480
0!
0'
#485
1!
1'
b10100 T
b1000 8
#490
0!
0'
#495
1!
1'
b10101 T
b1001 8
0+
1*
b0 <
#500
0!
0'
#505
1!
1'
0U
b0 T
b0 ;
b1010 8
0S
0R
0*
b1 <
#510
0!
0'
#515
1!
1'
1U
b1 ;
b0 6
b0 8
0M
0L
0K
0I
0H
0G
1S
b10 <
#520
0!
0'
#525
1!
1'
b1 T
b10 ;
0S
1R
#530
0!
0'
#535
1!
1'
b10 T
b1 8
1)
#540
0!
0'
#545
1!
1'
b11 T
b1 7
b10 8
#550
0!
0'
#555
1!
1'
b100 T
b11 7
b11 8
0)
#560
0!
0'
#565
1!
1'
b101 T
b110 7
b100 8
#570
0!
0'
#575
1!
1'
b110 T
b1100 7
b101 8
#580
0!
0'
#585
1!
1'
b111 T
b11000 7
b110 8
1)
#590
0!
0'
#595
1!
1'
b1000 T
b110001 7
b111 8
#600
0!
0'
#605
1!
1'
b1001 T
b1100011 7
b1000 8
0)
#610
0!
0'
#615
1!
1'
b1010 T
b11000110 7
b1001 8
#620
0!
0'
#625
1!
1'
b1011 T
b110001100 7
b1010 8
#630
0!
0'
#635
1!
1'
b1100 T
b1100011000 7
b1011 8
15
b110001100 6
b0 8
1F
1N
1M
1I
1H
1*
b0 <
#640
0!
0'
#645
1!
1'
0U
b0 T
b0 ;
b1000110000 7
b1 8
05
0R
0F
0*
b1 <
#650
0!
0'
#655
1!
1'
1U
b1 ;
b0 6
b0 8
b0 7
0N
0M
0I
0H
1S
1)
b100 <
#660
0!
0'
#665
1!
1'
b1 T
b100 ;
0S
1Q
#670
0!
0'
#675
1!
1'
b10 T
b1 7
b1 8
0)
#680
0!
0'
#685
1!
1'
b11 T
b10 7
b10 8
#690
0!
0'
#695
1!
1'
b100 T
b100 7
b11 8
#700
0!
0'
#705
1!
1'
b101 T
b1000 7
b100 8
1)
#710
0!
0'
#715
1!
1'
b110 T
b10001 7
b101 8
#720
0!
0'
#725
1!
1'
b111 T
b100011 7
b110 8
#730
0!
0'
#735
1!
1'
b1000 T
b1000111 7
b111 8
0)
#740
0!
0'
#745
1!
1'
b1001 T
b10001110 7
b1000 8
#750
0!
0'
#755
1!
1'
b1010 T
b100011100 7
b1001 8
1)
#760
0!
0'
#765
1!
1'
b1011 T
b1000111001 7
b1010 8
#770
0!
0'
#775
1!
1'
b1100 T
b1110011 7
b1011 8
15
b1000111001 6
b0 8
1F
1P
1M
1L
1K
1G
1*
0)
b0 <
#780
0!
0'
#785
1!
1'
0U
b0 T
b0 ;
b11100110 7
b1 8
05
0Q
0F
0*
b1 <
#790
0!
0'
#795
1!
1'
1U
b1 ;
b0 6
b0 8
b0 7
0P
0M
0L
0K
0G
1S
b10 <
#800
0!
0'
#805
1!
1'
b1 T
b10 ;
0S
1R
#810
0!
0'
#815
1!
1'
b10 T
b1 8
#820
0!
0'
#825
1!
1'
b11 T
b10 8
#830
0!
0'
#835
1!
1'
b100 T
b11 8
#840
0!
0'
#845
1!
1'
b101 T
b100 8
1)
#850
0!
0'
#855
1!
1'
b110 T
b1 7
b101 8
0)
#860
0!
0'
#865
1!
1'
b111 T
b10 7
b110 8
#870
0!
0'
#875
1!
1'
b1000 T
b100 7
b111 8
1)
#880
0!
0'
#885
1!
1'
b1001 T
b1001 7
b1000 8
#890
0!
0'
#895
1!
1'
b1010 T
b10011 7
b1001 8
#900
0!
0'
#905
1!
1'
b1011 T
b100111 7
b1010 8
#910
0!
0'
#915
1!
1'
b1100 T
b1001111 7
b1011 8
15
b100111 6
b0 8
1F
1P
1O
1N
1K
1*
0)
b0 <
#920
0!
0'
#925
1!
1'
0U
b0 T
b0 ;
b10011110 7
b1 8
05
0R
0F
0*
b1 <
#930
0!
0'
#935
1!
1'
1U
b1 ;
b0 6
b0 8
b0 7
0P
0O
0N
0K
1S
1)
b100 <
#940
0!
0'
#945
1!
1'
b1 T
b100 ;
0S
1Q
#950
0!
0'
#955
1!
1'
b10 T
b1 7
b1 8
0)
#960
0!
0'
#965
1!
1'
b11 T
b10 7
b10 8
1)
#970
0!
0'
#975
1!
1'
b100 T
b101 7
b11 8
0)
#980
0!
0'
#985
1!
1'
b101 T
b1010 7
b100 8
1)
#990
0!
0'
#995
1!
1'
b110 T
b10101 7
b101 8
0)
#1000
0!
0'
#1005
1!
1'
b111 T
b101010 7
b110 8
#1010
0!
0'
#1015
1!
1'
b1000 T
b1010100 7
b111 8
1)
#1020
0!
0'
#1025
1!
1'
b1001 T
b10101001 7
b1000 8
0)
#1030
0!
0'
#1035
1!
1'
b1010 T
b101010010 7
b1001 8
1)
#1040
0!
0'
#1045
1!
1'
b1011 T
b1010100101 7
b1010 8
#1050
0!
0'
#1055
1!
1'
b1100 T
b101001011 7
b1011 8
15
b1010100101 6
b0 8
1F
1P
1N
1K
1I
1G
1*
0)
b0 <
#1060
0!
0'
#1065
1!
1'
0U
b0 T
b0 ;
b1010010110 7
b1 8
05
0Q
0F
0*
b1 <
#1070
0!
0'
#1075
1!
1'
1U
b1 ;
b0 6
b0 8
b0 7
0P
0N
0K
0I
0G
1S
1)
b100 <
#1080
0!
0'
#1085
1!
1'
b1 T
b100 ;
0S
1Q
#1090
0!
0'
#1095
1!
1'
b10 T
b1 7
b1 8
0)
#1100
0!
0'
#1105
1!
1'
b11 T
b10 7
b10 8
#1110
0!
0'
#1115
1!
1'
b100 T
b100 7
b11 8
#1120
0!
0'
#1125
1!
1'
b101 T
b1000 7
b100 8
1)
#1130
0!
0'
#1135
1!
1'
b110 T
b10001 7
b101 8
0)
#1140
0!
0'
#1145
1!
1'
b111 T
b100010 7
b110 8
1)
#1150
0!
0'
#1155
1!
1'
b1000 T
b1000101 7
b111 8
#1160
0!
0'
#1165
1!
1'
b1001 T
b10001011 7
b1000 8
0)
#1170
0!
0'
#1175
1!
1'
b1010 T
b100010110 7
b1001 8
#1180
0!
0'
#1185
1!
1'
b1011 T
b1000101100 7
b1010 8
#1190
0!
0'
#1195
1!
1'
b1100 T
b1011000 7
b1011 8
15
b1000101100 6
b0 8
1F
1N
1M
1K
1G
1*
b0 <
#1200
0!
0'
#1205
1!
1'
0U
b0 T
b0 ;
b10110000 7
b1 8
05
0F
1+
01
10
0,
0Q
0*
b1 <
#1210
0!
0'
#1215
1!
1'
1U
b1 ;
b0 6
b0 8
b0 7
0N
0M
0K
0G
1S
1)
b100 <
#1220
0!
0'
#1225
1!
1'
b1 T
b100 ;
0S
1Q
#1230
0!
0'
#1235
1!
1'
b10 T
b1 7
b1 8
b101010 =
1?
#1240
0!
0'
#1245
1!
1'
b11 T
b11 7
b10 8
b1010100 =
b1 >
#1250
0!
0'
#1255
1!
1'
b100 T
b111 7
b11 8
b101010 =
b10101000 =
b10 >
#1260
0!
0'
#1265
1!
1'
b101 T
b1111 7
b100 8
b101010 =
14
b1010000 =
b11 >
1E
#1270
0!
0'
#1275
1!
1'
b110 T
b11111 7
b101 8
b101010 =
04
b10100000 =
b100 >
0E
#1280
0!
0'
#1285
1!
1'
b111 T
b111111 7
b110 8
b101010 =
14
b1000000 =
b101 >
1E
0)
#1290
0!
0'
#1295
1!
1'
b1000 T
b1111110 7
b111 8
b101010 =
04
b10000000 =
b110 >
0E
#1300
0!
0'
#1305
1!
1'
b1001 T
b11111100 7
b1000 8
b101010 =
14
b0 =
b111 >
1E
1)
#1310
0!
0'
#1315
1!
1'
b1010 T
b111111001 7
b1001 8
b101010 =
04
b0 =
b1000 >
b0 >
0?
0:
0E
0)
#1320
0!
0'
#1325
1!
1'
b1011 T
b1111110010 7
b1010 8
b101010 =
1?
#1330
0!
0'
#1335
1!
1'
b1100 T
b1111100100 7
b1011 8
15
b1111110010 6
b0 8
b1010100 =
b1 >
1F
1O
1L
1K
1J
1I
1H
1G
#1340
0!
0'
#1345
1!
1'
b1101 T
b1111001000 7
b1 8
05
b101010 =
b10101000 =
b10 >
0F
#1350
0!
0'
#1355
1!
1'
b1110 T
b1110010000 7
b10 8
b101010 =
14
b1010000 =
b11 >
1E
#1360
0!
0'
#1365
1!
1'
b1111 T
b1100100000 7
b11 8
b101010 =
04
b10100000 =
b100 >
0E
#1370
0!
0'
#1375
1!
1'
b10000 T
b1001000000 7
b100 8
b101010 =
14
b1000000 =
b101 >
1E
#1380
0!
0'
#1385
1!
1'
b10001 T
b10000000 7
b101 8
b101010 =
04
b10000000 =
b110 >
0E
#1390
0!
0'
#1395
1!
1'
b10010 T
b100000000 7
b110 8
b101010 =
14
b0 =
b111 >
1E
#1400
0!
0'
#1405
1!
1'
b10011 T
b1000000000 7
b111 8
b101010 =
04
b0 =
b1000 >
b0 >
0?
0E
#1410
0!
0'
#1415
1!
1'
b10100 T
b0 7
b1000 8
b101010 =
1?
#1420
0!
0'
#1425
1!
1'
b10101 T
b1001 8
b1010100 =
b1 >
0+
1*
b0 <
#1430
0!
0'
#1435
1!
1'
0U
b0 T
b0 ;
b1010 8
b10101000 =
b10 >
0Q
0*
b1 <
#1440
0!
0'
#1445
1!
1'
1U
b1 ;
b0 6
b0 8
b0 >
0?
0O
0L
0K
0J
0I
0H
0G
1S
1)
b11 <
#1450
0!
0'
#1455
1!
1'
b1 T
b11 ;
1R
#1460
0!
0'
#1465
1!
1'
b10 T
b1 7
b1 8
0)
#1470
0!
0'
#1475
1!
1'
b11 T
b10 7
b10 8
1)
#1480
0!
0'
#1485
1!
1'
b100 T
b101 7
b11 8
0)
#1490
0!
0'
#1495
1!
1'
b101 T
b1010 7
b100 8
1)
#1500
0!
0'
#1505
1!
1'
b110 T
b10101 7
b101 8
#1510
0!
0'
#1515
1!
1'
b111 T
b101011 7
b110 8
0)
#1520
0!
0'
#1525
1!
1'
b1000 T
b1010110 7
b111 8
1)
#1530
0!
0'
#1535
1!
1'
b1001 T
b10101101 7
b1000 8
#1540
0!
0'
#1545
1!
1'
b1010 T
b101011011 7
b1001 8
#1550
0!
0'
#1555
1!
1'
b1011 T
b1010110111 7
b1010 8
#1560
0!
0'
#1565
1!
1'
b1100 T
b101101111 7
b1011 8
15
b1010110111 6
b0 8
1:
1F
1P
1O
1N
1L
1K
1I
1G
1*
0)
b0 <
#1570
0!
0'
#1575
1!
1'
0U
b0 T
b0 ;
b1011011110 7
b1 8
05
0F
1+
00
1/
0.
1-
1,
0S
0R
0*
b1 <
#1580
0!
0'
#1585
1!
1'
1U
b1 ;
b0 6
b0 8
b0 7
0P
0O
0N
0L
0K
0I
0G
1S
1)
b100 <
#1590
0!
0'
#1595
1!
1'
b1 T
b100 ;
0S
1Q
#1600
0!
0'
#1605
1!
1'
b10 T
b1 7
b1 8
b11010010 =
1?
#1610
0!
0'
#1615
1!
1'
b11 T
b11 7
b10 8
14
b10100100 =
b1 >
1E
#1620
0!
0'
#1625
1!
1'
b100 T
b111 7
b11 8
b11010010 =
b1001000 =
b10 >
#1630
0!
0'
#1635
1!
1'
b101 T
b1111 7
b100 8
b11010010 =
04
b10010000 =
b11 >
0E
0)
#1640
0!
0'
#1645
1!
1'
b110 T
b11110 7
b101 8
b11010010 =
14
b100000 =
b100 >
1E
1)
#1650
0!
0'
#1655
1!
1'
b111 T
b111101 7
b110 8
b11010010 =
04
b1000000 =
b101 >
0E
0)
#1660
0!
0'
#1665
1!
1'
b1000 T
b1111010 7
b111 8
b11010010 =
b10000000 =
b110 >
1)
#1670
0!
0'
#1675
1!
1'
b1001 T
b11110101 7
b1000 8
b11010010 =
14
b0 =
b111 >
1E
#1680
0!
0'
#1685
1!
1'
b1010 T
b111101011 7
b1001 8
b11010010 =
04
b0 =
b1000 >
b0 >
0?
0:
0E
0)
#1690
0!
0'
#1695
1!
1'
b1011 T
b1111010110 7
b1010 8
b11010010 =
1?
#1700
0!
0'
#1705
1!
1'
b1100 T
b1110101100 7
b1011 8
15
b1111010110 6
b0 8
14
b10100100 =
b1 >
1F
1O
1N
1L
1J
1I
1H
1G
1E
#1710
0!
0'
#1715
1!
1'
b1101 T
b1101011000 7
b1 8
05
b11010010 =
b1001000 =
b10 >
0F
#1720
0!
0'
#1725
1!
1'
b1110 T
b1010110000 7
b10 8
b11010010 =
04
b10010000 =
b11 >
0E
#1730
0!
0'
#1735
1!
1'
b1111 T
b101100000 7
b11 8
b11010010 =
14
b100000 =
b100 >
1E
#1740
0!
0'
#1745
1!
1'
b10000 T
b1011000000 7
b100 8
b11010010 =
04
b1000000 =
b101 >
0E
#1750
0!
0'
#1755
1!
1'
b10001 T
b110000000 7
b101 8
b11010010 =
b10000000 =
b110 >
#1760
0!
0'
#1765
1!
1'
b10010 T
b1100000000 7
b110 8
b11010010 =
14
b0 =
b111 >
1E
#1770
0!
0'
#1775
1!
1'
b10011 T
b1000000000 7
b111 8
b11010010 =
04
b0 =
b1000 >
b0 >
0?
0E
#1780
0!
0'
#1785
1!
1'
b10100 T
b0 7
b1000 8
b11010010 =
1?
#1790
0!
0'
#1795
1!
1'
b10101 T
b1001 8
14
b10100100 =
b1 >
1E
0+
1*
b0 <
#1800
0!
0'
#1805
1!
1'
0U
b0 T
b0 ;
b1010 8
b1001000 =
b10 >
0Q
0*
b1 <
#1810
0!
0'
#1815
1!
1'
1U
b1 ;
b0 6
b0 8
b0 >
0?
0O
0N
0L
0J
0I
0H
0G
1S
b10 <
#1820
0!
0'
#1825
1!
1'
b1 T
b10 ;
0S
1R
#1830
0!
0'
#1835
1!
1'
b10 T
b1 8
#1840
0!
0'
#1845
1!
1'
b11 T
b10 8
#1850
0!
0'
#1855
1!
1'
b100 T
b11 8
#1860
0!
0'
#1865
1!
1'
b101 T
b100 8
#1870
0!
0'
#1875
1!
1'
b110 T
b101 8
#1880
0!
0'
#1885
1!
1'
b111 T
b110 8
#1890
0!
0'
#1895
1!
1'
b1000 T
b111 8
#1900
0!
0'
#1905
1!
1'
b1001 T
b1000 8
#1910
0!
0'
#1915
1!
1'
b1010 T
b1001 8
1)
#1920
0!
0'
#1925
1!
1'
b1011 T
b1 7
b1010 8
#1930
0!
0'
#1935
1!
1'
b1100 T
b11 7
b1011 8
15
b1 6
b0 8
1F
1P
1*
0)
b0 <
#1940
0!
0'
#1945
1!
1'
0U
b0 T
b0 ;
b110 7
b1 8
05
0R
0F
0*
b1 <
#1950
0!
0'
#1955
1!
1'
1U
b1 ;
b0 6
b0 8
b0 7
0P
1S
b10 <
#1960
0!
0'
#1965
1!
1'
b1 T
b10 ;
0S
1R
#1970
0!
0'
#1975
1!
1'
b10 T
b1 8
1)
#1980
0!
0'
#1985
1!
1'
b11 T
b1 7
b10 8
#1990
0!
0'
#1995
1!
1'
b100 T
b11 7
b11 8
#2000
0!
0'
#2005
1!
1'
b101 T
b111 7
b100 8
0)
#2010
0!
0'
#2015
1!
1'
b110 T
b1110 7
b101 8
1)
#2020
0!
0'
#2025
1!
1'
b111 T
b11101 7
b110 8
0)
#2030
0!
0'
#2035
1!
1'
b1000 T
b111010 7
b111 8
#2040
0!
0'
#2045
1!
1'
b1001 T
b1110100 7
b1000 8
#2050
0!
0'
#2055
1!
1'
b1010 T
b11101000 7
b1001 8
#2060
0!
0'
#2065
1!
1'
b1011 T
b111010000 7
b1010 8
#2070
0!
0'
#2075
1!
1'
b1100 T
b1110100000 7
b1011 8
15
b111010000 6
b0 8
1F
1L
1J
1I
1H
1*
b0 <
#2080
0!
0'
#2085
1!
1'
0U
b0 T
b0 ;
b1101000000 7
b1 8
05
0R
0F
0*
b1 <
#2090
0!
0'
#2095
1!
1'
1U
b1 ;
b0 6
b0 8
b0 7
0L
0J
0I
0H
1S
b10 <
#2100
0!
0'
#2105
1!
1'
b1 T
b10 ;
0S
1R
#2110
0!
0'
#2115
1!
1'
b10 T
b1 8
#2120
0!
0'
#2125
1!
1'
b11 T
b10 8
1)
#2130
0!
0'
#2135
1!
1'
b100 T
b1 7
b11 8
0)
#2140
0!
0'
#2145
1!
1'
b101 T
b10 7
b100 8
1)
#2150
0!
0'
#2155
1!
1'
b110 T
b101 7
b101 8
0)
#2160
0!
0'
#2165
1!
1'
b111 T
b1010 7
b110 8
#2170
0!
0'
#2175
1!
1'
b1000 T
b10100 7
b111 8
1)
#2180
0!
0'
#2185
1!
1'
b1001 T
b101001 7
b1000 8
#2190
0!
0'
#2195
1!
1'
b1010 T
b1010011 7
b1001 8
0)
#2200
0!
0'
#2205
1!
1'
b1011 T
b10100110 7
b1010 8
#2210
0!
0'
#2215
1!
1'
b1100 T
b101001100 7
b1011 8
15
b10100110 6
b0 8
1F
1O
1N
1K
1I
1*
b0 <
#2220
0!
0'
#2225
1!
1'
0U
b0 T
b0 ;
b1010011000 7
b1 8
05
0R
0F
0*
b1 <
#2230
0!
0'
#2235
1!
1'
1U
b1 ;
b0 6
b0 8
b0 7
0O
0N
0K
0I
1S
1)
b11 <
#2240
0!
0'
#2245
1!
1'
b1 T
b11 ;
1R
#2250
0!
0'
#2255
1!
1'
b10 T
b1 7
b1 8
0)
#2260
0!
0'
#2265
1!
1'
b11 T
b10 7
b10 8
1)
#2270
0!
0'
#2275
1!
1'
b100 T
b101 7
b11 8
#2280
0!
0'
#2285
1!
1'
b101 T
b1011 7
b100 8
#2290
0!
0'
#2295
1!
1'
b110 T
b10111 7
b101 8
#2300
0!
0'
#2305
1!
1'
b111 T
b101111 7
b110 8
#2310
0!
0'
#2315
1!
1'
b1000 T
b1011111 7
b111 8
#2320
0!
0'
#2325
1!
1'
b1001 T
b10111111 7
b1000 8
0)
#2330
0!
0'
#2335
1!
1'
b1010 T
b101111110 7
b1001 8
#2340
0!
0'
#2345
1!
1'
b1011 T
b1011111100 7
b1010 8
#2350
0!
0'
#2355
1!
1'
b1100 T
b111111000 7
b1011 8
15
b1011111100 6
b0 8
1:
1F
1N
1M
1L
1K
1J
1I
1G
1*
b0 <
#2360
0!
0'
#2365
1!
1'
0U
b0 T
b0 ;
b1111110000 7
b1 8
05
0S
0R
0F
0*
b1 <
#2370
0!
0'
#2375
1!
1'
1U
b1 ;
b0 6
b0 8
b0 7
0N
0M
0L
0K
0J
0I
0G
1S
1)
b100 <
#2380
0!
0'
#2385
1!
1'
b1 T
b100 ;
0S
1Q
#2390
0!
0'
#2395
1!
1'
b10 T
b1 7
b1 8
0)
#2400
0!
0'
#2405
1!
1'
b11 T
b10 7
b10 8
1)
#2410
0!
0'
#2415
1!
1'
b100 T
b101 7
b11 8
0)
#2420
0!
0'
#2425
1!
1'
b101 T
b1010 7
b100 8
#2430
0!
0'
#2435
1!
1'
b110 T
b10100 7
b101 8
1)
#2440
0!
0'
#2445
1!
1'
b111 T
b101001 7
b110 8
#2450
0!
0'
#2455
1!
1'
b1000 T
b1010011 7
b111 8
0)
#2460
0!
0'
#2465
1!
1'
b1001 T
b10100110 7
b1000 8
#2470
0!
0'
#2475
1!
1'
b1010 T
b101001100 7
b1001 8
1)
#2480
0!
0'
#2485
1!
1'
b1011 T
b1010011001 7
b1010 8
#2490
0!
0'
#2495
1!
1'
b1100 T
b100110011 7
b1011 8
15
b1010011001 6
b0 8
1F
1P
1M
1L
1I
1G
1*
0)
b0 <
#2500
0!
0'
#2505
1!
1'
0U
b0 T
b0 ;
b1001100110 7
b1 8
05
0Q
0F
0*
b1 <
#2510
0!
0'
#2515
1!
1'
1U
b1 ;
b0 6
b0 8
b0 7
0P
0M
0L
0I
0G
1S
1)
b100 <
#2520
0!
0'
#2525
1!
1'
b1 T
b100 ;
0S
1Q
#2530
0!
0'
#2535
1!
1'
b10 T
b1 7
b1 8
0)
#2540
0!
0'
#2545
1!
1'
b11 T
b10 7
b10 8
#2550
0!
0'
#2555
1!
1'
b100 T
b100 7
b11 8
#2560
0!
0'
#2565
1!
1'
b101 T
b1000 7
b100 8
1)
#2570
0!
0'
#2575
1!
1'
b110 T
b10001 7
b101 8
#2580
0!
0'
#2585
1!
1'
b111 T
b100011 7
b110 8
#2590
0!
0'
#2595
1!
1'
b1000 T
b1000111 7
b111 8
0)
#2600
0!
0'
#2605
1!
1'
b1001 T
b10001110 7
b1000 8
1)
#2610
0!
0'
#2615
1!
1'
b1010 T
b100011101 7
b1001 8
#2620
0!
0'
#2625
1!
1'
b1011 T
b1000111011 7
b1010 8
#2630
0!
0'
#2635
1!
1'
b1100 T
b1110111 7
b1011 8
15
b1000111011 6
b0 8
1F
1P
1O
1M
1L
1K
1G
1*
0)
b0 <
#2640
0!
0'
#2645
1!
1'
0U
b0 T
b0 ;
b11101110 7
b1 8
05
0Q
0F
0*
b1 <
#2650
0!
0'
#2655
1!
1'
1U
b1 ;
b0 6
b0 8
b0 7
0P
0O
0M
0L
0K
0G
1S
b10 <
#2660
0!
0'
#2665
1!
1'
b1 T
b10 ;
0S
1R
#2670
0!
0'
#2675
1!
1'
b10 T
b1 8
1)
#2680
0!
0'
#2685
1!
1'
b11 T
b1 7
b10 8
0)
#2690
0!
0'
#2695
1!
1'
b100 T
b10 7
b11 8
1)
#2700
0!
0'
#2705
1!
1'
b101 T
b101 7
b100 8
0)
#2710
0!
0'
#2715
1!
1'
b110 T
b1010 7
b101 8
#2720
0!
0'
#2725
1!
1'
b111 T
b10100 7
b110 8
#2730
0!
0'
#2735
1!
1'
b1000 T
b101000 7
b111 8
#2740
0!
0'
#2745
1!
1'
b1001 T
b1010000 7
b1000 8
1)
#2750
0!
0'
#2755
1!
1'
b1010 T
b10100001 7
b1001 8
0)
#2760
0!
0'
#2765
1!
1'
b1011 T
b101000010 7
b1010 8
#2770
0!
0'
#2775
1!
1'
b1100 T
b1010000100 7
b1011 8
15
b101000010 6
b0 8
1F
1O
1J
1H
1*
b0 <
#2780
0!
0'
#2785
1!
1'
0U
b0 T
b0 ;
b100001000 7
b1 8
05
0R
0F
0*
b1 <
#2790
0!
0'
#2795
1!
1'
1U
b1 ;
b0 6
b0 8
b0 7
0O
0J
0H
1S
b10 <
#2800
0!
0'
#2805
1!
1'
b1 T
b10 ;
0S
1R
#2810
0!
0'
#2815
1!
1'
b10 T
b1 8
1)
#2820
0!
0'
#2825
1!
1'
b11 T
b1 7
b10 8
#2830
0!
0'
#2835
1!
1'
b100 T
b11 7
b11 8
#2840
0!
0'
#2845
1!
1'
b101 T
b111 7
b100 8
0)
#2850
0!
0'
#2855
1!
1'
b110 T
b1110 7
b101 8
1)
#2860
0!
0'
#2865
1!
1'
b111 T
b11101 7
b110 8
0)
#2870
0!
0'
#2875
1!
1'
b1000 T
b111010 7
b111 8
1)
#2880
0!
0'
#2885
1!
1'
b1001 T
b1110101 7
b1000 8
#2890
0!
0'
#2895
1!
1'
b1010 T
b11101011 7
b1001 8
#2900
0!
0'
#2905
1!
1'
b1011 T
b111010111 7
b1010 8
#2910
0!
0'
#2915
1!
1'
b1100 T
b1110101111 7
b1011 8
15
b111010111 6
b0 8
1F
1P
1O
1N
1L
1J
1I
1H
1*
0)
b0 <
#2920
0!
0'
#2925
1!
1'
0U
b0 T
b0 ;
b1101011110 7
b1 8
05
0F
1+
02
0,
0R
0*
b1 <
#2930
0!
0'
#2935
1!
1'
1U
b1 ;
b0 6
b0 8
b0 7
0P
0O
0N
0L
0J
0I
0H
1S
1)
b100 <
#2940
0!
0'
#2945
1!
1'
b1 T
b100 ;
0S
1Q
#2950
0!
0'
#2955
1!
1'
b10 T
b1 7
b1 8
b1010000 =
1?
#2960
0!
0'
#2965
1!
1'
b11 T
b11 7
b10 8
04
b10100000 =
b1 >
0E
0)
#2970
0!
0'
#2975
1!
1'
b100 T
b110 7
b11 8
b1010000 =
14
b1000000 =
b10 >
1E
#2980
0!
0'
#2985
1!
1'
b101 T
b1100 7
b100 8
b1010000 =
04
b10000000 =
b11 >
0E
#2990
0!
0'
#2995
1!
1'
b110 T
b11000 7
b101 8
b1010000 =
14
b0 =
b100 >
1E
1)
#3000
0!
0'
#3005
1!
1'
b111 T
b110001 7
b110 8
b1010000 =
04
b0 =
b101 >
0E
#3010
0!
0'
#3015
1!
1'
b1000 T
b1100011 7
b111 8
b1010000 =
b0 =
b110 >
0)
#3020
0!
0'
#3025
1!
1'
b1001 T
b11000110 7
b1000 8
b1010000 =
b0 =
b111 >
#3030
0!
0'
#3035
1!
1'
b1010 T
b110001100 7
b1001 8
b1010000 =
b0 =
b1000 >
b0 >
0?
0:
#3040
0!
0'
#3045
1!
1'
b1011 T
b1100011000 7
b1010 8
b1010000 =
1?
#3050
0!
0'
#3055
1!
1'
b1100 T
b1000110000 7
b1011 8
15
b1100011000 6
b0 8
b10100000 =
b1 >
1F
1M
1L
1H
1G
#3060
0!
0'
#3065
1!
1'
b1101 T
b1100000 7
b1 8
05
b1010000 =
14
b1000000 =
b10 >
0F
1E
#3070
0!
0'
#3075
1!
1'
b1110 T
b11000000 7
b10 8
b1010000 =
04
b10000000 =
b11 >
0E
#3080
0!
0'
#3085
1!
1'
b1111 T
b110000000 7
b11 8
b1010000 =
14
b0 =
b100 >
1E
#3090
0!
0'
#3095
1!
1'
b10000 T
b1100000000 7
b100 8
b1010000 =
04
b0 =
b101 >
0E
#3100
0!
0'
#3105
1!
1'
b10001 T
b1000000000 7
b101 8
b1010000 =
b0 =
b110 >
#3110
0!
0'
#3115
1!
1'
b10010 T
b0 7
b110 8
b1010000 =
b0 =
b111 >
#3120
0!
0'
#3125
1!
1'
b10011 T
b111 8
b1010000 =
b0 =
b1000 >
b0 >
0?
#3130
0!
0'
#3135
1!
1'
b10100 T
b1000 8
b1010000 =
1?
#3140
0!
0'
#3145
1!
1'
b10101 T
b1001 8
b10100000 =
b1 >
0+
1*
b0 <
#3150
0!
0'
#3155
1!
1'
0U
b0 T
b0 ;
b1010 8
14
b1000000 =
b10 >
0Q
1E
0*
b1 <
#3160
0!
0'
#3165
1!
1'
1U
b1 ;
b0 6
b0 8
b0 >
0?
0M
0L
0H
0G
1S
1)
b11 <
#3170
0!
0'
#3175
1!
1'
b1 T
b11 ;
1R
#3180
0!
0'
#3185
1!
1'
b10 T
b1 7
b1 8
0)
#3190
0!
0'
#3195
1!
1'
b11 T
b10 7
b10 8
1)
#3200
0!
0'
#3205
1!
1'
b100 T
b101 7
b11 8
0)
#3210
0!
0'
#3215
1!
1'
b101 T
b1010 7
b100 8
#3220
0!
0'
#3225
1!
1'
b110 T
b10100 7
b101 8
#3230
0!
0'
#3235
1!
1'
b111 T
b101000 7
b110 8
1)
#3240
0!
0'
#3245
1!
1'
b1000 T
b1010001 7
b111 8
0)
#3250
0!
0'
#3255
1!
1'
b1001 T
b10100010 7
b1000 8
1)
#3260
0!
0'
#3265
1!
1'
b1010 T
b101000101 7
b1001 8
0)
#3270
0!
0'
#3275
1!
1'
b1011 T
b1010001010 7
b1010 8
#3280
0!
0'
#3285
1!
1'
b1100 T
b100010100 7
b1011 8
15
b1010001010 6
b0 8
1:
1F
1O
1M
1I
1G
1*
b0 <
#3290
0!
0'
#3295
1!
1'
0U
b0 T
b0 ;
b1000101000 7
b1 8
05
0S
0R
0F
0*
b1 <
#3300
0!
0'
#3305
1!
1'
1U
b1 ;
b0 6
b0 8
b0 7
0O
0M
0I
0G
1S
b10 <
#3310
0!
0'
#3315
1!
1'
b1 T
b10 ;
0S
1R
#3320
0!
0'
#3325
1!
1'
b10 T
b1 8
#3330
0!
0'
#3335
1!
1'
b11 T
b10 8
#3340
0!
0'
#3345
1!
1'
b100 T
b11 8
#3350
0!
0'
#3355
1!
1'
b101 T
b100 8
#3360
0!
0'
#3365
1!
1'
b110 T
b101 8
1)
#3370
0!
0'
#3375
1!
1'
b111 T
b1 7
b110 8
0)
#3380
0!
0'
#3385
1!
1'
b1000 T
b10 7
b111 8
1)
#3390
0!
0'
#3395
1!
1'
b1001 T
b101 7
b1000 8
#3400
0!
0'
#3405
1!
1'
b1010 T
b1011 7
b1001 8
0)
#3410
0!
0'
#3415
1!
1'
b1011 T
b10110 7
b1010 8
#3420
0!
0'
#3425
1!
1'
b1100 T
b101100 7
b1011 8
15
b10110 6
b0 8
1F
1O
1N
1L
1*
b0 <
#3430
0!
0'
#3435
1!
1'
0U
b0 T
b0 ;
b1011000 7
b1 8
05
0R
0F
0*
b1 <
#3440
0!
0'
#3445
1!
1'
1U
b1 ;
b0 6
b0 8
b0 7
0O
0N
0L
1S
b10 <
#3450
0!
0'
#3455
1!
1'
b1 T
b10 ;
0S
1R
#3460
0!
0'
#3465
1!
1'
b10 T
b1 8
1)
#3470
0!
0'
#3475
1!
1'
b11 T
b1 7
b10 8
0)
#3480
0!
0'
#3485
1!
1'
b100 T
b10 7
b11 8
1)
#3490
0!
0'
#3495
1!
1'
b101 T
b101 7
b100 8
#3500
0!
0'
#3505
1!
1'
b110 T
b1011 7
b101 8
0)
#3510
0!
0'
#3515
1!
1'
b111 T
b10110 7
b110 8
1)
#3520
0!
0'
#3525
1!
1'
b1000 T
b101101 7
b111 8
0)
#3530
0!
0'
#3535
1!
1'
b1001 T
b1011010 7
b1000 8
#3540
0!
0'
#3545
1!
1'
b1010 T
b10110100 7
b1001 8
1)
#3550
0!
0'
#3555
1!
1'
b1011 T
b101101001 7
b1010 8
#3560
0!
0'
#3565
1!
1'
b1100 T
b1011010011 7
b1011 8
15
b101101001 6
b0 8
1F
1P
1M
1K
1J
1H
1*
0)
b0 <
#3570
0!
0'
#3575
1!
1'
0U
b0 T
b0 ;
b110100110 7
b1 8
05
0R
0F
0*
b1 <
#3580
0!
0'
#3585
1!
1'
1U
b1 ;
b0 6
b0 8
b0 7
0P
0M
0K
0J
0H
1S
b10 <
#3590
0!
0'
#3595
1!
1'
b1 T
b10 ;
0S
1R
#3600
0!
0'
#3605
1!
1'
b10 T
b1 8
#3610
0!
0'
#3615
1!
1'
b11 T
b10 8
1)
#3620
0!
0'
#3625
1!
1'
b100 T
b1 7
b11 8
0)
#3630
0!
0'
#3635
1!
1'
b101 T
b10 7
b100 8
1)
#3640
0!
0'
#3645
1!
1'
b110 T
b101 7
b101 8
#3650
0!
0'
#3655
1!
1'
b111 T
b1011 7
b110 8
#3660
0!
0'
#3665
1!
1'
b1000 T
b10111 7
b111 8
#3670
0!
0'
#3675
1!
1'
b1001 T
b101111 7
b1000 8
#3680
0!
0'
#3685
1!
1'
b1010 T
b1011111 7
b1001 8
#3690
0!
0'
#3695
1!
1'
b1011 T
b10111111 7
b1010 8
#3700
0!
0'
#3705
1!
1'
b1100 T
b101111111 7
b1011 8
15
b10111111 6
b0 8
1F
1P
1O
1N
1M
1L
1K
1I
1*
0)
b0 <
#3710
0!
0'
#3715
1!
1'
0U
b0 T
b0 ;
b1011111110 7
b1 8
05
0R
0F
0*
b1 <
#3720
0!
0'
#3725
1!
1'
1U
b1 ;
b0 6
b0 8
b0 7
0P
0O
0N
0M
0L
0K
0I
1S
b10 <
#3730
0!
0'
#3735
1!
1'
b1 T
b10 ;
0S
1R
#3740
0!
0'
#3745
1!
1'
b10 T
b1 8
1)
#3750
0!
0'
#3755
1!
1'
b11 T
b1 7
b10 8
0)
#3760
0!
0'
#3765
1!
1'
b100 T
b10 7
b11 8
1)
#3770
0!
0'
#3775
1!
1'
b101 T
b101 7
b100 8
0)
#3780
0!
0'
#3785
1!
1'
b110 T
b1010 7
b101 8
#3790
0!
0'
#3795
1!
1'
b111 T
b10100 7
b110 8
1)
#3800
0!
0'
#3805
1!
1'
b1000 T
b101001 7
b111 8
#3810
0!
0'
#3815
1!
1'
b1001 T
b1010011 7
b1000 8
0)
#3820
0!
0'
#3825
1!
1'
b1010 T
b10100110 7
b1001 8
1)
#3830
0!
0'
#3835
1!
1'
b1011 T
b101001101 7
b1010 8
#3840
0!
0'
#3845
1!
1'
b1100 T
b1010011011 7
b1011 8
15
b101001101 6
b0 8
1F
1P
1N
1M
1J
1H
1*
0)
b0 <
#3850
0!
0'
#3855
1!
1'
0U
b0 T
b0 ;
b100110110 7
b1 8
05
0R
0F
0*
b1 <
#3860
0!
0'
#3865
1!
1'
1U
b1 ;
b0 6
b0 8
b0 7
0P
0N
0M
0J
0H
1S
b10 <
#3870
0!
0'
#3875
1!
1'
b1 T
b10 ;
0S
1R
#3880
0!
0'
#3885
1!
1'
b10 T
b1 8
1)
#3890
0!
0'
#3895
1!
1'
b11 T
b1 7
b10 8
#3900
0!
0'
#3905
1!
1'
b100 T
b11 7
b11 8
#3910
0!
0'
#3915
1!
1'
b101 T
b111 7
b100 8
#3920
0!
0'
#3925
1!
1'
b110 T
b1111 7
b101 8
0)
#3930
0!
0'
#3935
1!
1'
b111 T
b11110 7
b110 8
#3940
0!
0'
#3945
1!
1'
b1000 T
b111100 7
b111 8
1)
#3950
0!
0'
#3955
1!
1'
b1001 T
b1111001 7
b1000 8
#3960
0!
0'
#3965
1!
1'
b1010 T
b11110011 7
b1001 8
#3970
0!
0'
#3975
1!
1'
b1011 T
b111100111 7
b1010 8
#3980
0!
0'
#3985
1!
1'
b1100 T
b1111001111 7
b1011 8
15
b111100111 6
b0 8
1F
1P
1O
1N
1K
1J
1I
1H
1*
0)
b0 <
#3990
0!
0'
#3995
1!
1'
0U
b0 T
b0 ;
b1110011110 7
b1 8
05
0F
1+
12
11
10
0/
0R
0*
b1 <
#4000
0!
0'
#4005
1!
1'
1U
b1 ;
b0 6
b0 8
b0 7
0P
0O
0N
0K
0J
0I
0H
1S
1)
b100 <
#4010
0!
0'
#4015
1!
1'
b1 T
b100 ;
0S
1Q
#4020
0!
0'
#4025
1!
1'
b10 T
b1 7
b1 8
b1001110 =
1?
#4030
0!
0'
#4035
1!
1'
b11 T
b11 7
b10 8
04
b10011100 =
b1 >
0E
0)
#4040
0!
0'
#4045
1!
1'
b100 T
b110 7
b11 8
b1001110 =
14
b111000 =
b10 >
1E
#4050
0!
0'
#4055
1!
1'
b101 T
b1100 7
b100 8
b1001110 =
04
b1110000 =
b11 >
0E
1)
#4060
0!
0'
#4065
1!
1'
b110 T
b11001 7
b101 8
b1001110 =
b11100000 =
b100 >
0)
#4070
0!
0'
#4075
1!
1'
b111 T
b110010 7
b110 8
b1001110 =
14
b11000000 =
b101 >
1E
#4080
0!
0'
#4085
1!
1'
b1000 T
b1100100 7
b111 8
b1001110 =
b10000000 =
b110 >
1)
#4090
0!
0'
#4095
1!
1'
b1001 T
b11001001 7
b1000 8
b1001110 =
b0 =
b111 >
#4100
0!
0'
#4105
1!
1'
b1010 T
b110010011 7
b1001 8
b1001110 =
04
b0 =
b1000 >
b0 >
0?
0:
0E
#4110
0!
0'
#4115
1!
1'
b1011 T
b1100100111 7
b1010 8
b1001110 =
1?
#4120
0!
0'
#4125
1!
1'
b1100 T
b1001001111 7
b1011 8
15
b1100100111 6
b0 8
b10011100 =
b1 >
1F
1P
1O
1N
1K
1H
1G
#4130
0!
0'
#4135
1!
1'
b1101 T
b10011111 7
b1 8
05
b1001110 =
14
b111000 =
b10 >
0F
1E
#4140
0!
0'
#4145
1!
1'
b1110 T
b100111111 7
b10 8
b1001110 =
04
b1110000 =
b11 >
0E
#4150
0!
0'
#4155
1!
1'
b1111 T
b1001111111 7
b11 8
b1001110 =
b11100000 =
b100 >
#4160
0!
0'
#4165
1!
1'
b10000 T
b11111111 7
b100 8
b1001110 =
14
b11000000 =
b101 >
1E
#4170
0!
0'
#4175
1!
1'
b10001 T
b111111111 7
b101 8
b1001110 =
b10000000 =
b110 >
#4180
0!
0'
#4185
1!
1'
b10010 T
b1111111111 7
b110 8
b1001110 =
b0 =
b111 >
#4190
0!
0'
#4195
1!
1'
b10011 T
b111 8
b1001110 =
04
b0 =
b1000 >
b0 >
0?
0E
#4200
0!
0'
#4205
1!
1'
b10100 T
b1000 8
b1001110 =
1?
#4210
0!
0'
#4215
1!
1'
b10101 T
b1001 8
b10011100 =
b1 >
0+
1*
0)
b0 <
#4220
0!
0'
#4225
1!
1'
0U
b0 T
b0 ;
b1111111110 7
b1010 8
14
b111000 =
b10 >
0Q
1E
0*
b1 <
#4230
0!
0'
#4235
1!
1'
1U
b1 ;
b0 6
b0 8
b0 >
0?
b0 7
0P
0O
0N
0K
0H
0G
1S
b10 <
#4240
0!
0'
#4245
1!
1'
b1 T
b10 ;
0S
1R
#4250
0!
0'
#4255
1!
1'
b10 T
b1 8
1)
#4260
0!
0'
#4265
1!
1'
b11 T
b1 7
b10 8
#4270
0!
0'
#4275
1!
1'
b100 T
b11 7
b11 8
0)
#4280
0!
0'
#4285
1!
1'
b101 T
b110 7
b100 8
#4290
0!
0'
#4295
1!
1'
b110 T
b1100 7
b101 8
1)
#4300
0!
0'
#4305
1!
1'
b111 T
b11001 7
b110 8
#4310
0!
0'
#4315
1!
1'
b1000 T
b110011 7
b111 8
#4320
0!
0'
#4325
1!
1'
b1001 T
b1100111 7
b1000 8
0)
#4330
0!
0'
#4335
1!
1'
b1010 T
b11001110 7
b1001 8
#4340
0!
0'
#4345
1!
1'
b1011 T
b110011100 7
b1010 8
#4350
0!
0'
#4355
1!
1'
b1100 T
b1100111000 7
b1011 8
15
b110011100 6
b0 8
1F
1N
1M
1L
1I
1H
1*
b0 <
#4360
0!
0'
#4365
1!
1'
0U
b0 T
b0 ;
b1001110000 7
b1 8
05
0F
1+
01
0-
1,
0R
0*
b1 <
#4370
0!
0'
#4375
1!
1'
1U
b1 ;
b0 6
b0 8
b0 7
0N
0M
0L
0I
0H
1S
1)
b11 <
#4380
0!
0'
#4385
1!
1'
b1 T
b11 ;
1R
#4390
0!
0'
#4395
1!
1'
b10 T
b1 7
b1 8
#4400
0!
0'
#4405
1!
1'
b11 T
b11 7
b10 8
0)
#4410
0!
0'
#4415
1!
1'
b100 T
b110 7
b11 8
1)
#4420
0!
0'
#4425
1!
1'
b101 T
b1101 7
b100 8
#4430
0!
0'
#4435
1!
1'
b110 T
b11011 7
b101 8
0)
#4440
0!
0'
#4445
1!
1'
b111 T
b110110 7
b110 8
1)
#4450
0!
0'
#4455
1!
1'
b1000 T
b1101101 7
b111 8
#4460
0!
0'
#4465
1!
1'
b1001 T
b11011011 7
b1000 8
0)
#4470
0!
0'
#4475
1!
1'
b1010 T
b110110110 7
b1001 8
#4480
0!
0'
#4485
1!
1'
b1011 T
b1101101100 7
b1010 8
#4490
0!
0'
#4495
1!
1'
b1100 T
b1011011000 7
b1011 8
15
b1101101100 6
b0 8
1:
1F
1N
1M
1K
1J
1H
1G
#4500
0!
0'
#4505
1!
1'
b1101 T
b110110000 7
b1 8
05
0F
#4510
0!
0'
#4515
1!
1'
b1110 T
b1101100000 7
b10 8
#4520
0!
0'
#4525
1!
1'
b1111 T
b1011000000 7
b11 8
#4530
0!
0'
#4535
1!
1'
b10000 T
b110000000 7
b100 8
#4540
0!
0'
#4545
1!
1'
b10001 T
b1100000000 7
b101 8
#4550
0!
0'
#4555
1!
1'
b10010 T
b1000000000 7
b110 8
#4560
0!
0'
#4565
1!
1'
b10011 T
b0 7
b111 8
#4570
0!
0'
#4575
1!
1'
b10100 T
b1000 8
#4580
0!
0'
#4585
1!
1'
b10101 T
b1001 8
0+
1*
b0 <
#4590
0!
0'
#4595
1!
1'
0U
b0 T
b0 ;
b1010 8
0S
0R
0*
b1 <
#4600
0!
0'
#4605
1!
1'
1U
b1 ;
b0 6
b0 8
0N
0M
0K
0J
0H
0G
1S
b10 <
#4610
0!
0'
#4615
1!
1'
b1 T
b10 ;
0S
1R
#4620
0!
0'
#4625
1!
1'
b10 T
b1 8
1)
#4630
0!
0'
#4635
1!
1'
b11 T
b1 7
b10 8
#4640
0!
0'
#4645
1!
1'
b100 T
b11 7
b11 8
#4650
0!
0'
#4655
1!
1'
b101 T
b111 7
b100 8
#4660
0!
0'
#4665
1!
1'
b110 T
b1111 7
b101 8
#4670
0!
0'
#4675
1!
1'
b111 T
b11111 7
b110 8
#4680
0!
0'
#4685
1!
1'
b1000 T
b111111 7
b111 8
0)
#4690
0!
0'
#4695
1!
1'
b1001 T
b1111110 7
b1000 8
#4700
0!
0'
#4705
1!
1'
b1010 T
b11111100 7
b1001 8
#4710
0!
0'
#4715
1!
1'
b1011 T
b111111000 7
b1010 8
#4720
0!
0'
#4725
1!
1'
b1100 T
b1111110000 7
b1011 8
15
b111111000 6
b0 8
1F
1M
1L
1K
1J
1I
1H
1*
b0 <
#4730
0!
0'
#4735
1!
1'
0U
b0 T
b0 ;
b1111100000 7
b1 8
05
0R
0F
0*
b1 <
#4740
0!
0'
#4745
1!
1'
1U
b1 ;
b0 6
b0 8
b0 7
0M
0L
0K
0J
0I
0H
1S
b10 <
#4750
0!
0'
#4755
1!
1'
b1 T
b10 ;
0S
1R
#4760
0!
0'
#4765
1!
1'
b10 T
b1 8
1)
#4770
0!
0'
#4775
1!
1'
b11 T
b1 7
b10 8
0)
#4780
0!
0'
#4785
1!
1'
b100 T
b10 7
b11 8
1)
#4790
0!
0'
#4795
1!
1'
b101 T
b101 7
b100 8
#4800
0!
0'
#4805
1!
1'
b110 T
b1011 7
b101 8
0)
#4810
0!
0'
#4815
1!
1'
b111 T
b10110 7
b110 8
#4820
0!
0'
#4825
1!
1'
b1000 T
b101100 7
b111 8
#4830
0!
0'
#4835
1!
1'
b1001 T
b1011000 7
b1000 8
1)
#4840
0!
0'
#4845
1!
1'
b1010 T
b10110001 7
b1001 8
0)
#4850
0!
0'
#4855
1!
1'
b1011 T
b101100010 7
b1010 8
#4860
0!
0'
#4865
1!
1'
b1100 T
b1011000100 7
b1011 8
15
b101100010 6
b0 8
1F
1O
1K
1J
1H
1*
b0 <
#4870
0!
0'
#4875
1!
1'
0U
b0 T
b0 ;
b110001000 7
b1 8
05
0R
0F
0*
b1 <
#4880
0!
0'
#4885
1!
1'
1U
b1 ;
b0 6
b0 8
b0 7
0O
0K
0J
0H
1S
b10 <
#4890
0!
0'
#4895
1!
1'
b1 T
b10 ;
0S
1R
#4900
0!
0'
#4905
1!
1'
b10 T
b1 8
1)
#4910
0!
0'
#4915
1!
1'
b11 T
b1 7
b10 8
#4920
0!
0'
#4925
1!
1'
b100 T
b11 7
b11 8
#4930
0!
0'
#4935
1!
1'
b101 T
b111 7
b100 8
#4940
0!
0'
#4945
1!
1'
b110 T
b1111 7
b101 8
0)
#4950
0!
0'
#4955
1!
1'
b111 T
b11110 7
b110 8
#4960
0!
0'
#4965
1!
1'
b1000 T
b111100 7
b111 8
1)
#4970
0!
0'
#4975
1!
1'
b1001 T
b1111001 7
b1000 8
#4980
0!
0'
#4985
1!
1'
b1010 T
b11110011 7
b1001 8
0)
#4990
0!
0'
#4995
1!
1'
b1011 T
b111100110 7
b1010 8
#5000
0!
0'
#5005
1!
1'
b1100 T
b1111001100 7
b1011 8
15
b111100110 6
b0 8
1F
1O
1N
1K
1J
1I
1H
1*
b0 <
#5010
0!
0'
#5015
1!
1'
0U
b0 T
b0 ;
b1110011000 7
b1 8
05
0R
0F
0*
b1 <
#5020
0!
0'
#5025
1!
1'
1U
b1 ;
b0 6
b0 8
b0 7
0O
0N
0K
0J
0I
0H
1S
b10 <
#5030
0!
0'
#5035
1!
1'
b1 T
b10 ;
0S
1R
#5040
0!
0'
#5045
1!
1'
b10 T
b1 8
#5050
0!
0'
#5055
1!
1'
b11 T
b10 8
1)
#5060
0!
0'
#5065
1!
1'
b100 T
b1 7
b11 8
#5070
0!
0'
#5075
1!
1'
b101 T
b11 7
b100 8
0)
#5080
0!
0'
#5085
1!
1'
b110 T
b110 7
b101 8
1)
#5090
0!
0'
#5095
1!
1'
b111 T
b1101 7
b110 8
#5100
0!
0'
#5105
1!
1'
b1000 T
b11011 7
b111 8
0)
#5110
0!
0'
#5115
1!
1'
b1001 T
b110110 7
b1000 8
1)
#5120
0!
0'
#5125
1!
1'
b1010 T
b1101101 7
b1001 8
#5130
0!
0'
#5135
1!
1'
b1011 T
b11011011 7
b1010 8
#5140
0!
0'
#5145
1!
1'
b1100 T
b110110111 7
b1011 8
15
b11011011 6
b0 8
1F
1P
1O
1M
1L
1J
1I
1*
0)
b0 <
#5150
0!
0'
#5155
1!
1'
0U
b0 T
b0 ;
b1101101110 7
b1 8
05
0R
0F
0*
b1 <
#5160
0!
0'
#5165
1!
1'
1U
b1 ;
b0 6
b0 8
b0 7
0P
0O
0M
0L
0J
0I
1S
b10 <
#5170
0!
0'
#5175
1!
1'
b1 T
b10 ;
0S
1R
#5180
0!
0'
#5185
1!
1'
b10 T
b1 8
#5190
0!
0'
#5195
1!
1'
b11 T
b10 8
#5200
0!
0'
#5205
1!
1'
b100 T
b11 8
1)
#5210
0!
0'
#5215
1!
1'
b101 T
b1 7
b100 8
#5220
0!
0'
#5225
1!
1'
b110 T
b11 7
b101 8
0)
#5230
0!
0'
#5235
1!
1'
b111 T
b110 7
b110 8
1)
#5240
0!
0'
#5245
1!
1'
b1000 T
b1101 7
b111 8
#5250
0!
0'
#5255
1!
1'
b1001 T
b11011 7
b1000 8
0)
#5260
0!
0'
#5265
1!
1'
b1010 T
b110110 7
b1001 8
1)
#5270
0!
0'
#5275
1!
1'
b1011 T
b1101101 7
b1010 8
#5280
0!
0'
#5285
1!
1'
b1100 T
b11011011 7
b1011 8
15
b1101101 6
b0 8
1F
1P
1N
1M
1K
1J
1*
0)
b0 <
#5290
0!
0'
#5295
1!
1'
0U
b0 T
b0 ;
b110110110 7
b1 8
05
0F
1+
02
11
1.
1-
0R
0*
b1 <
#5300
0!
0'
#5305
1!
1'
1U
b1 ;
b0 6
b0 8
b0 7
0P
0N
0M
0K
0J
1S
1)
b100 <
#5310
0!
0'
#5315
1!
1'
b1 T
b100 ;
0S
1Q
#5320
0!
0'
#5325
1!
1'
b10 T
b1 7
b1 8
b11101100 =
1?
#5330
0!
0'
#5335
1!
1'
b11 T
b11 7
b10 8
b11011000 =
b1 >
#5340
0!
0'
#5345
1!
1'
b100 T
b111 7
b11 8
b11101100 =
b10110000 =
b10 >
#5350
0!
0'
#5355
1!
1'
b101 T
b1111 7
b100 8
b11101100 =
b1100000 =
b11 >
#5360
0!
0'
#5365
1!
1'
b110 T
b11111 7
b101 8
b11101100 =
04
b11000000 =
b100 >
0E
#5370
0!
0'
#5375
1!
1'
b111 T
b111111 7
b110 8
b11101100 =
14
b10000000 =
b101 >
1E
#5380
0!
0'
#5385
1!
1'
b1000 T
b1111111 7
b111 8
b11101100 =
b0 =
b110 >
#5390
0!
0'
#5395
1!
1'
b1001 T
b11111111 7
b1000 8
b11101100 =
04
b0 =
b111 >
0E
0)
#5400
0!
0'
#5405
1!
1'
b1010 T
b111111110 7
b1001 8
b11101100 =
b0 =
b1000 >
b0 >
0?
0:
#5410
0!
0'
#5415
1!
1'
b1011 T
b1111111100 7
b1010 8
b11101100 =
1?
#5420
0!
0'
#5425
1!
1'
b1100 T
b1111111000 7
b1011 8
15
b1111111100 6
b0 8
14
b11011000 =
b1 >
1F
1N
1M
1L
1K
1J
1I
1H
1G
1E
#5430
0!
0'
#5435
1!
1'
b1101 T
b1111110000 7
b1 8
05
b11101100 =
b10110000 =
b10 >
0F
#5440
0!
0'
#5445
1!
1'
b1110 T
b1111100000 7
b10 8
b11101100 =
b1100000 =
b11 >
#5450
0!
0'
#5455
1!
1'
b1111 T
b1111000000 7
b11 8
b11101100 =
04
b11000000 =
b100 >
0E
#5460
0!
0'
#5465
1!
1'
b10000 T
b1110000000 7
b100 8
b11101100 =
14
b10000000 =
b101 >
1E
#5470
0!
0'
#5475
1!
1'
b10001 T
b1100000000 7
b101 8
b11101100 =
b0 =
b110 >
#5480
0!
0'
#5485
1!
1'
b10010 T
b1000000000 7
b110 8
b11101100 =
04
b0 =
b111 >
0E
#5490
0!
0'
#5495
1!
1'
b10011 T
b0 7
b111 8
b11101100 =
b0 =
b1000 >
b0 >
0?
#5500
0!
0'
#5505
1!
1'
b10100 T
b1000 8
b11101100 =
1?
#5510
0!
0'
#5515
1!
1'
b10101 T
b1001 8
14
b11011000 =
b1 >
1E
0+
1*
b0 <
#5520
0!
0'
#5525
1!
1'
0U
b0 T
b0 ;
b1010 8
b10110000 =
b10 >
1+
13
01
00
0-
0,
0Q
0*
b1 <
#5530
0!
0'
#5535
1!
1'
1U
b1 ;
b0 6
b0 8
b0 >
0?
0N
0M
0L
0K
0J
0I
0H
0G
1S
1)
b11 <
#5540
0!
0'
#5545
1!
1'
b1 T
b11 ;
1R
#5550
0!
0'
#5555
1!
1'
b10 T
b1 7
b1 8
#5560
0!
0'
#5565
1!
1'
b11 T
b11 7
b10 8
#5570
0!
0'
#5575
1!
1'
b100 T
b111 7
b11 8
#5580
0!
0'
#5585
1!
1'
b101 T
b1111 7
b100 8
0)
#5590
0!
0'
#5595
1!
1'
b110 T
b11110 7
b101 8
#5600
0!
0'
#5605
1!
1'
b111 T
b111100 7
b110 8
1)
#5610
0!
0'
#5615
1!
1'
b1000 T
b1111001 7
b111 8
0)
#5620
0!
0'
#5625
1!
1'
b1001 T
b11110010 7
b1000 8
1)
#5630
0!
0'
#5635
1!
1'
b1010 T
b111100101 7
b1001 8
0)
#5640
0!
0'
#5645
1!
1'
b1011 T
b1111001010 7
b1010 8
#5650
0!
0'
#5655
1!
1'
b1100 T
b1110010100 7
b1011 8
15
b1111001010 6
b0 8
1:
1F
1O
1M
1J
1I
1H
1G
#5660
0!
0'
#5665
1!
1'
b1101 T
b1100101000 7
b1 8
05
0F
#5670
0!
0'
#5675
1!
1'
b1110 T
b1001010000 7
b10 8
#5680
0!
0'
#5685
1!
1'
b1111 T
b10100000 7
b11 8
#5690
0!
0'
#5695
1!
1'
b10000 T
b101000000 7
b100 8
#5700
0!
0'
#5705
1!
1'
b10001 T
b1010000000 7
b101 8
#5710
0!
0'
#5715
1!
1'
b10010 T
b100000000 7
b110 8
#5720
0!
0'
#5725
1!
1'
b10011 T
b1000000000 7
b111 8
#5730
0!
0'
#5735
1!
1'
b10100 T
b0 7
b1000 8
#5740
0!
0'
#5745
1!
1'
b10101 T
b1001 8
0+
1*
b0 <
#5750
0!
0'
#5755
1!
1'
0U
b0 T
b0 ;
b1010 8
1+
0.
1,
0S
0R
0*
b1 <
#5760
0!
0'
#5765
1!
1'
1U
b1 ;
b0 6
b0 8
0O
0M
0J
0I
0H
0G
1S
1)
b100 <
#5770
0!
0'
#5775
1!
1'
b1 T
b100 ;
0S
1Q
#5780
0!
0'
#5785
1!
1'
b10 T
b1 7
b1 8
b10000001 =
1?
#5790
0!
0'
#5795
1!
1'
b11 T
b11 7
b10 8
b10 =
b1 >
0)
#5800
0!
0'
#5805
1!
1'
b100 T
b110 7
b11 8
b10000001 =
04
b100 =
b10 >
0E
#5810
0!
0'
#5815
1!
1'
b101 T
b1100 7
b100 8
b10000001 =
b1000 =
b11 >
#5820
0!
0'
#5825
1!
1'
b110 T
b11000 7
b101 8
b10000001 =
b10000 =
b100 >
1)
#5830
0!
0'
#5835
1!
1'
b111 T
b110001 7
b110 8
b10000001 =
b100000 =
b101 >
#5840
0!
0'
#5845
1!
1'
b1000 T
b1100011 7
b111 8
b10000001 =
b1000000 =
b110 >
0)
#5850
0!
0'
#5855
1!
1'
b1001 T
b11000110 7
b1000 8
b10000001 =
b10000000 =
b111 >
#5860
0!
0'
#5865
1!
1'
b1010 T
b110001100 7
b1001 8
b10000001 =
14
b0 =
b1000 >
b0 >
0?
0:
1E
#5870
0!
0'
#5875
1!
1'
b1011 T
b1100011000 7
b1010 8
b10000001 =
1?
#5880
0!
0'
#5885
1!
1'
b1100 T
b1000110000 7
b1011 8
15
b1100011000 6
b0 8
b10 =
b1 >
1F
1M
1L
1H
1G
#5890
0!
0'
#5895
1!
1'
b1101 T
b1100000 7
b1 8
05
b10000001 =
04
b100 =
b10 >
0F
0E
#5900
0!
0'
#5905
1!
1'
b1110 T
b11000000 7
b10 8
b10000001 =
b1000 =
b11 >
#5910
0!
0'
#5915
1!
1'
b1111 T
b110000000 7
b11 8
b10000001 =
b10000 =
b100 >
#5920
0!
0'
#5925
1!
1'
b10000 T
b1100000000 7
b100 8
b10000001 =
b100000 =
b101 >
#5930
0!
0'
#5935
1!
1'
b10001 T
b1000000000 7
b101 8
b10000001 =
b1000000 =
b110 >
#5940
0!
0'
#5945
1!
1'
b10010 T
b0 7
b110 8
b10000001 =
b10000000 =
b111 >
#5950
0!
0'
#5955
1!
1'
b10011 T
b111 8
b10000001 =
14
b0 =
b1000 >
b0 >
0?
1E
#5960
0!
0'
#5965
1!
1'
b10100 T
b1000 8
b10000001 =
1?
#5970
0!
0'
#5975
1!
1'
b10101 T
b1001 8
b10 =
b1 >
0+
1*
b0 <
#5980
0!
0'
#5985
1!
1'
0U
b0 T
b0 ;
b1010 8
04
b100 =
b10 >
0Q
0E
0*
b1 <
#5990
0!
0'
#5995
1!
1'
1U
b1 ;
b0 6
b0 8
b0 >
0?
0M
0L
0H
0G
1S
b10 <
#6000
0!
0'
#6005
1!
1'
b1 T
b10 ;
0S
1R
#6010
0!
0'
#6015
1!
1'
b10 T
b1 8
1)
#6020
0!
0'
#6025
1!
1'
b11 T
b1 7
b10 8
#6030
0!
0'
#6035
1!
1'
b100 T
b11 7
b11 8
#6040
0!
0'
#6045
1!
1'
b101 T
b111 7
b100 8
0)
#6050
0!
0'
#6055
1!
1'
b110 T
b1110 7
b101 8
#6060
0!
0'
#6065
1!
1'
b111 T
b11100 7
b110 8
1)
#6070
0!
0'
#6075
1!
1'
b1000 T
b111001 7
b111 8
#6080
0!
0'
#6085
1!
1'
b1001 T
b1110011 7
b1000 8
#6090
0!
0'
#6095
1!
1'
b1010 T
b11100111 7
b1001 8
#6100
0!
0'
#6105
1!
1'
b1011 T
b111001111 7
b1010 8
#6110
0!
0'
#6115
1!
1'
b1100 T
b1110011111 7
b1011 8
15
b111001111 6
b0 8
1F
1P
1O
1N
1M
1J
1I
1H
1*
0)
b0 <
#6120
0!
0'
#6125
1!
1'
0U
b0 T
b0 ;
b1100111110 7
b1 8
05
0F
1+
03
12
10
1-
0,
0R
0*
b1 <
#6130
0!
0'
#6135
1!
1'
1U
b1 ;
b0 6
b0 8
b0 7
0P
0O
0N
0M
0J
0I
0H
1S
1)
b11 <
#6140
0!
0'
#6145
1!
1'
b1 T
b11 ;
1R
#6150
0!
0'
#6155
1!
1'
b10 T
b1 7
b1 8
#6160
0!
0'
#6165
1!
1'
b11 T
b11 7
b10 8
0)
#6170
0!
0'
#6175
1!
1'
b100 T
b110 7
b11 8
1)
#6180
0!
0'
#6185
1!
1'
b101 T
b1101 7
b100 8
0)
#6190
0!
0'
#6195
1!
1'
b110 T
b11010 7
b101 8
1)
#6200
0!
0'
#6205
1!
1'
b111 T
b110101 7
b110 8
0)
#6210
0!
0'
#6215
1!
1'
b1000 T
b1101010 7
b111 8
1)
#6220
0!
0'
#6225
1!
1'
b1001 T
b11010101 7
b1000 8
#6230
0!
0'
#6235
1!
1'
b1010 T
b110101011 7
b1001 8
#6240
0!
0'
#6245
1!
1'
b1011 T
b1101010111 7
b1010 8
#6250
0!
0'
#6255
1!
1'
b1100 T
b1010101111 7
b1011 8
15
b1101010111 6
b0 8
1:
1F
1P
1O
1N
1L
1J
1H
1G
#6260
0!
0'
#6265
1!
1'
b1101 T
b101011111 7
b1 8
05
0F
#6270
0!
0'
#6275
1!
1'
b1110 T
b1010111111 7
b10 8
#6280
0!
0'
#6285
1!
1'
b1111 T
b101111111 7
b11 8
#6290
0!
0'
#6295
1!
1'
b10000 T
b1011111111 7
b100 8
#6300
0!
0'
#6305
1!
1'
b10001 T
b111111111 7
b101 8
#6310
0!
0'
#6315
1!
1'
b10010 T
b1111111111 7
b110 8
#6320
0!
0'
#6325
1!
1'
b10011 T
b111 8
#6330
0!
0'
#6335
1!
1'
b10100 T
b1000 8
#6340
0!
0'
#6345
1!
1'
b10101 T
b1001 8
0+
1*
0)
b0 <
#6350
0!
0'
#6355
1!
1'
0U
b0 T
b0 ;
b1111111110 7
b1010 8
0S
0R
0*
b1 <
#6360
0!
0'
#6365
1!
1'
1U
b1 ;
b0 6
b0 8
b0 7
0P
0O
0N
0L
0J
0H
0G
1S
b10 <
#6370
0!
0'
#6375
1!
1'
b1 T
b10 ;
0S
1R
#6380
0!
0'
#6385
1!
1'
b10 T
b1 8
#6390
0!
0'
#6395
1!
1'
b11 T
b10 8
#6400
0!
0'
#6405
1!
1'
b100 T
b11 8
1)
#6410
0!
0'
#6415
1!
1'
b101 T
b1 7
b100 8
#6420
0!
0'
#6425
1!
1'
b110 T
b11 7
b101 8
0)
#6430
0!
0'
#6435
1!
1'
b111 T
b110 7
b110 8
1)
#6440
0!
0'
#6445
1!
1'
b1000 T
b1101 7
b111 8
0)
#6450
0!
0'
#6455
1!
1'
b1001 T
b11010 7
b1000 8
1)
#6460
0!
0'
#6465
1!
1'
b1010 T
b110101 7
b1001 8
0)
#6470
0!
0'
#6475
1!
1'
b1011 T
b1101010 7
b1010 8
#6480
0!
0'
#6485
1!
1'
b1100 T
b11010100 7
b1011 8
15
b1101010 6
b0 8
1F
1O
1M
1K
1J
1*
b0 <
#6490
0!
0'
#6495
1!
1'
0U
b0 T
b0 ;
b110101000 7
b1 8
05
0R
0F
0*
b1 <
#6500
0!
0'
#6505
1!
1'
1U
b1 ;
b0 6
b0 8
b0 7
0O
0M
0K
0J
1S
b10 <
#6510
0!
0'
#6515
1!
1'
b1 T
b10 ;
0S
1R
#6520
0!
0'
#6525
1!
1'
b10 T
b1 8
#6530
0!
0'
#6535
1!
1'
b11 T
b10 8
#6540
0!
0'
#6545
1!
1'
b100 T
b11 8
1)
#6550
0!
0'
#6555
1!
1'
b101 T
b1 7
b100 8
0)
#6560
0!
0'
#6565
1!
1'
b110 T
b10 7
b101 8
1)
#6570
0!
0'
#6575
1!
1'
b111 T
b101 7
b110 8
#6580
0!
0'
#6585
1!
1'
b1000 T
b1011 7
b111 8
0)
#6590
0!
0'
#6595
1!
1'
b1001 T
b10110 7
b1000 8
#6600
0!
0'
#6605
1!
1'
b1010 T
b101100 7
b1001 8
#6610
0!
0'
#6615
1!
1'
b1011 T
b1011000 7
b1010 8
#6620
0!
0'
#6625
1!
1'
b1100 T
b10110000 7
b1011 8
15
b1011000 6
b0 8
1F
1M
1L
1J
1*
b0 <
#6630
0!
0'
#6635
1!
1'
0U
b0 T
b0 ;
b101100000 7
b1 8
05
0R
0F
0*
b1 <
#6640
0!
0'
#6645
1!
1'
1U
b1 ;
b0 6
b0 8
b0 7
0M
0L
0J
1S
b10 <
#6650
0!
0'
#6655
1!
1'
b1 T
b10 ;
0S
1R
#6660
0!
0'
#6665
1!
1'
b10 T
b1 8
1)
#6670
0!
0'
#6675
1!
1'
b11 T
b1 7
b10 8
#6680
0!
0'
#6685
1!
1'
b100 T
b11 7
b11 8
#6690
0!
0'
#6695
1!
1'
b101 T
b111 7
b100 8
0)
#6700
0!
0'
#6705
1!
1'
b110 T
b1110 7
b101 8
#6710
0!
0'
#6715
1!
1'
b111 T
b11100 7
b110 8
#6720
0!
0'
#6725
1!
1'
b1000 T
b111000 7
b111 8
#6730
0!
0'
#6735
1!
1'
b1001 T
b1110000 7
b1000 8
1)
#6740
0!
0'
#6745
1!
1'
b1010 T
b11100001 7
b1001 8
#6750
0!
0'
#6755
1!
1'
b1011 T
b111000011 7
b1010 8
#6760
0!
0'
#6765
1!
1'
b1100 T
b1110000111 7
b1011 8
15
b111000011 6
b0 8
1F
1P
1O
1J
1I
1H
1*
0)
b0 <
#6770
0!
0'
#6775
1!
1'
0U
b0 T
b0 ;
b1100001110 7
b1 8
05
0R
0F
0*
b1 <
#6780
0!
0'
#6785
1!
1'
1U
b1 ;
b0 6
b0 8
b0 7
0P
0O
0J
0I
0H
1S
1)
b100 <
#6790
0!
0'
#6795
1!
1'
b1 T
b100 ;
0S
1Q
#6800
0!
0'
#6805
1!
1'
b10 T
b1 7
b1 8
0)
#6810
0!
0'
#6815
1!
1'
b11 T
b10 7
b10 8
#6820
0!
0'
#6825
1!
1'
b100 T
b100 7
b11 8
#6830
0!
0'
#6835
1!
1'
b101 T
b1000 7
b100 8
1)
#6840
0!
0'
#6845
1!
1'
b110 T
b10001 7
b101 8
#6850
0!
0'
#6855
1!
1'
b111 T
b100011 7
b110 8
0)
#6860
0!
0'
#6865
1!
1'
b1000 T
b1000110 7
b111 8
1)
#6870
0!
0'
#6875
1!
1'
b1001 T
b10001101 7
b1000 8
#6880
0!
0'
#6885
1!
1'
b1010 T
b100011011 7
b1001 8
0)
#6890
0!
0'
#6895
1!
1'
b1011 T
b1000110110 7
b1010 8
#6900
0!
0'
#6905
1!
1'
b1100 T
b1101100 7
b1011 8
15
b1000110110 6
b0 8
1F
1O
1N
1L
1K
1G
1*
b0 <
#6910
0!
0'
#6915
1!
1'
0U
b0 T
b0 ;
b11011000 7
b1 8
05
0Q
0F
0*
b1 <
#6920
0!
0'
#6925
1!
1'
1U
b1 ;
b0 6
b0 8
b0 7
0O
0N
0L
0K
0G
1S
b10 <
#6930
0!
0'
#6935
1!
1'
b1 T
b10 ;
0S
1R
#6940
0!
0'
#6945
1!
1'
b10 T
b1 8
1)
#6950
0!
0'
#6955
1!
1'
b11 T
b1 7
b10 8
0)
#6960
0!
0'
#6965
1!
1'
b100 T
b10 7
b11 8
#6970
0!
0'
#6975
1!
1'
b101 T
b100 7
b100 8
#6980
0!
0'
#6985
1!
1'
b110 T
b1000 7
b101 8
1)
#6990
0!
0'
#6995
1!
1'
b111 T
b10001 7
b110 8
0)
#7000
0!
0'
#7005
1!
1'
b1000 T
b100010 7
b111 8
1)
#7010
0!
0'
#7015
1!
1'
b1001 T
b1000101 7
b1000 8
0)
#7020
0!
0'
#7025
1!
1'
b1010 T
b10001010 7
b1001 8
#7030
0!
0'
#7035
1!
1'
b1011 T
b100010100 7
b1010 8
#7040
0!
0'
#7045
1!
1'
b1100 T
b1000101000 7
b1011 8
15
b100010100 6
b0 8
1F
1N
1L
1H
1*
b0 <
#7050
0!
0'
#7055
1!
1'
0U
b0 T
b0 ;
b1010000 7
b1 8
05
0R
0F
0*
b1 <
#7060
0!
0'
#7065
1!
1'
1U
b1 ;
b0 6
b0 8
b0 7
0N
0L
0H
1S
1)
b100 <
#7070
0!
0'
#7075
1!
1'
b1 T
b100 ;
0S
1Q
#7080
0!
0'
#7085
1!
1'
b10 T
b1 7
b1 8
0)
#7090
0!
0'
#7095
1!
1'
b11 T
b10 7
b10 8
1)
#7100
0!
0'
#7105
1!
1'
b100 T
b101 7
b11 8
0)
#7110
0!
0'
#7115
1!
1'
b101 T
b1010 7
b100 8
#7120
0!
0'
#7125
1!
1'
b110 T
b10100 7
b101 8
#7130
0!
0'
#7135
1!
1'
b111 T
b101000 7
b110 8
1)
#7140
0!
0'
#7145
1!
1'
b1000 T
b1010001 7
b111 8
#7150
0!
0'
#7155
1!
1'
b1001 T
b10100011 7
b1000 8
0)
#7160
0!
0'
#7165
1!
1'
b1010 T
b101000110 7
b1001 8
1)
#7170
0!
0'
#7175
1!
1'
b1011 T
b1010001101 7
b1010 8
#7180
0!
0'
#7185
1!
1'
b1100 T
b100011011 7
b1011 8
15
b1010001101 6
b0 8
1F
1P
1N
1M
1I
1G
1*
0)
b0 <
#7190
0!
0'
#7195
1!
1'
0U
b0 T
b0 ;
b1000110110 7
b1 8
05
0Q
0F
0*
b1 <
#7200
0!
0'
#7205
1!
1'
1U
b1 ;
b0 6
b0 8
b0 7
0P
0N
0M
0I
0G
1S
b10 <
#7210
0!
0'
#7215
1!
1'
b1 T
b10 ;
0S
1R
#7220
0!
0'
#7225
1!
1'
b10 T
b1 8
#7230
0!
0'
#7235
1!
1'
b11 T
b10 8
1)
#7240
0!
0'
#7245
1!
1'
b100 T
b1 7
b11 8
0)
#7250
0!
0'
#7255
1!
1'
b101 T
b10 7
b100 8
1)
#7260
0!
0'
#7265
1!
1'
b110 T
b101 7
b101 8
#7270
0!
0'
#7275
1!
1'
b111 T
b1011 7
b110 8
#7280
0!
0'
#7285
1!
1'
b1000 T
b10111 7
b111 8
0)
#7290
0!
0'
#7295
1!
1'
b1001 T
b101110 7
b1000 8
#7300
0!
0'
#7305
1!
1'
b1010 T
b1011100 7
b1001 8
1)
#7310
0!
0'
#7315
1!
1'
b1011 T
b10111001 7
b1010 8
#7320
0!
0'
#7325
1!
1'
b1100 T
b101110011 7
b1011 8
15
b10111001 6
b0 8
1F
1P
1M
1L
1K
1I
1*
0)
b0 <
#7330
0!
0'
#7335
1!
1'
0U
b0 T
b0 ;
b1011100110 7
b1 8
05
0R
0F
0*
b1 <
#7340
0!
0'
#7345
1!
1'
1U
b1 ;
b0 6
b0 8
b0 7
0P
0M
0L
0K
0I
1S
b10 <
#7350
0!
0'
#7355
1!
1'
b1 T
b10 ;
0S
1R
#7360
0!
0'
#7365
1!
1'
b10 T
b1 8
1)
#7370
0!
0'
#7375
1!
1'
b11 T
b1 7
b10 8
0)
#7380
0!
0'
#7385
1!
1'
b100 T
b10 7
b11 8
#7390
0!
0'
#7395
1!
1'
b101 T
b100 7
b100 8
1)
#7400
0!
0'
#7405
1!
1'
b110 T
b1001 7
b101 8
0)
#7410
0!
0'
#7415
1!
1'
b111 T
b10010 7
b110 8
#7420
0!
0'
#7425
1!
1'
b1000 T
b100100 7
b111 8
1)
#7430
0!
0'
#7435
1!
1'
b1001 T
b1001001 7
b1000 8
0)
#7440
0!
0'
#7445
1!
1'
b1010 T
b10010010 7
b1001 8
1)
#7450
0!
0'
#7455
1!
1'
b1011 T
b100100101 7
b1010 8
#7460
0!
0'
#7465
1!
1'
b1100 T
b1001001011 7
b1011 8
15
b100100101 6
b0 8
1F
1P
1N
1K
1H
1*
0)
b0 <
#7470
0!
0'
#7475
1!
1'
0U
b0 T
b0 ;
b10010110 7
b1 8
05
0F
1+
1/
1.
1,
0R
0*
b1 <
#7480
0!
0'
#7485
1!
1'
1U
b1 ;
b0 6
b0 8
b0 7
0P
0N
0K
0H
1S
1)
b100 <
#7490
0!
0'
#7495
1!
1'
b1 T
b100 ;
0S
1Q
#7500
0!
0'
#7505
1!
1'
b10 T
b1 7
b1 8
b11111010 =
1?
#7510
0!
0'
#7515
1!
1'
b11 T
b11 7
b10 8
14
b11110100 =
b1 >
1E
0)
#7520
0!
0'
#7525
1!
1'
b100 T
b110 7
b11 8
b11111010 =
b11101000 =
b10 >
1)
#7530
0!
0'
#7535
1!
1'
b101 T
b1101 7
b100 8
b11111010 =
b11010000 =
b11 >
0)
#7540
0!
0'
#7545
1!
1'
b110 T
b11010 7
b101 8
b11111010 =
b10100000 =
b100 >
#7550
0!
0'
#7555
1!
1'
b111 T
b110100 7
b110 8
b11111010 =
b1000000 =
b101 >
1)
#7560
0!
0'
#7565
1!
1'
b1000 T
b1101001 7
b111 8
b11111010 =
04
b10000000 =
b110 >
0E
0)
#7570
0!
0'
#7575
1!
1'
b1001 T
b11010010 7
b1000 8
b11111010 =
14
b0 =
b111 >
1E
#7580
0!
0'
#7585
1!
1'
b1010 T
b110100100 7
b1001 8
b11111010 =
04
b0 =
b1000 >
b0 >
0?
0:
0E
#7590
0!
0'
#7595
1!
1'
b1011 T
b1101001000 7
b1010 8
b11111010 =
1?
#7600
0!
0'
#7605
1!
1'
b1100 T
b1010010000 7
b1011 8
15
b1101001000 6
b0 8
14
b11110100 =
b1 >
1F
1M
1J
1H
1G
1E
#7610
0!
0'
#7615
1!
1'
b1101 T
b100100000 7
b1 8
05
b11111010 =
b11101000 =
b10 >
0F
#7620
0!
0'
#7625
1!
1'
b1110 T
b1001000000 7
b10 8
b11111010 =
b11010000 =
b11 >
#7630
0!
0'
#7635
1!
1'
b1111 T
b10000000 7
b11 8
b11111010 =
b10100000 =
b100 >
#7640
0!
0'
#7645
1!
1'
b10000 T
b100000000 7
b100 8
b11111010 =
b1000000 =
b101 >
#7650
0!
0'
#7655
1!
1'
b10001 T
b1000000000 7
b101 8
b11111010 =
04
b10000000 =
b110 >
0E
#7660
0!
0'
#7665
1!
1'
b10010 T
b0 7
b110 8
b11111010 =
14
b0 =
b111 >
1E
#7670
0!
0'
#7675
1!
1'
b10011 T
b111 8
b11111010 =
04
b0 =
b1000 >
b0 >
0?
0E
#7680
0!
0'
#7685
1!
1'
b10100 T
b1000 8
b11111010 =
1?
#7690
0!
0'
#7695
1!
1'
b10101 T
b1001 8
14
b11110100 =
b1 >
1E
0+
1*
b0 <
#7700
0!
0'
#7705
1!
1'
0U
b0 T
b0 ;
b1010 8
b11101000 =
b10 >
0Q
0*
b1 <
#7710
0!
0'
#7715
1!
1'
1U
b1 ;
b0 6
b0 8
b0 >
0?
0M
0J
0H
0G
1S
b10 <
#7720
0!
0'
#7725
1!
1'
b1 T
b10 ;
0S
1R
#7730
0!
0'
#7735
1!
1'
b10 T
b1 8
1)
#7740
0!
0'
#7745
1!
1'
b11 T
b1 7
b10 8
0)
#7750
0!
0'
#7755
1!
1'
b100 T
b10 7
b11 8
1)
#7760
0!
0'
#7765
1!
1'
b101 T
b101 7
b100 8
#7770
0!
0'
#7775
1!
1'
b110 T
b1011 7
b101 8
#7780
0!
0'
#7785
1!
1'
b111 T
b10111 7
b110 8
0)
#7790
0!
0'
#7795
1!
1'
b1000 T
b101110 7
b111 8
1)
#7800
0!
0'
#7805
1!
1'
b1001 T
b1011101 7
b1000 8
0)
#7810
0!
0'
#7815
1!
1'
b1010 T
b10111010 7
b1001 8
1)
#7820
0!
0'
#7825
1!
1'
b1011 T
b101110101 7
b1010 8
#7830
0!
0'
#7835
1!
1'
b1100 T
b1011101011 7
b1011 8
15
b101110101 6
b0 8
1F
1P
1N
1L
1K
1J
1H
1*
0)
b0 <
#7840
0!
0'
#7845
1!
1'
0U
b0 T
b0 ;
b111010110 7
b1 8
05
0R
0F
0*
b1 <
#7850
0!
0'
#7855
1!
1'
1U
b1 ;
b0 6
b0 8
b0 7
0P
0N
0L
0K
0J
0H
1S
b10 <
#7860
0!
0'
#7865
1!
1'
b1 T
b10 ;
0S
1R
#7870
0!
0'
#7875
1!
1'
b10 T
b1 8
#7880
0!
0'
#7885
1!
1'
b11 T
b10 8
#7890
0!
0'
#7895
1!
1'
b100 T
b11 8
#7900
0!
0'
#7905
1!
1'
b101 T
b100 8
1)
#7910
0!
0'
#7915
1!
1'
b110 T
b1 7
b101 8
0)
#7920
0!
0'
#7925
1!
1'
b111 T
b10 7
b110 8
#7930
0!
0'
#7935
1!
1'
b1000 T
b100 7
b111 8
#7940
0!
0'
#7945
1!
1'
b1001 T
b1000 7
b1000 8
1)
#7950
0!
0'
#7955
1!
1'
b1010 T
b10001 7
b1001 8
#7960
0!
0'
#7965
1!
1'
b1011 T
b100011 7
b1010 8
#7970
0!
0'
#7975
1!
1'
b1100 T
b1000111 7
b1011 8
15
b100011 6
b0 8
1F
1P
1O
1K
1*
0)
b0 <
#7980
0!
0'
#7985
1!
1'
0U
b0 T
b0 ;
b10001110 7
b1 8
05
0R
0F
0*
b1 <
#7990
0!
0'
#7995
1!
1'
1U
b1 ;
b0 6
b0 8
b0 7
0P
0O
0K
1S
b10 <
#8000
0!
0'
#8005
1!
1'
b1 T
b10 ;
0S
1R
#8010
0!
0'
#8015
1!
1'
b10 T
b1 8
1)
#8020
0!
0'
#8025
1!
1'
b11 T
b1 7
b10 8
#8030
0!
0'
#8035
1!
1'
b100 T
b11 7
b11 8
#8040
0!
0'
#8045
1!
1'
b101 T
b111 7
b100 8
#8050
0!
0'
#8055
1!
1'
b110 T
b1111 7
b101 8
#8060
0!
0'
#8065
1!
1'
b111 T
b11111 7
b110 8
#8070
0!
0'
#8075
1!
1'
b1000 T
b111111 7
b111 8
#8080
0!
0'
#8085
1!
1'
b1001 T
b1111111 7
b1000 8
#8090
0!
0'
#8095
1!
1'
b1010 T
b11111111 7
b1001 8
#8100
0!
0'
#8105
1!
1'
b1011 T
b111111111 7
b1010 8
#8110
0!
0'
#8115
1!
1'
b1100 T
b1111111111 7
b1011 8
15
b111111111 6
b0 8
1F
1P
1O
1N
1M
1L
1K
1J
1I
1H
1*
0)
b0 <
#8120
0!
0'
#8125
1!
1'
0U
b0 T
b0 ;
b1111111110 7
b1 8
05
0R
0F
0*
b1 <
#8130
0!
0'
#8135
1!
1'
1U
b1 ;
b0 6
b0 8
b0 7
0P
0O
0N
0M
0L
0K
0J
0I
0H
1S
b10 <
#8140
0!
0'
#8145
1!
1'
b1 T
b10 ;
0S
1R
#8150
0!
0'
#8155
1!
1'
b10 T
b1 8
#8160
0!
0'
#8165
1!
1'
b11 T
b10 8
1)
#8170
0!
0'
#8175
1!
1'
b100 T
b1 7
b11 8
#8180
0!
0'
#8185
1!
1'
b101 T
b11 7
b100 8
0)
#8190
0!
0'
#8195
1!
1'
b110 T
b110 7
b101 8
#8200
0!
0'
#8205
1!
1'
b111 T
b1100 7
b110 8
#8210
0!
0'
#8215
1!
1'
b1000 T
b11000 7
b111 8
#8220
0!
0'
#8225
1!
1'
b1001 T
b110000 7
b1000 8
1)
#8230
0!
0'
#8235
1!
1'
b1010 T
b1100001 7
b1001 8
0)
#8240
0!
0'
#8245
1!
1'
b1011 T
b11000010 7
b1010 8
#8250
0!
0'
#8255
1!
1'
b1100 T
b110000100 7
b1011 8
15
b11000010 6
b0 8
1F
1O
1J
1I
1*
b0 <
#8260
0!
0'
#8265
1!
1'
0U
b0 T
b0 ;
b1100001000 7
b1 8
05
0R
0F
0*
b1 <
#8270
0!
0'
#8275
1!
1'
1U
b1 ;
b0 6
b0 8
b0 7
0O
0J
0I
1S
b10 <
#8280
0!
0'
#8285
1!
1'
b1 T
b10 ;
0S
1R
#8290
0!
0'
#8295
1!
1'
b10 T
b1 8
#8300
0!
0'
#8305
1!
1'
b11 T
b10 8
1)
#8310
0!
0'
#8315
1!
1'
b100 T
b1 7
b11 8
#8320
0!
0'
#8325
1!
1'
b101 T
b11 7
b100 8
0)
#8330
0!
0'
#8335
1!
1'
b110 T
b110 7
b101 8
#8340
0!
0'
#8345
1!
1'
b111 T
b1100 7
b110 8
#8350
0!
0'
#8355
1!
1'
b1000 T
b11000 7
b111 8
1)
#8360
0!
0'
#8365
1!
1'
b1001 T
b110001 7
b1000 8
#8370
0!
0'
#8375
1!
1'
b1010 T
b1100011 7
b1001 8
0)
#8380
0!
0'
#8385
1!
1'
b1011 T
b11000110 7
b1010 8
#8390
0!
0'
#8395
1!
1'
b1100 T
b110001100 7
b1011 8
15
b11000110 6
b0 8
1F
1O
1N
1J
1I
1*
b0 <
#8400
0!
0'
#8405
1!
1'
0U
b0 T
b0 ;
b1100011000 7
b1 8
05
0R
0F
0*
b1 <
#8410
0!
0'
#8415
1!
1'
1U
b1 ;
b0 6
b0 8
b0 7
0O
0N
0J
0I
1S
b10 <
#8420
0!
0'
#8425
1!
1'
b1 T
b10 ;
0S
1R
#8430
0!
0'
#8435
1!
1'
b10 T
b1 8
1)
#8440
0!
0'
#8445
1!
1'
b11 T
b1 7
b10 8
#8450
0!
0'
#8455
1!
1'
b100 T
b11 7
b11 8
0)
#8460
0!
0'
#8465
1!
1'
b101 T
b110 7
b100 8
1)
#8470
0!
0'
#8475
1!
1'
b110 T
b1101 7
b101 8
#8480
0!
0'
#8485
1!
1'
b111 T
b11011 7
b110 8
#8490
0!
0'
#8495
1!
1'
b1000 T
b110111 7
b111 8
0)
#8500
0!
0'
#8505
1!
1'
b1001 T
b1101110 7
b1000 8
1)
#8510
0!
0'
#8515
1!
1'
b1010 T
b11011101 7
b1001 8
#8520
0!
0'
#8525
1!
1'
b1011 T
b110111011 7
b1010 8
#8530
0!
0'
#8535
1!
1'
b1100 T
b1101110111 7
b1011 8
15
b110111011 6
b0 8
1F
1P
1O
1M
1L
1K
1I
1H
1*
0)
b0 <
#8540
0!
0'
#8545
1!
1'
0U
b0 T
b0 ;
b1011101110 7
b1 8
05
0R
0F
0*
b1 <
#8550
0!
0'
#8555
1!
1'
1U
b1 ;
b0 6
b0 8
b0 7
0P
0O
0M
0L
0K
0I
0H
1S
1)
b11 <
#8560
0!
0'
#8565
1!
1'
b1 T
b11 ;
1R
#8570
0!
0'
#8575
1!
1'
b10 T
b1 7
b1 8
0)
#8580
0!
0'
#8585
1!
1'
b11 T
b10 7
b10 8
1)
#8590
0!
0'
#8595
1!
1'
b100 T
b101 7
b11 8
0)
#8600
0!
0'
#8605
1!
1'
b101 T
b1010 7
b100 8
1)
#8610
0!
0'
#8615
1!
1'
b110 T
b10101 7
b101 8
0)
#8620
0!
0'
#8625
1!
1'
b111 T
b101010 7
b110 8
1)
#8630
0!
0'
#8635
1!
1'
b1000 T
b1010101 7
b111 8
#8640
0!
0'
#8645
1!
1'
b1001 T
b10101011 7
b1000 8
0)
#8650
0!
0'
#8655
1!
1'
b1010 T
b101010110 7
b1001 8
#8660
0!
0'
#8665
1!
1'
b1011 T
b1010101100 7
b1010 8
#8670
0!
0'
#8675
1!
1'
b1100 T
b101011000 7
b1011 8
15
b1010101100 6
b0 8
1:
1F
1N
1M
1K
1I
1G
1*
b0 <
#8680
0!
0'
#8685
1!
1'
0U
b0 T
b0 ;
b1010110000 7
b1 8
05
0S
0R
0F
0*
b1 <
#8690
0!
0'
#8695
1!
1'
1U
b1 ;
b0 6
b0 8
b0 7
0N
0M
0K
0I
0G
1S
1)
b100 <
#8700
0!
0'
#8705
1!
1'
b1 T
b100 ;
0S
1Q
#8710
0!
0'
#8715
1!
1'
b10 T
b1 7
b1 8
0)
#8720
0!
0'
#8725
1!
1'
b11 T
b10 7
b10 8
1)
#8730
0!
0'
#8735
1!
1'
b100 T
b101 7
b11 8
0)
#8740
0!
0'
#8745
1!
1'
b101 T
b1010 7
b100 8
#8750
0!
0'
#8755
1!
1'
b110 T
b10100 7
b101 8
#8760
0!
0'
#8765
1!
1'
b111 T
b101000 7
b110 8
1)
#8770
0!
0'
#8775
1!
1'
b1000 T
b1010001 7
b111 8
0)
#8780
0!
0'
#8785
1!
1'
b1001 T
b10100010 7
b1000 8
1)
#8790
0!
0'
#8795
1!
1'
b1010 T
b101000101 7
b1001 8
0)
#8800
0!
0'
#8805
1!
1'
b1011 T
b1010001010 7
b1010 8
#8810
0!
0'
#8815
1!
1'
b1100 T
b100010100 7
b1011 8
15
b1010001010 6
b0 8
1F
1O
1M
1I
1G
1*
b0 <
#8820
0!
0'
#8825
1!
1'
0U
b0 T
b0 ;
b1000101000 7
b1 8
05
0Q
0F
0*
b1 <
#8830
0!
0'
#8835
1!
1'
1U
b1 ;
b0 6
b0 8
b0 7
0O
0M
0I
0G
1S
1)
b100 <
#8840
0!
0'
#8845
1!
1'
b1 T
b100 ;
0S
1Q
#8850
0!
0'
#8855
1!
1'
b10 T
b1 7
b1 8
0)
#8860
0!
0'
#8865
1!
1'
b11 T
b10 7
b10 8
#8870
0!
0'
#8875
1!
1'
b100 T
b100 7
b11 8
#8880
0!
0'
#8885
1!
1'
b101 T
b1000 7
b100 8
#8890
0!
0'
#8895
1!
1'
b110 T
b10000 7
b101 8
1)
#8900
0!
0'
#8905
1!
1'
b111 T
b100001 7
b110 8
#8910
0!
0'
#8915
1!
1'
b1000 T
b1000011 7
b111 8
#8920
0!
0'
#8925
1!
1'
b1001 T
b10000111 7
b1000 8
0)
#8930
0!
0'
#8935
1!
1'
b1010 T
b100001110 7
b1001 8
#8940
0!
0'
#8945
1!
1'
b1011 T
b1000011100 7
b1010 8
#8950
0!
0'
#8955
1!
1'
b1100 T
b111000 7
b1011 8
15
b1000011100 6
b0 8
1F
1N
1M
1L
1G
1*
b0 <
#8960
0!
0'
#8965
1!
1'
0U
b0 T
b0 ;
b1110000 7
b1 8
05
0Q
0F
0*
b1 <
#8970
0!
0'
#8975
1!
1'
1U
b1 ;
b0 6
b0 8
b0 7
0N
0M
0L
0G
1S
1)
b100 <
#8980
0!
0'
#8985
1!
1'
b1 T
b100 ;
0S
1Q
#8990
0!
0'
#8995
1!
1'
b10 T
b1 7
b1 8
0)
#9000
0!
0'
#9005
1!
1'
b11 T
b10 7
b10 8
1)
#9010
0!
0'
#9015
1!
1'
b100 T
b101 7
b11 8
0)
#9020
0!
0'
#9025
1!
1'
b101 T
b1010 7
b100 8
1)
#9030
0!
0'
#9035
1!
1'
b110 T
b10101 7
b101 8
0)
#9040
0!
0'
#9045
1!
1'
b111 T
b101010 7
b110 8
#9050
0!
0'
#9055
1!
1'
b1000 T
b1010100 7
b111 8
1)
#9060
0!
0'
#9065
1!
1'
b1001 T
b10101001 7
b1000 8
#9070
0!
0'
#9075
1!
1'
b1010 T
b101010011 7
b1001 8
0)
#9080
0!
0'
#9085
1!
1'
b1011 T
b1010100110 7
b1010 8
#9090
0!
0'
#9095
1!
1'
b1100 T
b101001100 7
b1011 8
15
b1010100110 6
b0 8
1F
1O
1N
1K
1I
1G
1*
b0 <
#9100
0!
0'
#9105
1!
1'
0U
b0 T
b0 ;
b1010011000 7
b1 8
05
0Q
0F
0*
b1 <
#9110
0!
0'
#9115
1!
1'
1U
b1 ;
b0 6
b0 8
b0 7
0O
0N
0K
0I
0G
1S
b10 <
#9120
0!
0'
#9125
1!
1'
b1 T
b10 ;
0S
1R
#9130
0!
0'
#9135
1!
1'
b10 T
b1 8
#9140
0!
0'
#9145
1!
1'
b11 T
b10 8
#9150
0!
0'
#9155
1!
1'
b100 T
b11 8
#9160
0!
0'
#9165
1!
1'
b101 T
b100 8
1)
#9170
0!
0'
#9175
1!
1'
b110 T
b1 7
b101 8
0)
#9180
0!
0'
#9185
1!
1'
b111 T
b10 7
b110 8
1)
#9190
0!
0'
#9195
1!
1'
b1000 T
b101 7
b111 8
#9200
0!
0'
#9205
1!
1'
b1001 T
b1011 7
b1000 8
0)
#9210
0!
0'
#9215
1!
1'
b1010 T
b10110 7
b1001 8
1)
#9220
0!
0'
#9225
1!
1'
b1011 T
b101101 7
b1010 8
#9230
0!
0'
#9235
1!
1'
b1100 T
b1011011 7
b1011 8
15
b101101 6
b0 8
1F
1P
1N
1M
1K
1*
0)
b0 <
#9240
0!
0'
#9245
1!
1'
0U
b0 T
b0 ;
b10110110 7
b1 8
05
0F
1+
13
02
11
00
0/
0.
0-
0R
0*
b1 <
#9250
0!
0'
#9255
1!
1'
1U
b1 ;
b0 6
b0 8
b0 7
0P
0N
0M
0K
1S
1)
b100 <
#9260
0!
0'
#9265
1!
1'
b1 T
b100 ;
0S
1Q
#9270
0!
0'
#9275
1!
1'
b10 T
b1 7
b1 8
b10000101 =
1?
#9280
0!
0'
#9285
1!
1'
b11 T
b11 7
b10 8
b1010 =
b1 >
#9290
0!
0'
#9295
1!
1'
b100 T
b111 7
b11 8
b10000101 =
04
b10100 =
b10 >
0E
#9300
0!
0'
#9305
1!
1'
b101 T
b1111 7
b100 8
b10000101 =
b101000 =
b11 >
#9310
0!
0'
#9315
1!
1'
b110 T
b11111 7
b101 8
b10000101 =
b1010000 =
b100 >
0)
#9320
0!
0'
#9325
1!
1'
b111 T
b111110 7
b110 8
b10000101 =
b10100000 =
b101 >
1)
#9330
0!
0'
#9335
1!
1'
b1000 T
b1111101 7
b111 8
b10000101 =
14
b1000000 =
b110 >
1E
0)
#9340
0!
0'
#9345
1!
1'
b1001 T
b11111010 7
b1000 8
b10000101 =
04
b10000000 =
b111 >
0E
#9350
0!
0'
#9355
1!
1'
b1010 T
b111110100 7
b1001 8
b10000101 =
14
b0 =
b1000 >
b0 >
0?
0:
1E
1)
#9360
0!
0'
#9365
1!
1'
b1011 T
b1111101001 7
b1010 8
b10000101 =
1?
#9370
0!
0'
#9375
1!
1'
b1100 T
b1111010011 7
b1011 8
15
b1111101001 6
b0 8
b1010 =
b1 >
1F
1P
1M
1K
1J
1I
1H
1G
#9380
0!
0'
#9385
1!
1'
b1101 T
b1110100111 7
b1 8
05
b10000101 =
04
b10100 =
b10 >
0F
0E
#9390
0!
0'
#9395
1!
1'
b1110 T
b1101001111 7
b10 8
b10000101 =
b101000 =
b11 >
#9400
0!
0'
#9405
1!
1'
b1111 T
b1010011111 7
b11 8
b10000101 =
b1010000 =
b100 >
#9410
0!
0'
#9415
1!
1'
b10000 T
b100111111 7
b100 8
b10000101 =
b10100000 =
b101 >
#9420
0!
0'
#9425
1!
1'
b10001 T
b1001111111 7
b101 8
b10000101 =
14
b1000000 =
b110 >
1E
#9430
0!
0'
#9435
1!
1'
b10010 T
b11111111 7
b110 8
b10000101 =
04
b10000000 =
b111 >
0E
#9440
0!
0'
#9445
1!
1'
b10011 T
b111111111 7
b111 8
b10000101 =
14
b0 =
b1000 >
b0 >
0?
1E
#9450
0!
0'
#9455
1!
1'
b10100 T
b1111111111 7
b1000 8
b10000101 =
1?
#9460
0!
0'
#9465
1!
1'
b10101 T
b1001 8
b1010 =
b1 >
0+
1*
0)
b0 <
#9470
0!
0'
#9475
1!
1'
0U
b0 T
b0 ;
b1111111110 7
b1010 8
04
b10100 =
b10 >
0Q
0E
0*
b1 <
#9480
0!
0'
#9485
1!
1'
1U
b1 ;
b0 6
b0 8
b0 >
0?
b0 7
0P
0M
0K
0J
0I
0H
0G
1S
b10 <
#9490
0!
0'
#9495
1!
1'
b1 T
b10 ;
0S
1R
#9500
0!
0'
#9505
1!
1'
b10 T
b1 8
#9510
0!
0'
#9515
1!
1'
b11 T
b10 8
#9520
0!
0'
#9525
1!
1'
b100 T
b11 8
#9530
0!
0'
#9535
1!
1'
b101 T
b100 8
1)
#9540
0!
0'
#9545
1!
1'
b110 T
b1 7
b101 8
0)
#9550
0!
0'
#9555
1!
1'
b111 T
b10 7
b110 8
1)
#9560
0!
0'
#9565
1!
1'
b1000 T
b101 7
b111 8
0)
#9570
0!
0'
#9575
1!
1'
b1001 T
b1010 7
b1000 8
1)
#9580
0!
0'
#9585
1!
1'
b1010 T
b10101 7
b1001 8
#9590
0!
0'
#9595
1!
1'
b1011 T
b101011 7
b1010 8
#9600
0!
0'
#9605
1!
1'
b1100 T
b1010111 7
b1011 8
15
b101011 6
b0 8
1F
1P
1O
1M
1K
1*
0)
b0 <
#9610
0!
0'
#9615
1!
1'
0U
b0 T
b0 ;
b10101110 7
b1 8
05
0R
0F
0*
b1 <
#9620
0!
0'
#9625
1!
1'
1U
b1 ;
b0 6
b0 8
b0 7
0P
0O
0M
0K
1S
b10 <
#9630
0!
0'
#9635
1!
1'
b1 T
b10 ;
0S
1R
#9640
0!
0'
#9645
1!
1'
b10 T
b1 8
1)
#9650
0!
0'
#9655
1!
1'
b11 T
b1 7
b10 8
#9660
0!
0'
#9665
1!
1'
b100 T
b11 7
b11 8
0)
#9670
0!
0'
#9675
1!
1'
b101 T
b110 7
b100 8
1)
#9680
0!
0'
#9685
1!
1'
b110 T
b1101 7
b101 8
0)
#9690
0!
0'
#9695
1!
1'
b111 T
b11010 7
b110 8
1)
#9700
0!
0'
#9705
1!
1'
b1000 T
b110101 7
b111 8
#9710
0!
0'
#9715
1!
1'
b1001 T
b1101011 7
b1000 8
#9720
0!
0'
#9725
1!
1'
b1010 T
b11010111 7
b1001 8
0)
#9730
0!
0'
#9735
1!
1'
b1011 T
b110101110 7
b1010 8
#9740
0!
0'
#9745
1!
1'
b1100 T
b1101011100 7
b1011 8
15
b110101110 6
b0 8
1F
1O
1N
1M
1K
1I
1H
1*
b0 <
#9750
0!
0'
#9755
1!
1'
0U
b0 T
b0 ;
b1010111000 7
b1 8
05
0R
0F
0*
b1 <
#9760
0!
0'
#9765
1!
1'
1U
b1 ;
b0 6
b0 8
b0 7
0O
0N
0M
0K
0I
0H
1S
b10 <
#9770
0!
0'
#9775
1!
1'
b1 T
b10 ;
0S
1R
#9780
0!
0'
#9785
1!
1'
b10 T
b1 8
1)
#9790
0!
0'
#9795
1!
1'
b11 T
b1 7
b10 8
0)
#9800
0!
0'
#9805
1!
1'
b100 T
b10 7
b11 8
1)
#9810
0!
0'
#9815
1!
1'
b101 T
b101 7
b100 8
0)
#9820
0!
0'
#9825
1!
1'
b110 T
b1010 7
b101 8
1)
#9830
0!
0'
#9835
1!
1'
b111 T
b10101 7
b110 8
0)
#9840
0!
0'
#9845
1!
1'
b1000 T
b101010 7
b111 8
#9850
0!
0'
#9855
1!
1'
b1001 T
b1010100 7
b1000 8
#9860
0!
0'
#9865
1!
1'
b1010 T
b10101000 7
b1001 8
#9870
0!
0'
#9875
1!
1'
b1011 T
b101010000 7
b1010 8
#9880
0!
0'
#9885
1!
1'
b1100 T
b1010100000 7
b1011 8
15
b101010000 6
b0 8
1F
1L
1J
1H
1*
b0 <
#9890
0!
0'
#9895
1!
1'
0U
b0 T
b0 ;
b101000000 7
b1 8
05
0R
0F
0*
b1 <
#9900
0!
0'
#9905
1!
1'
1U
b1 ;
b0 6
b0 8
b0 7
0L
0J
0H
1S
b10 <
#9910
0!
0'
#9915
1!
1'
b1 T
b10 ;
0S
1R
#9920
0!
0'
#9925
1!
1'
b10 T
b1 8
1)
#9930
0!
0'
#9935
1!
1'
b11 T
b1 7
b10 8
0)
#9940
0!
0'
#9945
1!
1'
b100 T
b10 7
b11 8
#9950
0!
0'
#9955
1!
1'
b101 T
b100 7
b100 8
1)
#9960
0!
0'
#9965
1!
1'
b110 T
b1001 7
b101 8
0)
#9970
0!
0'
#9975
1!
1'
b111 T
b10010 7
b110 8
#9980
0!
0'
#9985
1!
1'
b1000 T
b100100 7
b111 8
1)
#9990
0!
0'
#9995
1!
1'
b1001 T
b1001001 7
b1000 8
#10000
0!
0'
#10005
1!
1'
b1010 T
b10010011 7
b1001 8
0)
#10010
0!
0'
#10015
1!
1'
b1011 T
b100100110 7
b1010 8
#10020
0!
0'
#10025
1!
1'
b1100 T
b1001001100 7
b1011 8
15
b100100110 6
b0 8
1F
1O
1N
1K
1H
1*
b0 <
#10030
0!
0'
#10035
1!
1'
0U
b0 T
b0 ;
b10011000 7
b1 8
05
0R
0F
0*
b1 <
#10040
0!
0'
#10045
1!
1'
1U
b1 ;
b0 6
b0 8
b0 7
0O
0N
0K
0H
1S
b10 <
#10050
0!
0'
#10055
1!
1'
b1 T
b10 ;
0S
1R
#10060
0!
0'
#10065
1!
1'
b10 T
b1 8
#10070
0!
0'
#10075
1!
1'
b11 T
b10 8
#10080
0!
0'
#10085
1!
1'
b100 T
b11 8
#10090
0!
0'
#10095
1!
1'
b101 T
b100 8
1)
#10100
0!
0'
#10105
1!
1'
b110 T
b1 7
b101 8
0)
#10110
0!
0'
#10115
1!
1'
b111 T
b10 7
b110 8
#10120
0!
0'
#10125
1!
1'
b1000 T
b100 7
b111 8
1)
#10130
0!
0'
#10135
1!
1'
b1001 T
b1001 7
b1000 8
0)
#10140
0!
0'
#10145
1!
1'
b1010 T
b10010 7
b1001 8
#10150
0!
0'
#10155
1!
1'
b1011 T
b100100 7
b1010 8
#10160
0!
0'
#10165
1!
1'
b1100 T
b1001000 7
b1011 8
15
b100100 6
b0 8
1F
1N
1K
1*
b0 <
#10170
0!
0'
#10175
1!
1'
0U
b0 T
b0 ;
b10010000 7
b1 8
05
0R
0F
0*
b1 <
#10180
0!
0'
#10185
1!
1'
1U
b1 ;
b0 6
b0 8
b0 7
0N
0K
1S
b10 <
#10190
0!
0'
#10195
1!
1'
b1 T
b10 ;
0S
1R
#10200
0!
0'
#10205
1!
1'
b10 T
b1 8
#10210
0!
0'
#10215
1!
1'
b11 T
b10 8
1)
#10220
0!
0'
#10225
1!
1'
b100 T
b1 7
b11 8
0)
#10230
0!
0'
#10235
1!
1'
b101 T
b10 7
b100 8
#10240
0!
0'
#10245
1!
1'
b110 T
b100 7
b101 8
#10250
0!
0'
#10255
1!
1'
b111 T
b1000 7
b110 8
1)
#10260
0!
0'
#10265
1!
1'
b1000 T
b10001 7
b111 8
#10270
0!
0'
#10275
1!
1'
b1001 T
b100011 7
b1000 8
#10280
0!
0'
#10285
1!
1'
b1010 T
b1000111 7
b1001 8
#10290
0!
0'
#10295
1!
1'
b1011 T
b10001111 7
b1010 8
#10300
0!
0'
#10305
1!
1'
b1100 T
b100011111 7
b1011 8
15
b10001111 6
b0 8
1F
1P
1O
1N
1M
1I
1*
0)
b0 <
#10310
0!
0'
#10315
1!
1'
0U
b0 T
b0 ;
b1000111110 7
b1 8
05
0R
0F
0*
b1 <
#10320
0!
0'
#10325
1!
1'
1U
b1 ;
b0 6
b0 8
b0 7
0P
0O
0N
0M
0I
1S
b10 <
#10330
0!
0'
#10335
1!
1'
b1 T
b10 ;
0S
1R
#10340
0!
0'
#10345
1!
1'
b10 T
b1 8
1)
#10350
0!
0'
#10355
1!
1'
b11 T
b1 7
b10 8
#10360
0!
0'
#10365
1!
1'
b100 T
b11 7
b11 8
#10370
0!
0'
#10375
1!
1'
b101 T
b111 7
b100 8
0)
#10380
0!
0'
#10385
1!
1'
b110 T
b1110 7
b101 8
#10390
0!
0'
#10395
1!
1'
b111 T
b11100 7
b110 8
#10400
0!
0'
#10405
1!
1'
b1000 T
b111000 7
b111 8
#10410
0!
0'
#10415
1!
1'
b1001 T
b1110000 7
b1000 8
#10420
0!
0'
#10425
1!
1'
b1010 T
b11100000 7
b1001 8
1)
#10430
0!
0'
#10435
1!
1'
b1011 T
b111000001 7
b1010 8
#10440
0!
0'
#10445
1!
1'
b1100 T
b1110000011 7
b1011 8
15
b111000001 6
b0 8
1F
1P
1J
1I
1H
1*
0)
b0 <
#10450
0!
0'
#10455
1!
1'
0U
b0 T
b0 ;
b1100000110 7
b1 8
05
0R
0F
0*
b1 <
#10460
0!
0'
#10465
1!
1'
1U
b1 ;
b0 6
b0 8
b0 7
0P
0J
0I
0H
1S
1)
b11 <
#10470
0!
0'
#10475
1!
1'
b1 T
b11 ;
1R
#10480
0!
0'
#10485
1!
1'
b10 T
b1 7
b1 8
0)
#10490
0!
0'
#10495
1!
1'
b11 T
b10 7
b10 8
1)
#10500
0!
0'
#10505
1!
1'
b100 T
b101 7
b11 8
#10510
0!
0'
#10515
1!
1'
b101 T
b1011 7
b100 8
0)
#10520
0!
0'
#10525
1!
1'
b110 T
b10110 7
b101 8
1)
#10530
0!
0'
#10535
1!
1'
b111 T
b101101 7
b110 8
#10540
0!
0'
#10545
1!
1'
b1000 T
b1011011 7
b111 8
#10550
0!
0'
#10555
1!
1'
b1001 T
b10110111 7
b1000 8
0)
#10560
0!
0'
#10565
1!
1'
b1010 T
b101101110 7
b1001 8
#10570
0!
0'
#10575
1!
1'
b1011 T
b1011011100 7
b1010 8
#10580
0!
0'
#10585
1!
1'
b1100 T
b110111000 7
b1011 8
15
b1011011100 6
b0 8
1:
1F
1N
1M
1L
1J
1I
1G
1*
b0 <
#10590
0!
0'
#10595
1!
1'
0U
b0 T
b0 ;
b1101110000 7
b1 8
05
0S
0R
0F
0*
b1 <
#10600
0!
0'
#10605
1!
1'
1U
b1 ;
b0 6
b0 8
b0 7
0N
0M
0L
0J
0I
0G
1S
b10 <
#10610
0!
0'
#10615
1!
1'
b1 T
b10 ;
0S
1R
#10620
0!
0'
#10625
1!
1'
b10 T
b1 8
#10630
0!
0'
#10635
1!
1'
b11 T
b10 8
#10640
0!
0'
#10645
1!
1'
b100 T
b11 8
1)
#10650
0!
0'
#10655
1!
1'
b101 T
b1 7
b100 8
#10660
0!
0'
#10665
1!
1'
b110 T
b11 7
b101 8
0)
#10670
0!
0'
#10675
1!
1'
b111 T
b110 7
b110 8
1)
#10680
0!
0'
#10685
1!
1'
b1000 T
b1101 7
b111 8
#10690
0!
0'
#10695
1!
1'
b1001 T
b11011 7
b1000 8
0)
#10700
0!
0'
#10705
1!
1'
b1010 T
b110110 7
b1001 8
#10710
0!
0'
#10715
1!
1'
b1011 T
b1101100 7
b1010 8
#10720
0!
0'
#10725
1!
1'
b1100 T
b11011000 7
b1011 8
15
b1101100 6
b0 8
1F
1N
1M
1K
1J
1*
b0 <
#10730
0!
0'
#10735
1!
1'
0U
b0 T
b0 ;
b110110000 7
b1 8
05
0R
0F
0*
b1 <
#10740
0!
0'
#10745
1!
1'
1U
b1 ;
b0 6
b0 8
b0 7
0N
0M
0K
0J
1S
1)
b100 <
#10750
0!
0'
#10755
1!
1'
b1 T
b100 ;
0S
1Q
#10760
0!
0'
#10765
1!
1'
b10 T
b1 7
b1 8
0)
#10770
0!
0'
#10775
1!
1'
b11 T
b10 7
b10 8
1)
#10780
0!
0'
#10785
1!
1'
b100 T
b101 7
b11 8
#10790
0!
0'
#10795
1!
1'
b101 T
b1011 7
b100 8
#10800
0!
0'
#10805
1!
1'
b110 T
b10111 7
b101 8
#10810
0!
0'
#10815
1!
1'
b111 T
b101111 7
b110 8
#10820
0!
0'
#10825
1!
1'
b1000 T
b1011111 7
b111 8
0)
#10830
0!
0'
#10835
1!
1'
b1001 T
b10111110 7
b1000 8
#10840
0!
0'
#10845
1!
1'
b1010 T
b101111100 7
b1001 8
#10850
0!
0'
#10855
1!
1'
b1011 T
b1011111000 7
b1010 8
#10860
0!
0'
#10865
1!
1'
b1100 T
b111110000 7
b1011 8
15
b1011111000 6
b0 8
1F
1M
1L
1K
1J
1I
1G
1*
b0 <
#10870
0!
0'
#10875
1!
1'
0U
b0 T
b0 ;
b1111100000 7
b1 8
05
0Q
0F
0*
b1 <
#10880
0!
0'
#10885
1!
1'
1U
b1 ;
b0 6
b0 8
b0 7
0M
0L
0K
0J
0I
0G
1S
b10 <
#10890
0!
0'
#10895
1!
1'
b1 T
b10 ;
0S
1R
#10900
0!
0'
#10905
1!
1'
b10 T
b1 8
#10910
0!
0'
#10915
1!
1'
b11 T
b10 8
#10920
0!
0'
#10925
1!
1'
b100 T
b11 8
#10930
0!
0'
#10935
1!
1'
b101 T
b100 8
1)
#10940
0!
0'
#10945
1!
1'
b110 T
b1 7
b101 8
#10950
0!
0'
#10955
1!
1'
b111 T
b11 7
b110 8
#10960
0!
0'
#10965
1!
1'
b1000 T
b111 7
b111 8
#10970
0!
0'
#10975
1!
1'
b1001 T
b1111 7
b1000 8
0)
#10980
0!
0'
#10985
1!
1'
b1010 T
b11110 7
b1001 8
#10990
0!
0'
#10995
1!
1'
b1011 T
b111100 7
b1010 8
#11000
0!
0'
#11005
1!
1'
b1100 T
b1111000 7
b1011 8
15
b111100 6
b0 8
1F
1N
1M
1L
1K
1*
b0 <
#11010
0!
0'
#11015
1!
1'
0U
b0 T
b0 ;
b11110000 7
b1 8
05
0R
0F
0*
b1 <
#11020
0!
0'
#11025
1!
1'
1U
b1 ;
b0 6
b0 8
b0 7
0N
0M
0L
0K
1S
1)
b100 <
#11030
0!
0'
#11035
1!
1'
b1 T
b100 ;
0S
1Q
#11040
0!
0'
#11045
1!
1'
b10 T
b1 7
b1 8
0)
#11050
0!
0'
#11055
1!
1'
b11 T
b10 7
b10 8
1)
#11060
0!
0'
#11065
1!
1'
b100 T
b101 7
b11 8
#11070
0!
0'
#11075
1!
1'
b101 T
b1011 7
b100 8
0)
#11080
0!
0'
#11085
1!
1'
b110 T
b10110 7
b101 8
#11090
0!
0'
#11095
1!
1'
b111 T
b101100 7
b110 8
1)
#11100
0!
0'
#11105
1!
1'
b1000 T
b1011001 7
b111 8
#11110
0!
0'
#11115
1!
1'
b1001 T
b10110011 7
b1000 8
#11120
0!
0'
#11125
1!
1'
b1010 T
b101100111 7
b1001 8
#11130
0!
0'
#11135
1!
1'
b1011 T
b1011001111 7
b1010 8
#11140
0!
0'
#11145
1!
1'
b1100 T
b110011111 7
b1011 8
15
b1011001111 6
b0 8
1F
1P
1O
1N
1M
1J
1I
1G
1*
0)
b0 <
#11150
0!
0'
#11155
1!
1'
0U
b0 T
b0 ;
b1100111110 7
b1 8
05
0Q
0F
0*
b1 <
#11160
0!
0'
#11165
1!
1'
1U
b1 ;
b0 6
b0 8
b0 7
0P
0O
0N
0M
0J
0I
0G
1S
1)
b100 <
#11170
0!
0'
#11175
1!
1'
b1 T
b100 ;
0S
1Q
#11180
0!
0'
#11185
1!
1'
b10 T
b1 7
b1 8
0)
#11190
0!
0'
#11195
1!
1'
b11 T
b10 7
b10 8
#11200
0!
0'
#11205
1!
1'
b100 T
b100 7
b11 8
1)
#11210
0!
0'
#11215
1!
1'
b101 T
b1001 7
b100 8
#11220
0!
0'
#11225
1!
1'
b110 T
b10011 7
b101 8
0)
#11230
0!
0'
#11235
1!
1'
b111 T
b100110 7
b110 8
1)
#11240
0!
0'
#11245
1!
1'
b1000 T
b1001101 7
b111 8
#11250
0!
0'
#11255
1!
1'
b1001 T
b10011011 7
b1000 8
0)
#11260
0!
0'
#11265
1!
1'
b1010 T
b100110110 7
b1001 8
1)
#11270
0!
0'
#11275
1!
1'
b1011 T
b1001101101 7
b1010 8
#11280
0!
0'
#11285
1!
1'
b1100 T
b11011011 7
b1011 8
15
b1001101101 6
b0 8
1F
1P
1N
1M
1K
1J
1G
1*
0)
b0 <
#11290
0!
0'
#11295
1!
1'
0U
b0 T
b0 ;
b110110110 7
b1 8
05
0Q
0F
0*
b1 <
#11300
0!
0'
#11305
1!
1'
1U
b1 ;
b0 6
b0 8
b0 7
0P
0N
0M
0K
0J
0G
1S
b10 <
#11310
0!
0'
#11315
1!
1'
b1 T
b10 ;
0S
1R
#11320
0!
0'
#11325
1!
1'
b10 T
b1 8
1)
#11330
0!
0'
#11335
1!
1'
b11 T
b1 7
b10 8
0)
#11340
0!
0'
#11345
1!
1'
b100 T
b10 7
b11 8
#11350
0!
0'
#11355
1!
1'
b101 T
b100 7
b100 8
#11360
0!
0'
#11365
1!
1'
b110 T
b1000 7
b101 8
1)
#11370
0!
0'
#11375
1!
1'
b111 T
b10001 7
b110 8
0)
#11380
0!
0'
#11385
1!
1'
b1000 T
b100010 7
b111 8
1)
#11390
0!
0'
#11395
1!
1'
b1001 T
b1000101 7
b1000 8
#11400
0!
0'
#11405
1!
1'
b1010 T
b10001011 7
b1001 8
#11410
0!
0'
#11415
1!
1'
b1011 T
b100010111 7
b1010 8
#11420
0!
0'
#11425
1!
1'
b1100 T
b1000101111 7
b1011 8
15
b100010111 6
b0 8
1F
1P
1O
1N
1L
1H
1*
0)
b0 <
#11430
0!
0'
#11435
1!
1'
0U
b0 T
b0 ;
b1011110 7
b1 8
05
0R
0F
0*
b1 <
#11440
0!
0'
#11445
1!
1'
1U
b1 ;
b0 6
b0 8
b0 7
0P
0O
0N
0L
0H
1S
1)
b100 <
#11450
0!
0'
#11455
1!
1'
b1 T
b100 ;
0S
1Q
#11460
0!
0'
#11465
1!
1'
b10 T
b1 7
b1 8
0)
#11470
0!
0'
#11475
1!
1'
b11 T
b10 7
b10 8
1)
#11480
0!
0'
#11485
1!
1'
b100 T
b101 7
b11 8
#11490
0!
0'
#11495
1!
1'
b101 T
b1011 7
b100 8
0)
#11500
0!
0'
#11505
1!
1'
b110 T
b10110 7
b101 8
1)
#11510
0!
0'
#11515
1!
1'
b111 T
b101101 7
b110 8
#11520
0!
0'
#11525
1!
1'
b1000 T
b1011011 7
b111 8
#11530
0!
0'
#11535
1!
1'
b1001 T
b10110111 7
b1000 8
#11540
0!
0'
#11545
1!
1'
b1010 T
b101101111 7
b1001 8
#11550
0!
0'
#11555
1!
1'
b1011 T
b1011011111 7
b1010 8
#11560
0!
0'
#11565
1!
1'
b1100 T
b110111111 7
b1011 8
15
b1011011111 6
b0 8
1F
1P
1O
1N
1M
1L
1J
1I
1G
1*
0)
b0 <
#11570
0!
0'
#11575
1!
1'
0U
b0 T
b0 ;
b1101111110 7
b1 8
05
0Q
0F
0*
b1 <
#11580
0!
0'
#11585
1!
1'
1U
b1 ;
b0 6
b0 8
b0 7
0P
0O
0N
0M
0L
0J
0I
0G
1S
1)
b100 <
#11590
0!
0'
#11595
1!
1'
b1 T
b100 ;
0S
1Q
#11600
0!
0'
#11605
1!
1'
b10 T
b1 7
b1 8
0)
#11610
0!
0'
#11615
1!
1'
b11 T
b10 7
b10 8
1)
#11620
0!
0'
#11625
1!
1'
b100 T
b101 7
b11 8
0)
#11630
0!
0'
#11635
1!
1'
b101 T
b1010 7
b100 8
#11640
0!
0'
#11645
1!
1'
b110 T
b10100 7
b101 8
#11650
0!
0'
#11655
1!
1'
b111 T
b101000 7
b110 8
#11660
0!
0'
#11665
1!
1'
b1000 T
b1010000 7
b111 8
#11670
0!
0'
#11675
1!
1'
b1001 T
b10100000 7
b1000 8
#11680
0!
0'
#11685
1!
1'
b1010 T
b101000000 7
b1001 8
1)
#11690
0!
0'
#11695
1!
1'
b1011 T
b1010000001 7
b1010 8
#11700
0!
0'
#11705
1!
1'
b1100 T
b100000011 7
b1011 8
15
b1010000001 6
b0 8
1F
1P
1I
1G
1*
0)
b0 <
#11710
0!
0'
#11715
1!
1'
0U
b0 T
b0 ;
b1000000110 7
b1 8
05
0F
1+
01
10
1-
0Q
0*
b1 <
#11720
0!
0'
#11725
1!
1'
1U
b1 ;
b0 6
b0 8
b0 7
0P
0I
0G
1S
1)
b100 <
#11730
0!
0'
#11735
1!
1'
b1 T
b100 ;
0S
1Q
#11740
0!
0'
#11745
1!
1'
b10 T
b1 7
b1 8
b11001001 =
1?
#11750
0!
0'
#11755
1!
1'
b11 T
b11 7
b10 8
14
b10010010 =
b1 >
1E
0)
#11760
0!
0'
#11765
1!
1'
b100 T
b110 7
b11 8
b11001001 =
b100100 =
b10 >
1)
#11770
0!
0'
#11775
1!
1'
b101 T
b1101 7
b100 8
b11001001 =
04
b1001000 =
b11 >
0E
0)
#11780
0!
0'
#11785
1!
1'
b110 T
b11010 7
b101 8
b11001001 =
b10010000 =
b100 >
1)
#11790
0!
0'
#11795
1!
1'
b111 T
b110101 7
b110 8
b11001001 =
14
b100000 =
b101 >
1E
0)
#11800
0!
0'
#11805
1!
1'
b1000 T
b1101010 7
b111 8
b11001001 =
04
b1000000 =
b110 >
0E
#11810
0!
0'
#11815
1!
1'
b1001 T
b11010100 7
b1000 8
b11001001 =
b10000000 =
b111 >
1)
#11820
0!
0'
#11825
1!
1'
b1010 T
b110101001 7
b1001 8
b11001001 =
14
b0 =
b1000 >
b0 >
0?
0:
1E
#11830
0!
0'
#11835
1!
1'
b1011 T
b1101010011 7
b1010 8
b11001001 =
1?
#11840
0!
0'
#11845
1!
1'
b1100 T
b1010100111 7
b1011 8
15
b1101010011 6
b0 8
b10010010 =
b1 >
1F
1P
1O
1L
1J
1H
1G
#11850
0!
0'
#11855
1!
1'
b1101 T
b101001111 7
b1 8
05
b11001001 =
b100100 =
b10 >
0F
#11860
0!
0'
#11865
1!
1'
b1110 T
b1010011111 7
b10 8
b11001001 =
04
b1001000 =
b11 >
0E
#11870
0!
0'
#11875
1!
1'
b1111 T
b100111111 7
b11 8
b11001001 =
b10010000 =
b100 >
#11880
0!
0'
#11885
1!
1'
b10000 T
b1001111111 7
b100 8
b11001001 =
14
b100000 =
b101 >
1E
#11890
0!
0'
#11895
1!
1'
b10001 T
b11111111 7
b101 8
b11001001 =
04
b1000000 =
b110 >
0E
#11900
0!
0'
#11905
1!
1'
b10010 T
b111111111 7
b110 8
b11001001 =
b10000000 =
b111 >
#11910
0!
0'
#11915
1!
1'
b10011 T
b1111111111 7
b111 8
b11001001 =
14
b0 =
b1000 >
b0 >
0?
1E
#11920
0!
0'
#11925
1!
1'
b10100 T
b1000 8
b11001001 =
1?
#11930
0!
0'
#11935
1!
1'
b10101 T
b1001 8
b10010010 =
b1 >
0+
1*
0)
b0 <
#11940
0!
0'
#11945
1!
1'
0U
b0 T
b0 ;
b1111111110 7
b1010 8
b100100 =
b10 >
0Q
0*
b1 <
#11950
0!
0'
#11955
1!
1'
1U
b1 ;
b0 6
b0 8
b0 >
0?
b0 7
0P
0O
0L
0J
0H
0G
1S
1)
b11 <
#11960
0!
0'
#11965
1!
1'
b1 T
b11 ;
1R
#11970
0!
0'
#11975
1!
1'
b10 T
b1 7
b1 8
0)
#11980
0!
0'
#11985
1!
1'
b11 T
b10 7
b10 8
1)
#11990
0!
0'
#11995
1!
1'
b100 T
b101 7
b11 8
0)
#12000
0!
0'
#12005
1!
1'
b101 T
b1010 7
b100 8
1)
#12010
0!
0'
#12015
1!
1'
b110 T
b10101 7
b101 8
#12020
0!
0'
#12025
1!
1'
b111 T
b101011 7
b110 8
#12030
0!
0'
#12035
1!
1'
b1000 T
b1010111 7
b111 8
#12040
0!
0'
#12045
1!
1'
b1001 T
b10101111 7
b1000 8
0)
#12050
0!
0'
#12055
1!
1'
b1010 T
b101011110 7
b1001 8
#12060
0!
0'
#12065
1!
1'
b1011 T
b1010111100 7
b1010 8
#12070
0!
0'
#12075
1!
1'
b1100 T
b101111000 7
b1011 8
15
b1010111100 6
b0 8
1:
1F
1N
1M
1L
1K
1I
1G
1*
b0 <
#12080
0!
0'
#12085
1!
1'
0U
b0 T
b0 ;
b1011110000 7
b1 8
05
0S
0R
0F
0*
b1 <
#12090
0!
0'
#12095
1!
1'
1U
b1 ;
b0 6
b0 8
b0 7
0N
0M
0L
0K
0I
0G
1S
b10 <
#12100
0!
0'
#12105
1!
1'
b1 T
b10 ;
0S
1R
#12110
0!
0'
#12115
1!
1'
b10 T
b1 8
1)
#12120
0!
0'
#12125
1!
1'
b11 T
b1 7
b10 8
0)
#12130
0!
0'
#12135
1!
1'
b100 T
b10 7
b11 8
1)
#12140
0!
0'
#12145
1!
1'
b101 T
b101 7
b100 8
0)
#12150
0!
0'
#12155
1!
1'
b110 T
b1010 7
b101 8
1)
#12160
0!
0'
#12165
1!
1'
b111 T
b10101 7
b110 8
#12170
0!
0'
#12175
1!
1'
b1000 T
b101011 7
b111 8
#12180
0!
0'
#12185
1!
1'
b1001 T
b1010111 7
b1000 8
0)
#12190
0!
0'
#12195
1!
1'
b1010 T
b10101110 7
b1001 8
#12200
0!
0'
#12205
1!
1'
b1011 T
b101011100 7
b1010 8
#12210
0!
0'
#12215
1!
1'
b1100 T
b1010111000 7
b1011 8
15
b101011100 6
b0 8
1F
1N
1M
1L
1J
1H
1*
b0 <
#12220
0!
0'
#12225
1!
1'
0U
b0 T
b0 ;
b101110000 7
b1 8
05
0F
1+
12
11
00
1.
0R
0*
b1 <
#12230
0!
0'
#12235
1!
1'
1U
b1 ;
b0 6
b0 8
b0 7
0N
0M
0L
0J
0H
1S
1)
b100 <
#12240
0!
0'
#12245
1!
1'
b1 T
b100 ;
0S
1Q
#12250
0!
0'
#12255
1!
1'
b10 T
b1 7
b1 8
b11100111 =
1?
#12260
0!
0'
#12265
1!
1'
b11 T
b11 7
b10 8
b11001110 =
b1 >
#12270
0!
0'
#12275
1!
1'
b100 T
b111 7
b11 8
b11100111 =
b10011100 =
b10 >
#12280
0!
0'
#12285
1!
1'
b101 T
b1111 7
b100 8
b11100111 =
b111000 =
b11 >
0)
#12290
0!
0'
#12295
1!
1'
b110 T
b11110 7
b101 8
b11100111 =
04
b1110000 =
b100 >
0E
#12300
0!
0'
#12305
1!
1'
b111 T
b111100 7
b110 8
b11100111 =
b11100000 =
b101 >
1)
#12310
0!
0'
#12315
1!
1'
b1000 T
b1111001 7
b111 8
b11100111 =
14
b11000000 =
b110 >
1E
0)
#12320
0!
0'
#12325
1!
1'
b1001 T
b11110010 7
b1000 8
b11100111 =
b10000000 =
b111 >
#12330
0!
0'
#12335
1!
1'
b1010 T
b111100100 7
b1001 8
b11100111 =
b0 =
b1000 >
b0 >
0?
0:
#12340
0!
0'
#12345
1!
1'
b1011 T
b1111001000 7
b1010 8
b11100111 =
1?
#12350
0!
0'
#12355
1!
1'
b1100 T
b1110010000 7
b1011 8
15
b1111001000 6
b0 8
b11001110 =
b1 >
1F
1M
1J
1I
1H
1G
#12360
0!
0'
#12365
1!
1'
b1101 T
b1100100000 7
b1 8
05
b11100111 =
b10011100 =
b10 >
0F
#12370
0!
0'
#12375
1!
1'
b1110 T
b1001000000 7
b10 8
b11100111 =
b111000 =
b11 >
#12380
0!
0'
#12385
1!
1'
b1111 T
b10000000 7
b11 8
b11100111 =
04
b1110000 =
b100 >
0E
#12390
0!
0'
#12395
1!
1'
b10000 T
b100000000 7
b100 8
b11100111 =
b11100000 =
b101 >
#12400
0!
0'
#12405
1!
1'
b10001 T
b1000000000 7
b101 8
b11100111 =
14
b11000000 =
b110 >
1E
#12410
0!
0'
#12415
1!
1'
b10010 T
b0 7
b110 8
b11100111 =
b10000000 =
b111 >
#12420
0!
0'
#12425
1!
1'
b10011 T
b111 8
b11100111 =
b0 =
b1000 >
b0 >
0?
#12430
0!
0'
#12435
1!
1'
b10100 T
b1000 8
b11100111 =
1?
#12440
0!
0'
#12445
1!
1'
b10101 T
b1001 8
b11001110 =
b1 >
0+
1*
b0 <
#12450
0!
0'
#12455
1!
1'
0U
b0 T
b0 ;
b1010 8
b10011100 =
b10 >
0Q
0*
b1 <
#12460
0!
0'
#12465
1!
1'
1U
b1 ;
b0 6
b0 8
b0 >
0?
0M
0J
0I
0H
0G
1S
1)
b11 <
#12470
0!
0'
#12475
1!
1'
b1 T
b11 ;
1R
#12480
0!
0'
#12485
1!
1'
b10 T
b1 7
b1 8
0)
#12490
0!
0'
#12495
1!
1'
b11 T
b10 7
b10 8
1)
#12500
0!
0'
#12505
1!
1'
b100 T
b101 7
b11 8
#12510
0!
0'
#12515
1!
1'
b101 T
b1011 7
b100 8
0)
#12520
0!
0'
#12525
1!
1'
b110 T
b10110 7
b101 8
#12530
0!
0'
#12535
1!
1'
b111 T
b101100 7
b110 8
#12540
0!
0'
#12545
1!
1'
b1000 T
b1011000 7
b111 8
1)
#12550
0!
0'
#12555
1!
1'
b1001 T
b10110001 7
b1000 8
0)
#12560
0!
0'
#12565
1!
1'
b1010 T
b101100010 7
b1001 8
#12570
0!
0'
#12575
1!
1'
b1011 T
b1011000100 7
b1010 8
#12580
0!
0'
#12585
1!
1'
b1100 T
b110001000 7
b1011 8
15
b1011000100 6
b0 8
1:
1F
1N
1J
1I
1G
1*
b0 <
#12590
0!
0'
#12595
1!
1'
0U
b0 T
b0 ;
b1100010000 7
b1 8
05
0S
0R
0F
0*
b1 <
#12600
0!
0'
#12605
1!
1'
1U
b1 ;
b0 6
b0 8
b0 7
0N
0J
0I
0G
1S
1)
b100 <
#12610
0!
0'
#12615
1!
1'
b1 T
b100 ;
0S
1Q
#12620
0!
0'
#12625
1!
1'
b10 T
b1 7
b1 8
0)
#12630
0!
0'
#12635
1!
1'
b11 T
b10 7
b10 8
1)
#12640
0!
0'
#12645
1!
1'
b100 T
b101 7
b11 8
#12650
0!
0'
#12655
1!
1'
b101 T
b1011 7
b100 8
0)
#12660
0!
0'
#12665
1!
1'
b110 T
b10110 7
b101 8
#12670
0!
0'
#12675
1!
1'
b111 T
b101100 7
b110 8
1)
#12680
0!
0'
#12685
1!
1'
b1000 T
b1011001 7
b111 8
#12690
0!
0'
#12695
1!
1'
b1001 T
b10110011 7
b1000 8
0)
#12700
0!
0'
#12705
1!
1'
b1010 T
b101100110 7
b1001 8
1)
#12710
0!
0'
#12715
1!
1'
b1011 T
b1011001101 7
b1010 8
#12720
0!
0'
#12725
1!
1'
b1100 T
b110011011 7
b1011 8
15
b1011001101 6
b0 8
1F
1P
1N
1M
1J
1I
1G
1*
0)
b0 <
#12730
0!
0'
#12735
1!
1'
0U
b0 T
b0 ;
b1100110110 7
b1 8
05
0Q
0F
0*
b1 <
#12740
0!
0'
#12745
1!
1'
1U
b1 ;
b0 6
b0 8
b0 7
0P
0N
0M
0J
0I
0G
1S
b10 <
#12750
0!
0'
#12755
1!
1'
b1 T
b10 ;
0S
1R
#12760
0!
0'
#12765
1!
1'
b10 T
b1 8
1)
#12770
0!
0'
#12775
1!
1'
b11 T
b1 7
b10 8
0)
#12780
0!
0'
#12785
1!
1'
b100 T
b10 7
b11 8
#12790
0!
0'
#12795
1!
1'
b101 T
b100 7
b100 8
#12800
0!
0'
#12805
1!
1'
b110 T
b1000 7
b101 8
#12810
0!
0'
#12815
1!
1'
b111 T
b10000 7
b110 8
#12820
0!
0'
#12825
1!
1'
b1000 T
b100000 7
b111 8
#12830
0!
0'
#12835
1!
1'
b1001 T
b1000000 7
b1000 8
#12840
0!
0'
#12845
1!
1'
b1010 T
b10000000 7
b1001 8
#12850
0!
0'
#12855
1!
1'
b1011 T
b100000000 7
b1010 8
#12860
0!
0'
#12865
1!
1'
b1100 T
b1000000000 7
b1011 8
15
b100000000 6
b0 8
1F
1H
1*
b0 <
#12870
0!
0'
#12875
1!
1'
0U
b0 T
b0 ;
b0 7
b1 8
05
0R
0F
0*
b1 <
#12880
0!
0'
#12885
1!
1'
1U
b1 ;
b0 6
b0 8
0H
1S
1)
b100 <
#12890
0!
0'
#12895
1!
1'
b1 T
b100 ;
0S
1Q
#12900
0!
0'
#12905
1!
1'
b10 T
b1 7
b1 8
0)
#12910
0!
0'
#12915
1!
1'
b11 T
b10 7
b10 8
#12920
0!
0'
#12925
1!
1'
b100 T
b100 7
b11 8
#12930
0!
0'
#12935
1!
1'
b101 T
b1000 7
b100 8
1)
#12940
0!
0'
#12945
1!
1'
b110 T
b10001 7
b101 8
0)
#12950
0!
0'
#12955
1!
1'
b111 T
b100010 7
b110 8
1)
#12960
0!
0'
#12965
1!
1'
b1000 T
b1000101 7
b111 8
#12970
0!
0'
#12975
1!
1'
b1001 T
b10001011 7
b1000 8
0)
#12980
0!
0'
#12985
1!
1'
b1010 T
b100010110 7
b1001 8
1)
#12990
0!
0'
#12995
1!
1'
b1011 T
b1000101101 7
b1010 8
#13000
0!
0'
#13005
1!
1'
b1100 T
b1011011 7
b1011 8
15
b1000101101 6
b0 8
1F
1P
1N
1M
1K
1G
1*
0)
b0 <
#13010
0!
0'
#13015
1!
1'
0U
b0 T
b0 ;
b10110110 7
b1 8
05
0F
1+
03
02
01
10
1/
0.
0-
0,
0Q
0*
b1 <
#13020
0!
0'
#13025
1!
1'
1U
b1 ;
b0 6
b0 8
b0 7
0P
0N
0M
0K
0G
1S
1)
b100 <
#13030
0!
0'
#13035
1!
1'
b1 T
b100 ;
0S
1Q
#13040
0!
0'
#13045
1!
1'
b10 T
b1 7
b1 8
b11000 =
1?
#13050
0!
0'
#13055
1!
1'
b11 T
b11 7
b10 8
04
b110000 =
b1 >
0E
0)
#13060
0!
0'
#13065
1!
1'
b100 T
b110 7
b11 8
b11000 =
b1100000 =
b10 >
1)
#13070
0!
0'
#13075
1!
1'
b101 T
b1101 7
b100 8
b11000 =
b11000000 =
b11 >
#13080
0!
0'
#13085
1!
1'
b110 T
b11011 7
b101 8
b11000 =
14
b10000000 =
b100 >
1E
0)
#13090
0!
0'
#13095
1!
1'
b111 T
b110110 7
b110 8
b11000 =
b0 =
b101 >
1)
#13100
0!
0'
#13105
1!
1'
b1000 T
b1101101 7
b111 8
b11000 =
04
b0 =
b110 >
0E
#13110
0!
0'
#13115
1!
1'
b1001 T
b11011011 7
b1000 8
b11000 =
b0 =
b111 >
0)
#13120
0!
0'
#13125
1!
1'
b1010 T
b110110110 7
b1001 8
b11000 =
b0 =
b1000 >
b0 >
0?
0:
1)
#13130
0!
0'
#13135
1!
1'
b1011 T
b1101101101 7
b1010 8
b11000 =
1?
#13140
0!
0'
#13145
1!
1'
b1100 T
b1011011011 7
b1011 8
15
b1101101101 6
b0 8
b110000 =
b1 >
1F
1P
1N
1M
1K
1J
1H
1G
#13150
0!
0'
#13155
1!
1'
b1101 T
b110110111 7
b1 8
05
b11000 =
b1100000 =
b10 >
0F
#13160
0!
0'
#13165
1!
1'
b1110 T
b1101101111 7
b10 8
b11000 =
b11000000 =
b11 >
#13170
0!
0'
#13175
1!
1'
b1111 T
b1011011111 7
b11 8
b11000 =
14
b10000000 =
b100 >
1E
#13180
0!
0'
#13185
1!
1'
b10000 T
b110111111 7
b100 8
b11000 =
b0 =
b101 >
#13190
0!
0'
#13195
1!
1'
b10001 T
b1101111111 7
b101 8
b11000 =
04
b0 =
b110 >
0E
#13200
0!
0'
#13205
1!
1'
b10010 T
b1011111111 7
b110 8
b11000 =
b0 =
b111 >
#13210
0!
0'
#13215
1!
1'
b10011 T
b111111111 7
b111 8
b11000 =
b0 =
b1000 >
b0 >
0?
#13220
0!
0'
#13225
1!
1'
b10100 T
b1111111111 7
b1000 8
b11000 =
1?
#13230
0!
0'
#13235
1!
1'
b10101 T
b1001 8
b110000 =
b1 >
0+
1*
0)
b0 <
#13240
0!
0'
#13245
1!
1'
0U
b0 T
b0 ;
b1111111110 7
b1010 8
b1100000 =
b10 >
0Q
0*
b1 <
#13250
0!
0'
#13255
1!
1'
1U
b1 ;
b0 6
b0 8
b0 >
0?
b0 7
0P
0N
0M
0K
0J
0H
0G
1S
b10 <
#13260
0!
0'
#13265
1!
1'
b1 T
b10 ;
0S
1R
#13270
0!
0'
#13275
1!
1'
b10 T
b1 8
1)
#13280
0!
0'
#13285
1!
1'
b11 T
b1 7
b10 8
#13290
0!
0'
#13295
1!
1'
b100 T
b11 7
b11 8
0)
#13300
0!
0'
#13305
1!
1'
b101 T
b110 7
b100 8
1)
#13310
0!
0'
#13315
1!
1'
b110 T
b1101 7
b101 8
0)
#13320
0!
0'
#13325
1!
1'
b111 T
b11010 7
b110 8
1)
#13330
0!
0'
#13335
1!
1'
b1000 T
b110101 7
b111 8
0)
#13340
0!
0'
#13345
1!
1'
b1001 T
b1101010 7
b1000 8
1)
#13350
0!
0'
#13355
1!
1'
b1010 T
b11010101 7
b1001 8
0)
#13360
0!
0'
#13365
1!
1'
b1011 T
b110101010 7
b1010 8
#13370
0!
0'
#13375
1!
1'
b1100 T
b1101010100 7
b1011 8
15
b110101010 6
b0 8
1F
1O
1M
1K
1I
1H
1*
b0 <
#13380
0!
0'
#13385
1!
1'
0U
b0 T
b0 ;
b1010101000 7
b1 8
05
0R
0F
0*
b1 <
#13390
0!
0'
#13395
1!
1'
1U
b1 ;
b0 6
b0 8
b0 7
0O
0M
0K
0I
0H
1S
1)
b11 <
#13400
0!
0'
#13405
1!
1'
b1 T
b11 ;
1R
#13410
0!
0'
#13415
1!
1'
b10 T
b1 7
b1 8
0)
#13420
0!
0'
#13425
1!
1'
b11 T
b10 7
b10 8
1)
#13430
0!
0'
#13435
1!
1'
b100 T
b101 7
b11 8
0)
#13440
0!
0'
#13445
1!
1'
b101 T
b1010 7
b100 8
1)
#13450
0!
0'
#13455
1!
1'
b110 T
b10101 7
b101 8
#13460
0!
0'
#13465
1!
1'
b111 T
b101011 7
b110 8
#13470
0!
0'
#13475
1!
1'
b1000 T
b1010111 7
b111 8
0)
#13480
0!
0'
#13485
1!
1'
b1001 T
b10101110 7
b1000 8
#13490
0!
0'
#13495
1!
1'
b1010 T
b101011100 7
b1001 8
1)
#13500
0!
0'
#13505
1!
1'
b1011 T
b1010111001 7
b1010 8
#13510
0!
0'
#13515
1!
1'
b1100 T
b101110011 7
b1011 8
15
b1010111001 6
b0 8
1:
1F
1P
1M
1L
1K
1I
1G
1*
0)
b0 <
#13520
0!
0'
#13525
1!
1'
0U
b0 T
b0 ;
b1011100110 7
b1 8
05
0S
0R
0F
0*
b1 <
#13530
0!
0'
#13535
1!
1'
1U
b1 ;
b0 6
b0 8
b0 7
0P
0M
0L
0K
0I
0G
1S
b10 <
#13540
0!
0'
#13545
1!
1'
b1 T
b10 ;
0S
1R
#13550
0!
0'
#13555
1!
1'
b10 T
b1 8
1)
#13560
0!
0'
#13565
1!
1'
b11 T
b1 7
b10 8
#13570
0!
0'
#13575
1!
1'
b100 T
b11 7
b11 8
0)
#13580
0!
0'
#13585
1!
1'
b101 T
b110 7
b100 8
1)
#13590
0!
0'
#13595
1!
1'
b110 T
b1101 7
b101 8
0)
#13600
0!
0'
#13605
1!
1'
b111 T
b11010 7
b110 8
1)
#13610
0!
0'
#13615
1!
1'
b1000 T
b110101 7
b111 8
0)
#13620
0!
0'
#13625
1!
1'
b1001 T
b1101010 7
b1000 8
#13630
0!
0'
#13635
1!
1'
b1010 T
b11010100 7
b1001 8
1)
#13640
0!
0'
#13645
1!
1'
b1011 T
b110101001 7
b1010 8
#13650
0!
0'
#13655
1!
1'
b1100 T
b1101010011 7
b1011 8
15
b110101001 6
b0 8
1F
1P
1M
1K
1I
1H
1*
0)
b0 <
#13660
0!
0'
#13665
1!
1'
0U
b0 T
b0 ;
b1010100110 7
b1 8
05
0R
0F
0*
b1 <
#13670
0!
0'
#13675
1!
1'
1U
b1 ;
b0 6
b0 8
b0 7
0P
0M
0K
0I
0H
1S
1)
b100 <
#13680
0!
0'
#13685
1!
1'
b1 T
b100 ;
0S
1Q
#13690
0!
0'
#13695
1!
1'
b10 T
b1 7
b1 8
0)
#13700
0!
0'
#13705
1!
1'
b11 T
b10 7
b10 8
#13710
0!
0'
#13715
1!
1'
b100 T
b100 7
b11 8
1)
#13720
0!
0'
#13725
1!
1'
b101 T
b1001 7
b100 8
#13730
0!
0'
#13735
1!
1'
b110 T
b10011 7
b101 8
0)
#13740
0!
0'
#13745
1!
1'
b111 T
b100110 7
b110 8
#13750
0!
0'
#13755
1!
1'
b1000 T
b1001100 7
b111 8
#13760
0!
0'
#13765
1!
1'
b1001 T
b10011000 7
b1000 8
#13770
0!
0'
#13775
1!
1'
b1010 T
b100110000 7
b1001 8
1)
#13780
0!
0'
#13785
1!
1'
b1011 T
b1001100001 7
b1010 8
#13790
0!
0'
#13795
1!
1'
b1100 T
b11000011 7
b1011 8
15
b1001100001 6
b0 8
1F
1P
1K
1J
1G
1*
0)
b0 <
#13800
0!
0'
#13805
1!
1'
0U
b0 T
b0 ;
b110000110 7
b1 8
05
0Q
0F
0*
b1 <
#13810
0!
0'
#13815
1!
1'
1U
b1 ;
b0 6
b0 8
b0 7
0P
0K
0J
0G
1S
1)
b100 <
#13820
0!
0'
#13825
1!
1'
b1 T
b100 ;
0S
1Q
#13830
0!
0'
#13835
1!
1'
b10 T
b1 7
b1 8
0)
#13840
0!
0'
#13845
1!
1'
b11 T
b10 7
b10 8
#13850
0!
0'
#13855
1!
1'
b100 T
b100 7
b11 8
#13860
0!
0'
#13865
1!
1'
b101 T
b1000 7
b100 8
#13870
0!
0'
#13875
1!
1'
b110 T
b10000 7
b101 8
#13880
0!
0'
#13885
1!
1'
b111 T
b100000 7
b110 8
1)
#13890
0!
0'
#13895
1!
1'
b1000 T
b1000001 7
b111 8
0)
#13900
0!
0'
#13905
1!
1'
b1001 T
b10000010 7
b1000 8
#13910
0!
0'
#13915
1!
1'
b1010 T
b100000100 7
b1001 8
1)
#13920
0!
0'
#13925
1!
1'
b1011 T
b1000001001 7
b1010 8
#13930
0!
0'
#13935
1!
1'
b1100 T
b10011 7
b1011 8
15
b1000001001 6
b0 8
1F
1P
1M
1G
1*
0)
b0 <
#13940
0!
0'
#13945
1!
1'
0U
b0 T
b0 ;
b100110 7
b1 8
05
0Q
0F
0*
b1 <
#13950
0!
0'
#13955
1!
1'
1U
b1 ;
b0 6
b0 8
b0 7
0P
0M
0G
1S
1)
b100 <
#13960
0!
0'
#13965
1!
1'
b1 T
b100 ;
0S
1Q
#13970
0!
0'
#13975
1!
1'
b10 T
b1 7
b1 8
0)
#13980
0!
0'
#13985
1!
1'
b11 T
b10 7
b10 8
#13990
0!
0'
#13995
1!
1'
b100 T
b100 7
b11 8
1)
#14000
0!
0'
#14005
1!
1'
b101 T
b1001 7
b100 8
0)
#14010
0!
0'
#14015
1!
1'
b110 T
b10010 7
b101 8
1)
#14020
0!
0'
#14025
1!
1'
b111 T
b100101 7
b110 8
0)
#14030
0!
0'
#14035
1!
1'
b1000 T
b1001010 7
b111 8
1)
#14040
0!
0'
#14045
1!
1'
b1001 T
b10010101 7
b1000 8
0)
#14050
0!
0'
#14055
1!
1'
b1010 T
b100101010 7
b1001 8
1)
#14060
0!
0'
#14065
1!
1'
b1011 T
b1001010101 7
b1010 8
#14070
0!
0'
#14075
1!
1'
b1100 T
b10101011 7
b1011 8
15
b1001010101 6
b0 8
1F
1P
1N
1L
1J
1G
1*
0)
b0 <
#14080
0!
0'
#14085
1!
1'
0U
b0 T
b0 ;
b101010110 7
b1 8
05
0F
1+
12
1-
1,
0Q
0*
b1 <
#14090
0!
0'
#14095
1!
1'
1U
b1 ;
b0 6
b0 8
b0 7
0P
0N
0L
0J
0G
1S
1)
b100 <
#14100
0!
0'
#14105
1!
1'
b1 T
b100 ;
0S
1Q
#14110
0!
0'
#14115
1!
1'
b10 T
b1 7
b1 8
b11011010 =
1?
#14120
0!
0'
#14125
1!
1'
b11 T
b11 7
b10 8
14
b10110100 =
b1 >
1E
#14130
0!
0'
#14135
1!
1'
b100 T
b111 7
b11 8
b11011010 =
b1101000 =
b10 >
0)
#14140
0!
0'
#14145
1!
1'
b101 T
b1110 7
b100 8
b11011010 =
04
b11010000 =
b11 >
0E
#14150
0!
0'
#14155
1!
1'
b110 T
b11100 7
b101 8
b11011010 =
14
b10100000 =
b100 >
1E
#14160
0!
0'
#14165
1!
1'
b111 T
b111000 7
b110 8
b11011010 =
b1000000 =
b101 >
1)
#14170
0!
0'
#14175
1!
1'
b1000 T
b1110001 7
b111 8
b11011010 =
04
b10000000 =
b110 >
0E
0)
#14180
0!
0'
#14185
1!
1'
b1001 T
b11100010 7
b1000 8
b11011010 =
14
b0 =
b111 >
1E
1)
#14190
0!
0'
#14195
1!
1'
b1010 T
b111000101 7
b1001 8
b11011010 =
04
b0 =
b1000 >
b0 >
0?
0:
0E
0)
#14200
0!
0'
#14205
1!
1'
b1011 T
b1110001010 7
b1010 8
b11011010 =
1?
#14210
0!
0'
#14215
1!
1'
b1100 T
b1100010100 7
b1011 8
15
b1110001010 6
b0 8
14
b10110100 =
b1 >
1F
1O
1M
1I
1H
1G
1E
#14220
0!
0'
#14225
1!
1'
b1101 T
b1000101000 7
b1 8
05
b11011010 =
b1101000 =
b10 >
0F
#14230
0!
0'
#14235
1!
1'
b1110 T
b1010000 7
b10 8
b11011010 =
04
b11010000 =
b11 >
0E
#14240
0!
0'
#14245
1!
1'
b1111 T
b10100000 7
b11 8
b11011010 =
14
b10100000 =
b100 >
1E
#14250
0!
0'
#14255
1!
1'
b10000 T
b101000000 7
b100 8
b11011010 =
b1000000 =
b101 >
#14260
0!
0'
#14265
1!
1'
b10001 T
b1010000000 7
b101 8
b11011010 =
04
b10000000 =
b110 >
0E
#14270
0!
0'
#14275
1!
1'
b10010 T
b100000000 7
b110 8
b11011010 =
14
b0 =
b111 >
1E
#14280
0!
0'
#14285
1!
1'
b10011 T
b1000000000 7
b111 8
b11011010 =
04
b0 =
b1000 >
b0 >
0?
0E
#14290
0!
0'
#14295
1!
1'
b10100 T
b0 7
b1000 8
b11011010 =
1?
#14300
0!
0'
#14305
1!
1'
b10101 T
b1001 8
14
b10110100 =
b1 >
1E
0+
1*
b0 <
#14310
0!
0'
#14315
1!
1'
0U
b0 T
b0 ;
b1010 8
b1101000 =
b10 >
1+
02
11
0/
0,
0Q
0*
b1 <
#14320
0!
0'
#14325
1!
1'
1U
b1 ;
b0 6
b0 8
b0 >
0?
0O
0M
0I
0H
0G
1S
1)
b11 <
#14330
0!
0'
#14335
1!
1'
b1 T
b11 ;
1R
#14340
0!
0'
#14345
1!
1'
b10 T
b1 7
b1 8
#14350
0!
0'
#14355
1!
1'
b11 T
b11 7
b10 8
#14360
0!
0'
#14365
1!
1'
b100 T
b111 7
b11 8
#14370
0!
0'
#14375
1!
1'
b101 T
b1111 7
b100 8
#14380
0!
0'
#14385
1!
1'
b110 T
b11111 7
b101 8
0)
#14390
0!
0'
#14395
1!
1'
b111 T
b111110 7
b110 8
#14400
0!
0'
#14405
1!
1'
b1000 T
b1111100 7
b111 8
1)
#14410
0!
0'
#14415
1!
1'
b1001 T
b11111001 7
b1000 8
0)
#14420
0!
0'
#14425
1!
1'
b1010 T
b111110010 7
b1001 8
#14430
0!
0'
#14435
1!
1'
b1011 T
b1111100100 7
b1010 8
#14440
0!
0'
#14445
1!
1'
b1100 T
b1111001000 7
b1011 8
15
b1111100100 6
b0 8
1:
1F
1N
1K
1J
1I
1H
1G
#14450
0!
0'
#14455
1!
1'
b1101 T
b1110010000 7
b1 8
05
0F
#14460
0!
0'
#14465
1!
1'
b1110 T
b1100100000 7
b10 8
#14470
0!
0'
#14475
1!
1'
b1111 T
b1001000000 7
b11 8
#14480
0!
0'
#14485
1!
1'
b10000 T
b10000000 7
b100 8
#14490
0!
0'
#14495
1!
1'
b10001 T
b100000000 7
b101 8
#14500
0!
0'
#14505
1!
1'
b10010 T
b1000000000 7
b110 8
#14510
0!
0'
#14515
1!
1'
b10011 T
b0 7
b111 8
#14520
0!
0'
#14525
1!
1'
b10100 T
b1000 8
#14530
0!
0'
#14535
1!
1'
b10101 T
b1001 8
0+
1*
b0 <
#14540
0!
0'
#14545
1!
1'
0U
b0 T
b0 ;
b1010 8
0S
0R
0*
b1 <
#14550
0!
0'
#14555
1!
1'
1U
b1 ;
b0 6
b0 8
0N
0K
0J
0I
0H
0G
1S
1)
b100 <
#14560
0!
0'
#14565
1!
1'
b1 T
b100 ;
0S
1Q
#14570
0!
0'
#14575
1!
1'
b10 T
b1 7
b1 8
0)
#14580
0!
0'
#14585
1!
1'
b11 T
b10 7
b10 8
1)
#14590
0!
0'
#14595
1!
1'
b100 T
b101 7
b11 8
#14600
0!
0'
#14605
1!
1'
b101 T
b1011 7
b100 8
#14610
0!
0'
#14615
1!
1'
b110 T
b10111 7
b101 8
0)
#14620
0!
0'
#14625
1!
1'
b111 T
b101110 7
b110 8
1)
#14630
0!
0'
#14635
1!
1'
b1000 T
b1011101 7
b111 8
0)
#14640
0!
0'
#14645
1!
1'
b1001 T
b10111010 7
b1000 8
#14650
0!
0'
#14655
1!
1'
b1010 T
b101110100 7
b1001 8
#14660
0!
0'
#14665
1!
1'
b1011 T
b1011101000 7
b1010 8
#14670
0!
0'
#14675
1!
1'
b1100 T
b111010000 7
b1011 8
15
b1011101000 6
b0 8
1F
1M
1K
1J
1I
1G
1*
b0 <
#14680
0!
0'
#14685
1!
1'
0U
b0 T
b0 ;
b1110100000 7
b1 8
05
0Q
0F
0*
b1 <
#14690
0!
0'
#14695
1!
1'
1U
b1 ;
b0 6
b0 8
b0 7
0M
0K
0J
0I
0G
1S
1)
b100 <
#14700
0!
0'
#14705
1!
1'
b1 T
b100 ;
0S
1Q
#14710
0!
0'
#14715
1!
1'
b10 T
b1 7
b1 8
0)
#14720
0!
0'
#14725
1!
1'
b11 T
b10 7
b10 8
1)
#14730
0!
0'
#14735
1!
1'
b100 T
b101 7
b11 8
#14740
0!
0'
#14745
1!
1'
b101 T
b1011 7
b100 8
#14750
0!
0'
#14755
1!
1'
b110 T
b10111 7
b101 8
0)
#14760
0!
0'
#14765
1!
1'
b111 T
b101110 7
b110 8
#14770
0!
0'
#14775
1!
1'
b1000 T
b1011100 7
b111 8
1)
#14780
0!
0'
#14785
1!
1'
b1001 T
b10111001 7
b1000 8
0)
#14790
0!
0'
#14795
1!
1'
b1010 T
b101110010 7
b1001 8
#14800
0!
0'
#14805
1!
1'
b1011 T
b1011100100 7
b1010 8
#14810
0!
0'
#14815
1!
1'
b1100 T
b111001000 7
b1011 8
15
b1011100100 6
b0 8
1F
1N
1K
1J
1I
1G
1*
b0 <
#14820
0!
0'
#14825
1!
1'
0U
b0 T
b0 ;
b1110010000 7
b1 8
05
0Q
0F
0*
b1 <
#14830
0!
0'
#14835
1!
1'
1U
b1 ;
b0 6
b0 8
b0 7
0N
0K
0J
0I
0G
1S
b10 <
#14840
0!
0'
#14845
1!
1'
b1 T
b10 ;
0S
1R
#14850
0!
0'
#14855
1!
1'
b10 T
b1 8
#14860
0!
0'
#14865
1!
1'
b11 T
b10 8
1)
#14870
0!
0'
#14875
1!
1'
b100 T
b1 7
b11 8
0)
#14880
0!
0'
#14885
1!
1'
b101 T
b10 7
b100 8
#14890
0!
0'
#14895
1!
1'
b110 T
b100 7
b101 8
1)
#14900
0!
0'
#14905
1!
1'
b111 T
b1001 7
b110 8
0)
#14910
0!
0'
#14915
1!
1'
b1000 T
b10010 7
b111 8
1)
#14920
0!
0'
#14925
1!
1'
b1001 T
b100101 7
b1000 8
0)
#14930
0!
0'
#14935
1!
1'
b1010 T
b1001010 7
b1001 8
1)
#14940
0!
0'
#14945
1!
1'
b1011 T
b10010101 7
b1010 8
#14950
0!
0'
#14955
1!
1'
b1100 T
b100101011 7
b1011 8
15
b10010101 6
b0 8
1F
1P
1N
1L
1I
1*
0)
b0 <
#14960
0!
0'
#14965
1!
1'
0U
b0 T
b0 ;
b1001010110 7
b1 8
05
0R
0F
0*
b1 <
#14970
0!
0'
#14975
1!
1'
1U
b1 ;
b0 6
b0 8
b0 7
0P
0N
0L
0I
1S
b10 <
#14980
0!
0'
#14985
1!
1'
b1 T
b10 ;
0S
1R
#14990
0!
0'
#14995
1!
1'
b10 T
b1 8
#15000
0!
0'
#15005
1!
1'
b11 T
b10 8
#15010
0!
0'
#15015
1!
1'
b100 T
b11 8
#15020
0!
0'
#15025
1!
1'
b101 T
b100 8
#15030
0!
0'
#15035
1!
1'
b110 T
b101 8
#15040
0!
0'
#15045
1!
1'
b111 T
b110 8
1)
#15050
0!
0'
#15055
1!
1'
b1000 T
b1 7
b111 8
#15060
0!
0'
#15065
1!
1'
b1001 T
b11 7
b1000 8
0)
#15070
0!
0'
#15075
1!
1'
b1010 T
b110 7
b1001 8
#15080
0!
0'
#15085
1!
1'
b1011 T
b1100 7
b1010 8
#15090
0!
0'
#15095
1!
1'
b1100 T
b11000 7
b1011 8
15
b1100 6
b0 8
1F
1N
1M
1*
b0 <
#15100
0!
0'
#15105
1!
1'
0U
b0 T
b0 ;
b110000 7
b1 8
05
0R
0F
0*
b1 <
#15110
0!
0'
#15115
1!
1'
1U
b1 ;
b0 6
b0 8
b0 7
0N
0M
1S
1)
b100 <
#15120
0!
0'
#15125
1!
1'
b1 T
b100 ;
0S
1Q
#15130
0!
0'
#15135
1!
1'
b10 T
b1 7
b1 8
0)
#15140
0!
0'
#15145
1!
1'
b11 T
b10 7
b10 8
#15150
0!
0'
#15155
1!
1'
b100 T
b100 7
b11 8
1)
#15160
0!
0'
#15165
1!
1'
b101 T
b1001 7
b100 8
0)
#15170
0!
0'
#15175
1!
1'
b110 T
b10010 7
b101 8
1)
#15180
0!
0'
#15185
1!
1'
b111 T
b100101 7
b110 8
0)
#15190
0!
0'
#15195
1!
1'
b1000 T
b1001010 7
b111 8
1)
#15200
0!
0'
#15205
1!
1'
b1001 T
b10010101 7
b1000 8
#15210
0!
0'
#15215
1!
1'
b1010 T
b100101011 7
b1001 8
#15220
0!
0'
#15225
1!
1'
b1011 T
b1001010111 7
b1010 8
#15230
0!
0'
#15235
1!
1'
b1100 T
b10101111 7
b1011 8
15
b1001010111 6
b0 8
1F
1P
1O
1N
1L
1J
1G
1*
0)
b0 <
#15240
0!
0'
#15245
1!
1'
0U
b0 T
b0 ;
b101011110 7
b1 8
05
0Q
0F
0*
b1 <
#15250
0!
0'
#15255
1!
1'
1U
b1 ;
b0 6
b0 8
b0 7
0P
0O
0N
0L
0J
0G
1S
b10 <
#15260
0!
0'
#15265
1!
1'
b1 T
b10 ;
0S
1R
#15270
0!
0'
#15275
1!
1'
b10 T
b1 8
1)
#15280
0!
0'
#15285
1!
1'
b11 T
b1 7
b10 8
#15290
0!
0'
#15295
1!
1'
b100 T
b11 7
b11 8
0)
#15300
0!
0'
#15305
1!
1'
b101 T
b110 7
b100 8
#15310
0!
0'
#15315
1!
1'
b110 T
b1100 7
b101 8
1)
#15320
0!
0'
#15325
1!
1'
b111 T
b11001 7
b110 8
0)
#15330
0!
0'
#15335
1!
1'
b1000 T
b110010 7
b111 8
#15340
0!
0'
#15345
1!
1'
b1001 T
b1100100 7
b1000 8
1)
#15350
0!
0'
#15355
1!
1'
b1010 T
b11001001 7
b1001 8
#15360
0!
0'
#15365
1!
1'
b1011 T
b110010011 7
b1010 8
#15370
0!
0'
#15375
1!
1'
b1100 T
b1100100111 7
b1011 8
15
b110010011 6
b0 8
1F
1P
1O
1L
1I
1H
1*
0)
b0 <
#15380
0!
0'
#15385
1!
1'
0U
b0 T
b0 ;
b1001001110 7
b1 8
05
0F
1+
13
01
0R
0*
b1 <
#15390
0!
0'
#15395
1!
1'
1U
b1 ;
b0 6
b0 8
b0 7
0P
0O
0L
0I
0H
1S
1)
b100 <
#15400
0!
0'
#15405
1!
1'
b1 T
b100 ;
0S
1Q
#15410
0!
0'
#15415
1!
1'
b10 T
b1 7
b1 8
b1001001 =
1?
#15420
0!
0'
#15425
1!
1'
b11 T
b11 7
b10 8
04
b10010010 =
b1 >
0E
#15430
0!
0'
#15435
1!
1'
b100 T
b111 7
b11 8
b1001001 =
14
b100100 =
b10 >
1E
0)
#15440
0!
0'
#15445
1!
1'
b101 T
b1110 7
b100 8
b1001001 =
04
b1001000 =
b11 >
0E
1)
#15450
0!
0'
#15455
1!
1'
b110 T
b11101 7
b101 8
b1001001 =
b10010000 =
b100 >
#15460
0!
0'
#15465
1!
1'
b111 T
b111011 7
b110 8
b1001001 =
14
b100000 =
b101 >
1E
0)
#15470
0!
0'
#15475
1!
1'
b1000 T
b1110110 7
b111 8
b1001001 =
04
b1000000 =
b110 >
0E
#15480
0!
0'
#15485
1!
1'
b1001 T
b11101100 7
b1000 8
b1001001 =
b10000000 =
b111 >
1)
#15490
0!
0'
#15495
1!
1'
b1010 T
b111011001 7
b1001 8
b1001001 =
14
b0 =
b1000 >
b0 >
0?
0:
1E
0)
#15500
0!
0'
#15505
1!
1'
b1011 T
b1110110010 7
b1010 8
b1001001 =
1?
#15510
0!
0'
#15515
1!
1'
b1100 T
b1101100100 7
b1011 8
15
b1110110010 6
b0 8
04
b10010010 =
b1 >
1F
1O
1L
1K
1I
1H
1G
0E
#15520
0!
0'
#15525
1!
1'
b1101 T
b1011001000 7
b1 8
05
b1001001 =
14
b100100 =
b10 >
0F
1E
#15530
0!
0'
#15535
1!
1'
b1110 T
b110010000 7
b10 8
b1001001 =
04
b1001000 =
b11 >
0E
#15540
0!
0'
#15545
1!
1'
b1111 T
b1100100000 7
b11 8
b1001001 =
b10010000 =
b100 >
#15550
0!
0'
#15555
1!
1'
b10000 T
b1001000000 7
b100 8
b1001001 =
14
b100000 =
b101 >
1E
#15560
0!
0'
#15565
1!
1'
b10001 T
b10000000 7
b101 8
b1001001 =
04
b1000000 =
b110 >
0E
#15570
0!
0'
#15575
1!
1'
b10010 T
b100000000 7
b110 8
b1001001 =
b10000000 =
b111 >
#15580
0!
0'
#15585
1!
1'
b10011 T
b1000000000 7
b111 8
b1001001 =
14
b0 =
b1000 >
b0 >
0?
1E
#15590
0!
0'
#15595
1!
1'
b10100 T
b0 7
b1000 8
b1001001 =
1?
#15600
0!
0'
#15605
1!
1'
b10101 T
b1001 8
04
b10010010 =
b1 >
0E
0+
1*
b0 <
#15610
0!
0'
#15615
1!
1'
0U
b0 T
b0 ;
b1010 8
14
b100100 =
b10 >
0Q
1E
0*
b1 <
#15620
0!
0'
#15625
1!
1'
1U
b1 ;
b0 6
b0 8
b0 >
0?
0O
0L
0K
0I
0H
0G
1S
b10 <
#15630
0!
0'
#15635
1!
1'
b1 T
b10 ;
0S
1R
#15640
0!
0'
#15645
1!
1'
b10 T
b1 8
#15650
0!
0'
#15655
1!
1'
b11 T
b10 8
1)
#15660
0!
0'
#15665
1!
1'
b100 T
b1 7
b11 8
0)
#15670
0!
0'
#15675
1!
1'
b101 T
b10 7
b100 8
#15680
0!
0'
#15685
1!
1'
b110 T
b100 7
b101 8
#15690
0!
0'
#15695
1!
1'
b111 T
b1000 7
b110 8
#15700
0!
0'
#15705
1!
1'
b1000 T
b10000 7
b111 8
1)
#15710
0!
0'
#15715
1!
1'
b1001 T
b100001 7
b1000 8
#15720
0!
0'
#15725
1!
1'
b1010 T
b1000011 7
b1001 8
#15730
0!
0'
#15735
1!
1'
b1011 T
b10000111 7
b1010 8
#15740
0!
0'
#15745
1!
1'
b1100 T
b100001111 7
b1011 8
15
b10000111 6
b0 8
1F
1P
1O
1N
1I
1*
0)
b0 <
#15750
0!
0'
#15755
1!
1'
0U
b0 T
b0 ;
b1000011110 7
b1 8
05
0R
0F
0*
b1 <
#15760
0!
0'
#15765
1!
1'
1U
b1 ;
b0 6
b0 8
b0 7
0P
0O
0N
0I
1S
b10 <
#15770
0!
0'
#15775
1!
1'
b1 T
b10 ;
0S
1R
#15780
0!
0'
#15785
1!
1'
b10 T
b1 8
1)
#15790
0!
0'
#15795
1!
1'
b11 T
b1 7
b10 8
#15800
0!
0'
#15805
1!
1'
b100 T
b11 7
b11 8
#15810
0!
0'
#15815
1!
1'
b101 T
b111 7
b100 8
0)
#15820
0!
0'
#15825
1!
1'
b110 T
b1110 7
b101 8
#15830
0!
0'
#15835
1!
1'
b111 T
b11100 7
b110 8
1)
#15840
0!
0'
#15845
1!
1'
b1000 T
b111001 7
b111 8
0)
#15850
0!
0'
#15855
1!
1'
b1001 T
b1110010 7
b1000 8
#15860
0!
0'
#15865
1!
1'
b1010 T
b11100100 7
b1001 8
1)
#15870
0!
0'
#15875
1!
1'
b1011 T
b111001001 7
b1010 8
#15880
0!
0'
#15885
1!
1'
b1100 T
b1110010011 7
b1011 8
15
b111001001 6
b0 8
1F
1P
1M
1J
1I
1H
1*
0)
b0 <
#15890
0!
0'
#15895
1!
1'
0U
b0 T
b0 ;
b1100100110 7
b1 8
05
0R
0F
0*
b1 <
#15900
0!
0'
#15905
1!
1'
1U
b1 ;
b0 6
b0 8
b0 7
0P
0M
0J
0I
0H
1S
b10 <
#15910
0!
0'
#15915
1!
1'
b1 T
b10 ;
0S
1R
#15920
0!
0'
#15925
1!
1'
b10 T
b1 8
1)
#15930
0!
0'
#15935
1!
1'
b11 T
b1 7
b10 8
#15940
0!
0'
#15945
1!
1'
b100 T
b11 7
b11 8
#15950
0!
0'
#15955
1!
1'
b101 T
b111 7
b100 8
#15960
0!
0'
#15965
1!
1'
b110 T
b1111 7
b101 8
#15970
0!
0'
#15975
1!
1'
b111 T
b11111 7
b110 8
0)
#15980
0!
0'
#15985
1!
1'
b1000 T
b111110 7
b111 8
1)
#15990
0!
0'
#15995
1!
1'
b1001 T
b1111101 7
b1000 8
#16000
0!
0'
#16005
1!
1'
b1010 T
b11111011 7
b1001 8
0)
#16010
0!
0'
#16015
1!
1'
b1011 T
b111110110 7
b1010 8
#16020
0!
0'
#16025
1!
1'
b1100 T
b1111101100 7
b1011 8
15
b111110110 6
b0 8
1F
1O
1N
1L
1K
1J
1I
1H
1*
b0 <
#16030
0!
0'
#16035
1!
1'
0U
b0 T
b0 ;
b1111011000 7
b1 8
05
0R
0F
0*
b1 <
#16040
0!
0'
#16045
1!
1'
1U
b1 ;
b0 6
b0 8
b0 7
0O
0N
0L
0K
0J
0I
0H
1S
b10 <
#16050
0!
0'
#16055
1!
1'
b1 T
b10 ;
0S
1R
#16060
0!
0'
#16065
1!
1'
b10 T
b1 8
#16070
0!
0'
#16075
1!
1'
b11 T
b10 8
1)
#16080
0!
0'
#16085
1!
1'
b100 T
b1 7
b11 8
0)
#16090
0!
0'
#16095
1!
1'
b101 T
b10 7
b100 8
#16100
0!
0'
#16105
1!
1'
b110 T
b100 7
b101 8
1)
#16110
0!
0'
#16115
1!
1'
b111 T
b1001 7
b110 8
0)
#16120
0!
0'
#16125
1!
1'
b1000 T
b10010 7
b111 8
1)
#16130
0!
0'
#16135
1!
1'
b1001 T
b100101 7
b1000 8
#16140
0!
0'
#16145
1!
1'
b1010 T
b1001011 7
b1001 8
#16150
0!
0'
#16155
1!
1'
b1011 T
b10010111 7
b1010 8
#16160
0!
0'
#16165
1!
1'
b1100 T
b100101111 7
b1011 8
15
b10010111 6
b0 8
1F
1P
1O
1N
1L
1I
1*
0)
b0 <
#16170
0!
0'
#16175
1!
1'
0U
b0 T
b0 ;
b1001011110 7
b1 8
05
0R
0F
0*
b1 <
#16180
0!
0'
#16185
1!
1'
1U
b1 ;
b0 6
b0 8
b0 7
0P
0O
0N
0L
0I
1S
b10 <
#16190
0!
0'
#16195
1!
1'
b1 T
b10 ;
0S
1R
#16200
0!
0'
#16205
1!
1'
b10 T
b1 8
1)
#16210
0!
0'
#16215
1!
1'
b11 T
b1 7
b10 8
0)
#16220
0!
0'
#16225
1!
1'
b100 T
b10 7
b11 8
#16230
0!
0'
#16235
1!
1'
b101 T
b100 7
b100 8
#16240
0!
0'
#16245
1!
1'
b110 T
b1000 7
b101 8
#16250
0!
0'
#16255
1!
1'
b111 T
b10000 7
b110 8
1)
#16260
0!
0'
#16265
1!
1'
b1000 T
b100001 7
b111 8
#16270
0!
0'
#16275
1!
1'
b1001 T
b1000011 7
b1000 8
0)
#16280
0!
0'
#16285
1!
1'
b1010 T
b10000110 7
b1001 8
#16290
0!
0'
#16295
1!
1'
b1011 T
b100001100 7
b1010 8
#16300
0!
0'
#16305
1!
1'
b1100 T
b1000011000 7
b1011 8
15
b100001100 6
b0 8
1F
1N
1M
1H
1*
b0 <
#16310
0!
0'
#16315
1!
1'
0U
b0 T
b0 ;
b110000 7
b1 8
05
0R
0F
0*
b1 <
#16320
0!
0'
#16325
1!
1'
1U
b1 ;
b0 6
b0 8
b0 7
0N
0M
0H
1S
1)
b11 <
#16330
0!
0'
#16335
1!
1'
b1 T
b11 ;
1R
#16340
0!
0'
#16345
1!
1'
b10 T
b1 7
b1 8
0)
#16350
0!
0'
#16355
1!
1'
b11 T
b10 7
b10 8
1)
#16360
0!
0'
#16365
1!
1'
b100 T
b101 7
b11 8
#16370
0!
0'
#16375
1!
1'
b101 T
b1011 7
b100 8
0)
#16380
0!
0'
#16385
1!
1'
b110 T
b10110 7
b101 8
#16390
0!
0'
#16395
1!
1'
b111 T
b101100 7
b110 8
1)
#16400
0!
0'
#16405
1!
1'
b1000 T
b1011001 7
b111 8
0)
#16410
0!
0'
#16415
1!
1'
b1001 T
b10110010 7
b1000 8
1)
#16420
0!
0'
#16425
1!
1'
b1010 T
b101100101 7
b1001 8
0)
#16430
0!
0'
#16435
1!
1'
b1011 T
b1011001010 7
b1010 8
#16440
0!
0'
#16445
1!
1'
b1100 T
b110010100 7
b1011 8
15
b1011001010 6
b0 8
1:
1F
1O
1M
1J
1I
1G
1*
b0 <
#16450
0!
0'
#16455
1!
1'
0U
b0 T
b0 ;
b1100101000 7
b1 8
05
0S
0R
0F
0*
b1 <
#16460
0!
0'
#16465
1!
1'
1U
b1 ;
b0 6
b0 8
b0 7
0O
0M
0J
0I
0G
1S
1)
b100 <
#16470
0!
0'
#16475
1!
1'
b1 T
b100 ;
0S
1Q
#16480
0!
0'
#16485
1!
1'
b10 T
b1 7
b1 8
0)
#16490
0!
0'
#16495
1!
1'
b11 T
b10 7
b10 8
1)
#16500
0!
0'
#16505
1!
1'
b100 T
b101 7
b11 8
#16510
0!
0'
#16515
1!
1'
b101 T
b1011 7
b100 8
#16520
0!
0'
#16525
1!
1'
b110 T
b10111 7
b101 8
0)
#16530
0!
0'
#16535
1!
1'
b111 T
b101110 7
b110 8
#16540
0!
0'
#16545
1!
1'
b1000 T
b1011100 7
b111 8
1)
#16550
0!
0'
#16555
1!
1'
b1001 T
b10111001 7
b1000 8
0)
#16560
0!
0'
#16565
1!
1'
b1010 T
b101110010 7
b1001 8
1)
#16570
0!
0'
#16575
1!
1'
b1011 T
b1011100101 7
b1010 8
#16580
0!
0'
#16585
1!
1'
b1100 T
b111001011 7
b1011 8
15
b1011100101 6
b0 8
1F
1P
1N
1K
1J
1I
1G
1*
0)
b0 <
#16590
0!
0'
#16595
1!
1'
0U
b0 T
b0 ;
b1110010110 7
b1 8
05
0Q
0F
0*
b1 <
#16600
0!
0'
#16605
1!
1'
1U
b1 ;
b0 6
b0 8
b0 7
0P
0N
0K
0J
0I
0G
1S
b10 <
#16610
0!
0'
#16615
1!
1'
b1 T
b10 ;
0S
1R
#16620
0!
0'
#16625
1!
1'
b10 T
b1 8
#16630
0!
0'
#16635
1!
1'
b11 T
b10 8
1)
#16640
0!
0'
#16645
1!
1'
b100 T
b1 7
b11 8
#16650
0!
0'
#16655
1!
1'
b101 T
b11 7
b100 8
0)
#16660
0!
0'
#16665
1!
1'
b110 T
b110 7
b101 8
1)
#16670
0!
0'
#16675
1!
1'
b111 T
b1101 7
b110 8
0)
#16680
0!
0'
#16685
1!
1'
b1000 T
b11010 7
b111 8
#16690
0!
0'
#16695
1!
1'
b1001 T
b110100 7
b1000 8
1)
#16700
0!
0'
#16705
1!
1'
b1010 T
b1101001 7
b1001 8
#16710
0!
0'
#16715
1!
1'
b1011 T
b11010011 7
b1010 8
#16720
0!
0'
#16725
1!
1'
b1100 T
b110100111 7
b1011 8
15
b11010011 6
b0 8
1F
1P
1O
1L
1J
1I
1*
0)
b0 <
#16730
0!
0'
#16735
1!
1'
0U
b0 T
b0 ;
b1101001110 7
b1 8
05
0F
1+
03
00
1/
1.
0-
0R
0*
b1 <
#16740
0!
0'
#16745
1!
1'
1U
b1 ;
b0 6
b0 8
b0 7
0P
0O
0L
0J
0I
1S
1)
b100 <
#16750
0!
0'
#16755
1!
1'
b1 T
b100 ;
0S
1Q
#16760
0!
0'
#16765
1!
1'
b10 T
b1 7
b1 8
b110000 =
1?
#16770
0!
0'
#16775
1!
1'
b11 T
b11 7
b10 8
04
b1100000 =
b1 >
0E
#16780
0!
0'
#16785
1!
1'
b100 T
b111 7
b11 8
b110000 =
b11000000 =
b10 >
0)
#16790
0!
0'
#16795
1!
1'
b101 T
b1110 7
b100 8
b110000 =
14
b10000000 =
b11 >
1E
#16800
0!
0'
#16805
1!
1'
b110 T
b11100 7
b101 8
b110000 =
b0 =
b100 >
#16810
0!
0'
#16815
1!
1'
b111 T
b111000 7
b110 8
b110000 =
04
b0 =
b101 >
0E
1)
#16820
0!
0'
#16825
1!
1'
b1000 T
b1110001 7
b111 8
b110000 =
b0 =
b110 >
#16830
0!
0'
#16835
1!
1'
b1001 T
b11100011 7
b1000 8
b110000 =
b0 =
b111 >
#16840
0!
0'
#16845
1!
1'
b1010 T
b111000111 7
b1001 8
b110000 =
b0 =
b1000 >
b0 >
0?
0:
#16850
0!
0'
#16855
1!
1'
b1011 T
b1110001111 7
b1010 8
b110000 =
1?
#16860
0!
0'
#16865
1!
1'
b1100 T
b1100011111 7
b1011 8
15
b1110001111 6
b0 8
b1100000 =
b1 >
1F
1P
1O
1N
1M
1I
1H
1G
#16870
0!
0'
#16875
1!
1'
b1101 T
b1000111111 7
b1 8
05
b110000 =
b11000000 =
b10 >
0F
#16880
0!
0'
#16885
1!
1'
b1110 T
b1111111 7
b10 8
b110000 =
14
b10000000 =
b11 >
1E
#16890
0!
0'
#16895
1!
1'
b1111 T
b11111111 7
b11 8
b110000 =
b0 =
b100 >
#16900
0!
0'
#16905
1!
1'
b10000 T
b111111111 7
b100 8
b110000 =
04
b0 =
b101 >
0E
#16910
0!
0'
#16915
1!
1'
b10001 T
b1111111111 7
b101 8
b110000 =
b0 =
b110 >
#16920
0!
0'
#16925
1!
1'
b10010 T
b110 8
b110000 =
b0 =
b111 >
#16930
0!
0'
#16935
1!
1'
b10011 T
b111 8
b110000 =
b0 =
b1000 >
b0 >
0?
#16940
0!
0'
#16945
1!
1'
b10100 T
b1000 8
b110000 =
1?
#16950
0!
0'
#16955
1!
1'
b10101 T
b1001 8
b1100000 =
b1 >
0+
1*
0)
b0 <
#16960
0!
0'
#16965
1!
1'
0U
b0 T
b0 ;
b1111111110 7
b1010 8
b11000000 =
b10 >
0Q
0*
b1 <
#16970
0!
0'
#16975
1!
1'
1U
b1 ;
b0 6
b0 8
b0 >
0?
b0 7
0P
0O
0N
0M
0I
0H
0G
1S
1)
b11 <
#16980
0!
0'
#16985
1!
1'
b1 T
b11 ;
1R
#16990
0!
0'
#16995
1!
1'
b10 T
b1 7
b1 8
0)
#17000
0!
0'
#17005
1!
1'
b11 T
b10 7
b10 8
#17010
0!
0'
#17015
1!
1'
b100 T
b100 7
b11 8
#17020
0!
0'
#17025
1!
1'
b101 T
b1000 7
b100 8
1)
#17030
0!
0'
#17035
1!
1'
b110 T
b10001 7
b101 8
#17040
0!
0'
#17045
1!
1'
b111 T
b100011 7
b110 8
0)
#17050
0!
0'
#17055
1!
1'
b1000 T
b1000110 7
b111 8
1)
#17060
0!
0'
#17065
1!
1'
b1001 T
b10001101 7
b1000 8
#17070
0!
0'
#17075
1!
1'
b1010 T
b100011011 7
b1001 8
#17080
0!
0'
#17085
1!
1'
b1011 T
b1000110111 7
b1010 8
#17090
0!
0'
#17095
1!
1'
b1100 T
b1101111 7
b1011 8
15
b1000110111 6
b0 8
1:
1F
1P
1O
1N
1L
1K
1G
1*
0)
b0 <
#17100
0!
0'
#17105
1!
1'
0U
b0 T
b0 ;
b11011110 7
b1 8
05
0F
1+
11
0/
0S
0R
0*
b1 <
#17110
0!
0'
#17115
1!
1'
1U
b1 ;
b0 6
b0 8
b0 7
0P
0O
0N
0L
0K
0G
1S
1)
b100 <
#17120
0!
0'
#17125
1!
1'
b1 T
b100 ;
0S
1Q
#17130
0!
0'
#17135
1!
1'
b10 T
b1 7
b1 8
b100100 =
1?
#17140
0!
0'
#17145
1!
1'
b11 T
b11 7
b10 8
b1001000 =
b1 >
#17150
0!
0'
#17155
1!
1'
b100 T
b111 7
b11 8
b100100 =
b10010000 =
b10 >
#17160
0!
0'
#17165
1!
1'
b101 T
b1111 7
b100 8
b100100 =
14
b100000 =
b11 >
1E
#17170
0!
0'
#17175
1!
1'
b110 T
b11111 7
b101 8
b100100 =
04
b1000000 =
b100 >
0E
0)
#17180
0!
0'
#17185
1!
1'
b111 T
b111110 7
b110 8
b100100 =
b10000000 =
b101 >
#17190
0!
0'
#17195
1!
1'
b1000 T
b1111100 7
b111 8
b100100 =
14
b0 =
b110 >
1E
#17200
0!
0'
#17205
1!
1'
b1001 T
b11111000 7
b1000 8
b100100 =
04
b0 =
b111 >
0E
1)
#17210
0!
0'
#17215
1!
1'
b1010 T
b111110001 7
b1001 8
b100100 =
b0 =
b1000 >
b0 >
0?
0:
0)
#17220
0!
0'
#17225
1!
1'
b1011 T
b1111100010 7
b1010 8
b100100 =
1?
#17230
0!
0'
#17235
1!
1'
b1100 T
b1111000100 7
b1011 8
15
b1111100010 6
b0 8
b1001000 =
b1 >
1F
1O
1K
1J
1I
1H
1G
#17240
0!
0'
#17245
1!
1'
b1101 T
b1110001000 7
b1 8
05
b100100 =
b10010000 =
b10 >
0F
#17250
0!
0'
#17255
1!
1'
b1110 T
b1100010000 7
b10 8
b100100 =
14
b100000 =
b11 >
1E
#17260
0!
0'
#17265
1!
1'
b1111 T
b1000100000 7
b11 8
b100100 =
04
b1000000 =
b100 >
0E
#17270
0!
0'
#17275
1!
1'
b10000 T
b1000000 7
b100 8
b100100 =
b10000000 =
b101 >
#17280
0!
0'
#17285
1!
1'
b10001 T
b10000000 7
b101 8
b100100 =
14
b0 =
b110 >
1E
#17290
0!
0'
#17295
1!
1'
b10010 T
b100000000 7
b110 8
b100100 =
04
b0 =
b111 >
0E
#17300
0!
0'
#17305
1!
1'
b10011 T
b1000000000 7
b111 8
b100100 =
b0 =
b1000 >
b0 >
0?
#17310
0!
0'
#17315
1!
1'
b10100 T
b0 7
b1000 8
b100100 =
1?
#17320
0!
0'
#17325
1!
1'
b10101 T
b1001 8
b1001000 =
b1 >
0+
1*
b0 <
#17330
0!
0'
#17335
1!
1'
0U
b0 T
b0 ;
b1010 8
b10010000 =
b10 >
1+
13
10
1/
0.
1-
1,
0Q
0*
b1 <
#17340
0!
0'
#17345
1!
1'
1U
b1 ;
b0 6
b0 8
b0 >
0?
0O
0K
0J
0I
0H
0G
1S
1)
b11 <
#17350
0!
0'
#17355
1!
1'
b1 T
b11 ;
1R
#17360
0!
0'
#17365
1!
1'
b10 T
b1 7
b1 8
#17370
0!
0'
#17375
1!
1'
b11 T
b11 7
b10 8
0)
#17380
0!
0'
#17385
1!
1'
b100 T
b110 7
b11 8
#17390
0!
0'
#17395
1!
1'
b101 T
b1100 7
b100 8
1)
#17400
0!
0'
#17405
1!
1'
b110 T
b11001 7
b101 8
#17410
0!
0'
#17415
1!
1'
b111 T
b110011 7
b110 8
#17420
0!
0'
#17425
1!
1'
b1000 T
b1100111 7
b111 8
#17430
0!
0'
#17435
1!
1'
b1001 T
b11001111 7
b1000 8
0)
#17440
0!
0'
#17445
1!
1'
b1010 T
b110011110 7
b1001 8
1)
#17450
0!
0'
#17455
1!
1'
b1011 T
b1100111101 7
b1010 8
#17460
0!
0'
#17465
1!
1'
b1100 T
b1001111011 7
b1011 8
15
b1100111101 6
b0 8
1:
1F
1P
1N
1M
1L
1K
1H
1G
#17470
0!
0'
#17475
1!
1'
b1101 T
b11110111 7
b1 8
05
0F
#17480
0!
0'
#17485
1!
1'
b1110 T
b111101111 7
b10 8
#17490
0!
0'
#17495
1!
1'
b1111 T
b1111011111 7
b11 8
#17500
0!
0'
#17505
1!
1'
b10000 T
b1110111111 7
b100 8
#17510
0!
0'
#17515
1!
1'
b10001 T
b1101111111 7
b101 8
#17520
0!
0'
#17525
1!
1'
b10010 T
b1011111111 7
b110 8
#17530
0!
0'
#17535
1!
1'
b10011 T
b111111111 7
b111 8
#17540
0!
0'
#17545
1!
1'
b10100 T
b1111111111 7
b1000 8
#17550
0!
0'
#17555
1!
1'
b10101 T
b1001 8
0+
1*
0)
b0 <
#17560
0!
0'
#17565
1!
1'
0U
b0 T
b0 ;
b1111111110 7
b1010 8
0S
0R
0*
b1 <
#17570
0!
0'
#17575
1!
1'
1U
b1 ;
b0 6
b0 8
b0 7
0P
0N
0M
0L
0K
0H
0G
1S
1)
b100 <
#17580
0!
0'
#17585
1!
1'
b1 T
b100 ;
0S
1Q
#17590
0!
0'
#17595
1!
1'
b10 T
b1 7
b1 8
0)
#17600
0!
0'
#17605
1!
1'
b11 T
b10 7
b10 8
#17610
0!
0'
#17615
1!
1'
b100 T
b100 7
b11 8
1)
#17620
0!
0'
#17625
1!
1'
b101 T
b1001 7
b100 8
#17630
0!
0'
#17635
1!
1'
b110 T
b10011 7
b101 8
#17640
0!
0'
#17645
1!
1'
b111 T
b100111 7
b110 8
0)
#17650
0!
0'
#17655
1!
1'
b1000 T
b1001110 7
b111 8
1)
#17660
0!
0'
#17665
1!
1'
b1001 T
b10011101 7
b1000 8
0)
#17670
0!
0'
#17675
1!
1'
b1010 T
b100111010 7
b1001 8
#17680
0!
0'
#17685
1!
1'
b1011 T
b1001110100 7
b1010 8
#17690
0!
0'
#17695
1!
1'
b1100 T
b11101000 7
b1011 8
15
b1001110100 6
b0 8
1F
1N
1L
1K
1J
1G
1*
b0 <
#17700
0!
0'
#17705
1!
1'
0U
b0 T
b0 ;
b111010000 7
b1 8
05
0Q
0F
0*
b1 <
#17710
0!
0'
#17715
1!
1'
1U
b1 ;
b0 6
b0 8
b0 7
0N
0L
0K
0J
0G
1S
1)
b100 <
#17720
0!
0'
#17725
1!
1'
b1 T
b100 ;
0S
1Q
#17730
0!
0'
#17735
1!
1'
b10 T
b1 7
b1 8
0)
#17740
0!
0'
#17745
1!
1'
b11 T
b10 7
b10 8
1)
#17750
0!
0'
#17755
1!
1'
b100 T
b101 7
b11 8
0)
#17760
0!
0'
#17765
1!
1'
b101 T
b1010 7
b100 8
1)
#17770
0!
0'
#17775
1!
1'
b110 T
b10101 7
b101 8
0)
#17780
0!
0'
#17785
1!
1'
b111 T
b101010 7
b110 8
1)
#17790
0!
0'
#17795
1!
1'
b1000 T
b1010101 7
b111 8
#17800
0!
0'
#17805
1!
1'
b1001 T
b10101011 7
b1000 8
#17810
0!
0'
#17815
1!
1'
b1010 T
b101010111 7
b1001 8
0)
#17820
0!
0'
#17825
1!
1'
b1011 T
b1010101110 7
b1010 8
#17830
0!
0'
#17835
1!
1'
b1100 T
b101011100 7
b1011 8
15
b1010101110 6
b0 8
1F
1O
1N
1M
1K
1I
1G
1*
b0 <
#17840
0!
0'
#17845
1!
1'
0U
b0 T
b0 ;
b1010111000 7
b1 8
05
0Q
0F
0*
b1 <
#17850
0!
0'
#17855
1!
1'
1U
b1 ;
b0 6
b0 8
b0 7
0O
0N
0M
0K
0I
0G
1S
1)
b100 <
#17860
0!
0'
#17865
1!
1'
b1 T
b100 ;
0S
1Q
#17870
0!
0'
#17875
1!
1'
b10 T
b1 7
b1 8
0)
#17880
0!
0'
#17885
1!
1'
b11 T
b10 7
b10 8
1)
#17890
0!
0'
#17895
1!
1'
b100 T
b101 7
b11 8
#17900
0!
0'
#17905
1!
1'
b101 T
b1011 7
b100 8
0)
#17910
0!
0'
#17915
1!
1'
b110 T
b10110 7
b101 8
1)
#17920
0!
0'
#17925
1!
1'
b111 T
b101101 7
b110 8
#17930
0!
0'
#17935
1!
1'
b1000 T
b1011011 7
b111 8
#17940
0!
0'
#17945
1!
1'
b1001 T
b10110111 7
b1000 8
#17950
0!
0'
#17955
1!
1'
b1010 T
b101101111 7
b1001 8
#17960
0!
0'
#17965
1!
1'
b1011 T
b1011011111 7
b1010 8
#17970
0!
0'
#17975
1!
1'
b1100 T
b110111111 7
b1011 8
15
b1011011111 6
b0 8
1F
1P
1O
1N
1M
1L
1J
1I
1G
1*
0)
b0 <
#17980
0!
0'
#17985
1!
1'
0U
b0 T
b0 ;
b1101111110 7
b1 8
05
0F
1+
01
1.
0-
0Q
0*
b1 <
#17990
0!
0'
#17995
1!
1'
1U
b1 ;
b0 6
b0 8
b0 7
0P
0O
0N
0M
0L
0J
0I
0G
1S
1)
b100 <
#18000
0!
0'
#18005
1!
1'
b1 T
b100 ;
0S
1Q
#18010
0!
0'
#18015
1!
1'
b10 T
b1 7
b1 8
b10111001 =
1?
#18020
0!
0'
#18025
1!
1'
b11 T
b11 7
b10 8
14
b1110010 =
b1 >
1E
0)
#18030
0!
0'
#18035
1!
1'
b100 T
b110 7
b11 8
b10111001 =
04
b11100100 =
b10 >
0E
1)
#18040
0!
0'
#18045
1!
1'
b101 T
b1101 7
b100 8
b10111001 =
14
b11001000 =
b11 >
1E
#18050
0!
0'
#18055
1!
1'
b110 T
b11011 7
b101 8
b10111001 =
b10010000 =
b100 >
0)
#18060
0!
0'
#18065
1!
1'
b111 T
b110110 7
b110 8
b10111001 =
b100000 =
b101 >
#18070
0!
0'
#18075
1!
1'
b1000 T
b1101100 7
b111 8
b10111001 =
04
b1000000 =
b110 >
0E
#18080
0!
0'
#18085
1!
1'
b1001 T
b11011000 7
b1000 8
b10111001 =
b10000000 =
b111 >
#18090
0!
0'
#18095
1!
1'
b1010 T
b110110000 7
b1001 8
b10111001 =
14
b0 =
b1000 >
b0 >
0?
0:
1E
1)
#18100
0!
0'
#18105
1!
1'
b1011 T
b1101100001 7
b1010 8
b10111001 =
1?
#18110
0!
0'
#18115
1!
1'
b1100 T
b1011000011 7
b1011 8
15
b1101100001 6
b0 8
b1110010 =
b1 >
1F
1P
1K
1J
1H
1G
#18120
0!
0'
#18125
1!
1'
b1101 T
b110000111 7
b1 8
05
b10111001 =
04
b11100100 =
b10 >
0F
0E
#18130
0!
0'
#18135
1!
1'
b1110 T
b1100001111 7
b10 8
b10111001 =
14
b11001000 =
b11 >
1E
#18140
0!
0'
#18145
1!
1'
b1111 T
b1000011111 7
b11 8
b10111001 =
b10010000 =
b100 >
#18150
0!
0'
#18155
1!
1'
b10000 T
b111111 7
b100 8
b10111001 =
b100000 =
b101 >
#18160
0!
0'
#18165
1!
1'
b10001 T
b1111111 7
b101 8
b10111001 =
04
b1000000 =
b110 >
0E
#18170
0!
0'
#18175
1!
1'
b10010 T
b11111111 7
b110 8
b10111001 =
b10000000 =
b111 >
#18180
0!
0'
#18185
1!
1'
b10011 T
b111111111 7
b111 8
b10111001 =
14
b0 =
b1000 >
b0 >
0?
1E
#18190
0!
0'
#18195
1!
1'
b10100 T
b1111111111 7
b1000 8
b10111001 =
1?
#18200
0!
0'
#18205
1!
1'
b10101 T
b1001 8
b1110010 =
b1 >
0+
1*
0)
b0 <
#18210
0!
0'
#18215
1!
1'
0U
b0 T
b0 ;
b1111111110 7
b1010 8
04
b11100100 =
b10 >
0Q
0E
0*
b1 <
#18220
0!
0'
#18225
1!
1'
1U
b1 ;
b0 6
b0 8
b0 >
0?
b0 7
0P
0K
0J
0H
0G
1S
b10 <
#18230
0!
0'
#18235
1!
1'
b1 T
b10 ;
0S
1R
#18240
0!
0'
#18245
1!
1'
b10 T
b1 8
1)
#18250
0!
0'
#18255
1!
1'
b11 T
b1 7
b10 8
#18260
0!
0'
#18265
1!
1'
b100 T
b11 7
b11 8
0)
#18270
0!
0'
#18275
1!
1'
b101 T
b110 7
b100 8
#18280
0!
0'
#18285
1!
1'
b110 T
b1100 7
b101 8
#18290
0!
0'
#18295
1!
1'
b111 T
b11000 7
b110 8
1)
#18300
0!
0'
#18305
1!
1'
b1000 T
b110001 7
b111 8
0)
#18310
0!
0'
#18315
1!
1'
b1001 T
b1100010 7
b1000 8
1)
#18320
0!
0'
#18325
1!
1'
b1010 T
b11000101 7
b1001 8
#18330
0!
0'
#18335
1!
1'
b1011 T
b110001011 7
b1010 8
#18340
0!
0'
#18345
1!
1'
b1100 T
b1100010111 7
b1011 8
15
b110001011 6
b0 8
1F
1P
1O
1M
1I
1H
1*
0)
b0 <
#18350
0!
0'
#18355
1!
1'
0U
b0 T
b0 ;
b1000101110 7
b1 8
05
0R
0F
0*
b1 <
#18360
0!
0'
#18365
1!
1'
1U
b1 ;
b0 6
b0 8
b0 7
0P
0O
0M
0I
0H
1S
b10 <
#18370
0!
0'
#18375
1!
1'
b1 T
b10 ;
0S
1R
#18380
0!
0'
#18385
1!
1'
b10 T
b1 8
1)
#18390
0!
0'
#18395
1!
1'
b11 T
b1 7
b10 8
#18400
0!
0'
#18405
1!
1'
b100 T
b11 7
b11 8
#18410
0!
0'
#18415
1!
1'
b101 T
b111 7
b100 8
#18420
0!
0'
#18425
1!
1'
b110 T
b1111 7
b101 8
0)
#18430
0!
0'
#18435
1!
1'
b111 T
b11110 7
b110 8
1)
#18440
0!
0'
#18445
1!
1'
b1000 T
b111101 7
b111 8
#18450
0!
0'
#18455
1!
1'
b1001 T
b1111011 7
b1000 8
0)
#18460
0!
0'
#18465
1!
1'
b1010 T
b11110110 7
b1001 8
#18470
0!
0'
#18475
1!
1'
b1011 T
b111101100 7
b1010 8
#18480
0!
0'
#18485
1!
1'
b1100 T
b1111011000 7
b1011 8
15
b111101100 6
b0 8
1F
1N
1M
1K
1J
1I
1H
1*
b0 <
#18490
0!
0'
#18495
1!
1'
0U
b0 T
b0 ;
b1110110000 7
b1 8
05
0R
0F
0*
b1 <
#18500
0!
0'
#18505
1!
1'
1U
b1 ;
b0 6
b0 8
b0 7
0N
0M
0K
0J
0I
0H
1S
1)
b11 <
#18510
0!
0'
#18515
1!
1'
b1 T
b11 ;
1R
#18520
0!
0'
#18525
1!
1'
b10 T
b1 7
b1 8
0)
#18530
0!
0'
#18535
1!
1'
b11 T
b10 7
b10 8
#18540
0!
0'
#18545
1!
1'
b100 T
b100 7
b11 8
1)
#18550
0!
0'
#18555
1!
1'
b101 T
b1001 7
b100 8
#18560
0!
0'
#18565
1!
1'
b110 T
b10011 7
b101 8
#18570
0!
0'
#18575
1!
1'
b111 T
b100111 7
b110 8
0)
#18580
0!
0'
#18585
1!
1'
b1000 T
b1001110 7
b111 8
1)
#18590
0!
0'
#18595
1!
1'
b1001 T
b10011101 7
b1000 8
0)
#18600
0!
0'
#18605
1!
1'
b1010 T
b100111010 7
b1001 8
#18610
0!
0'
#18615
1!
1'
b1011 T
b1001110100 7
b1010 8
#18620
0!
0'
#18625
1!
1'
b1100 T
b11101000 7
b1011 8
15
b1001110100 6
b0 8
1:
1F
1N
1L
1K
1J
1G
1*
b0 <
#18630
0!
0'
#18635
1!
1'
0U
b0 T
b0 ;
b111010000 7
b1 8
05
0F
1+
03
12
11
00
0/
1-
0,
0S
0R
0*
b1 <
#18640
0!
0'
#18645
1!
1'
1U
b1 ;
b0 6
b0 8
b0 7
0N
0L
0K
0J
0G
1S
1)
b100 <
#18650
0!
0'
#18655
1!
1'
b1 T
b100 ;
0S
1Q
#18660
0!
0'
#18665
1!
1'
b10 T
b1 7
b1 8
b1100110 =
1?
#18670
0!
0'
#18675
1!
1'
b11 T
b11 7
b10 8
b11001100 =
b1 >
0)
#18680
0!
0'
#18685
1!
1'
b100 T
b110 7
b11 8
b1100110 =
14
b10011000 =
b10 >
1E
1)
#18690
0!
0'
#18695
1!
1'
b101 T
b1101 7
b100 8
b1100110 =
b110000 =
b11 >
#18700
0!
0'
#18705
1!
1'
b110 T
b11011 7
b101 8
b1100110 =
04
b1100000 =
b100 >
0E
#18710
0!
0'
#18715
1!
1'
b111 T
b110111 7
b110 8
b1100110 =
b11000000 =
b101 >
#18720
0!
0'
#18725
1!
1'
b1000 T
b1101111 7
b111 8
b1100110 =
14
b10000000 =
b110 >
1E
0)
#18730
0!
0'
#18735
1!
1'
b1001 T
b11011110 7
b1000 8
b1100110 =
b0 =
b111 >
1)
#18740
0!
0'
#18745
1!
1'
b1010 T
b110111101 7
b1001 8
b1100110 =
04
b0 =
b1000 >
b0 >
0?
0:
0E
#18750
0!
0'
#18755
1!
1'
b1011 T
b1101111011 7
b1010 8
b1100110 =
1?
#18760
0!
0'
#18765
1!
1'
b1100 T
b1011110111 7
b1011 8
15
b1101111011 6
b0 8
b11001100 =
b1 >
1F
1P
1O
1M
1L
1K
1J
1H
1G
#18770
0!
0'
#18775
1!
1'
b1101 T
b111101111 7
b1 8
05
b1100110 =
14
b10011000 =
b10 >
0F
1E
#18780
0!
0'
#18785
1!
1'
b1110 T
b1111011111 7
b10 8
b1100110 =
b110000 =
b11 >
#18790
0!
0'
#18795
1!
1'
b1111 T
b1110111111 7
b11 8
b1100110 =
04
b1100000 =
b100 >
0E
#18800
0!
0'
#18805
1!
1'
b10000 T
b1101111111 7
b100 8
b1100110 =
b11000000 =
b101 >
#18810
0!
0'
#18815
1!
1'
b10001 T
b1011111111 7
b101 8
b1100110 =
14
b10000000 =
b110 >
1E
#18820
0!
0'
#18825
1!
1'
b10010 T
b111111111 7
b110 8
b1100110 =
b0 =
b111 >
#18830
0!
0'
#18835
1!
1'
b10011 T
b1111111111 7
b111 8
b1100110 =
04
b0 =
b1000 >
b0 >
0?
0E
#18840
0!
0'
#18845
1!
1'
b10100 T
b1000 8
b1100110 =
1?
#18850
0!
0'
#18855
1!
1'
b10101 T
b1001 8
b11001100 =
b1 >
0+
1*
0)
b0 <
#18860
0!
0'
#18865
1!
1'
0U
b0 T
b0 ;
b1111111110 7
b1010 8
14
b10011000 =
b10 >
0Q
1E
0*
b1 <
#18870
0!
0'
#18875
1!
1'
1U
b1 ;
b0 6
b0 8
b0 >
0?
b0 7
0P
0O
0M
0L
0K
0J
0H
0G
1S
b10 <
#18880
0!
0'
#18885
1!
1'
b1 T
b10 ;
0S
1R
#18890
0!
0'
#18895
1!
1'
b10 T
b1 8
#18900
0!
0'
#18905
1!
1'
b11 T
b10 8
1)
#18910
0!
0'
#18915
1!
1'
b100 T
b1 7
b11 8
0)
#18920
0!
0'
#18925
1!
1'
b101 T
b10 7
b100 8
1)
#18930
0!
0'
#18935
1!
1'
b110 T
b101 7
b101 8
0)
#18940
0!
0'
#18945
1!
1'
b111 T
b1010 7
b110 8
1)
#18950
0!
0'
#18955
1!
1'
b1000 T
b10101 7
b111 8
0)
#18960
0!
0'
#18965
1!
1'
b1001 T
b101010 7
b1000 8
#18970
0!
0'
#18975
1!
1'
b1010 T
b1010100 7
b1001 8
1)
#18980
0!
0'
#18985
1!
1'
b1011 T
b10101001 7
b1010 8
#18990
0!
0'
#18995
1!
1'
b1100 T
b101010011 7
b1011 8
15
b10101001 6
b0 8
1F
1P
1M
1K
1I
1*
0)
b0 <
#19000
0!
0'
#19005
1!
1'
0U
b0 T
b0 ;
b1010100110 7
b1 8
05
0R
0F
0*
b1 <
#19010
0!
0'
#19015
1!
1'
1U
b1 ;
b0 6
b0 8
b0 7
0P
0M
0K
0I
1S
b10 <
#19020
0!
0'
#19025
1!
1'
b1 T
b10 ;
0S
1R
#19030
0!
0'
#19035
1!
1'
b10 T
b1 8
1)
#19040
0!
0'
#19045
1!
1'
b11 T
b1 7
b10 8
#19050
0!
0'
#19055
1!
1'
b100 T
b11 7
b11 8
#19060
0!
0'
#19065
1!
1'
b101 T
b111 7
b100 8
0)
#19070
0!
0'
#19075
1!
1'
b110 T
b1110 7
b101 8
#19080
0!
0'
#19085
1!
1'
b111 T
b11100 7
b110 8
#19090
0!
0'
#19095
1!
1'
b1000 T
b111000 7
b111 8
1)
#19100
0!
0'
#19105
1!
1'
b1001 T
b1110001 7
b1000 8
#19110
0!
0'
#19115
1!
1'
b1010 T
b11100011 7
b1001 8
#19120
0!
0'
#19125
1!
1'
b1011 T
b111000111 7
b1010 8
#19130
0!
0'
#19135
1!
1'
b1100 T
b1110001111 7
b1011 8
15
b111000111 6
b0 8
1F
1P
1O
1N
1J
1I
1H
1*
0)
b0 <
#19140
0!
0'
#19145
1!
1'
0U
b0 T
b0 ;
b1100011110 7
b1 8
05
0R
0F
0*
b1 <
#19150
0!
0'
#19155
1!
1'
1U
b1 ;
b0 6
b0 8
b0 7
0P
0O
0N
0J
0I
0H
1S
1)
b11 <
#19160
0!
0'
#19165
1!
1'
b1 T
b11 ;
1R
#19170
0!
0'
#19175
1!
1'
b10 T
b1 7
b1 8
0)
#19180
0!
0'
#19185
1!
1'
b11 T
b10 7
b10 8
#19190
0!
0'
#19195
1!
1'
b100 T
b100 7
b11 8
1)
#19200
0!
0'
#19205
1!
1'
b101 T
b1001 7
b100 8
#19210
0!
0'
#19215
1!
1'
b110 T
b10011 7
b101 8
0)
#19220
0!
0'
#19225
1!
1'
b111 T
b100110 7
b110 8
#19230
0!
0'
#19235
1!
1'
b1000 T
b1001100 7
b111 8
1)
#19240
0!
0'
#19245
1!
1'
b1001 T
b10011001 7
b1000 8
#19250
0!
0'
#19255
1!
1'
b1010 T
b100110011 7
b1001 8
0)
#19260
0!
0'
#19265
1!
1'
b1011 T
b1001100110 7
b1010 8
#19270
0!
0'
#19275
1!
1'
b1100 T
b11001100 7
b1011 8
15
b1001100110 6
b0 8
1:
1F
1O
1N
1K
1J
1G
1*
b0 <
#19280
0!
0'
#19285
1!
1'
0U
b0 T
b0 ;
b110011000 7
b1 8
05
0S
0R
0F
0*
b1 <
#19290
0!
0'
#19295
1!
1'
1U
b1 ;
b0 6
b0 8
b0 7
0O
0N
0K
0J
0G
1S
b10 <
#19300
0!
0'
#19305
1!
1'
b1 T
b10 ;
0S
1R
#19310
0!
0'
#19315
1!
1'
b10 T
b1 8
1)
#19320
0!
0'
#19325
1!
1'
b11 T
b1 7
b10 8
0)
#19330
0!
0'
#19335
1!
1'
b100 T
b10 7
b11 8
#19340
0!
0'
#19345
1!
1'
b101 T
b100 7
b100 8
#19350
0!
0'
#19355
1!
1'
b110 T
b1000 7
b101 8
#19360
0!
0'
#19365
1!
1'
b111 T
b10000 7
b110 8
1)
#19370
0!
0'
#19375
1!
1'
b1000 T
b100001 7
b111 8
#19380
0!
0'
#19385
1!
1'
b1001 T
b1000011 7
b1000 8
0)
#19390
0!
0'
#19395
1!
1'
b1010 T
b10000110 7
b1001 8
#19400
0!
0'
#19405
1!
1'
b1011 T
b100001100 7
b1010 8
#19410
0!
0'
#19415
1!
1'
b1100 T
b1000011000 7
b1011 8
15
b100001100 6
b0 8
1F
1N
1M
1H
1*
b0 <
#19420
0!
0'
#19425
1!
1'
0U
b0 T
b0 ;
b110000 7
b1 8
05
0R
0F
0*
b1 <
#19430
0!
0'
#19435
1!
1'
1U
b1 ;
b0 6
b0 8
b0 7
0N
0M
0H
1S
b10 <
#19440
0!
0'
#19445
1!
1'
b1 T
b10 ;
0S
1R
#19450
0!
0'
#19455
1!
1'
b10 T
b1 8
#19460
0!
0'
#19465
1!
1'
b11 T
b10 8
1)
#19470
0!
0'
#19475
1!
1'
b100 T
b1 7
b11 8
#19480
0!
0'
#19485
1!
1'
b101 T
b11 7
b100 8
0)
#19490
0!
0'
#19495
1!
1'
b110 T
b110 7
b101 8
1)
#19500
0!
0'
#19505
1!
1'
b111 T
b1101 7
b110 8
0)
#19510
0!
0'
#19515
1!
1'
b1000 T
b11010 7
b111 8
#19520
0!
0'
#19525
1!
1'
b1001 T
b110100 7
b1000 8
#19530
0!
0'
#19535
1!
1'
b1010 T
b1101000 7
b1001 8
1)
#19540
0!
0'
#19545
1!
1'
b1011 T
b11010001 7
b1010 8
#19550
0!
0'
#19555
1!
1'
b1100 T
b110100011 7
b1011 8
15
b11010001 6
b0 8
1F
1P
1L
1J
1I
1*
0)
b0 <
#19560
0!
0'
#19565
1!
1'
0U
b0 T
b0 ;
b1101000110 7
b1 8
05
0R
0F
0*
b1 <
#19570
0!
0'
#19575
1!
1'
1U
b1 ;
b0 6
b0 8
b0 7
0P
0L
0J
0I
1S
b10 <
#19580
0!
0'
#19585
1!
1'
b1 T
b10 ;
0S
1R
#19590
0!
0'
#19595
1!
1'
b10 T
b1 8
1)
#19600
0!
0'
#19605
1!
1'
b11 T
b1 7
b10 8
#19610
0!
0'
#19615
1!
1'
b100 T
b11 7
b11 8
0)
#19620
0!
0'
#19625
1!
1'
b101 T
b110 7
b100 8
1)
#19630
0!
0'
#19635
1!
1'
b110 T
b1101 7
b101 8
#19640
0!
0'
#19645
1!
1'
b111 T
b11011 7
b110 8
#19650
0!
0'
#19655
1!
1'
b1000 T
b110111 7
b111 8
0)
#19660
0!
0'
#19665
1!
1'
b1001 T
b1101110 7
b1000 8
1)
#19670
0!
0'
#19675
1!
1'
b1010 T
b11011101 7
b1001 8
0)
#19680
0!
0'
#19685
1!
1'
b1011 T
b110111010 7
b1010 8
#19690
0!
0'
#19695
1!
1'
b1100 T
b1101110100 7
b1011 8
15
b110111010 6
b0 8
1F
1O
1M
1L
1K
1I
1H
1*
b0 <
#19700
0!
0'
#19705
1!
1'
0U
b0 T
b0 ;
b1011101000 7
b1 8
05
0F
1+
10
0.
0-
1,
0R
0*
b1 <
#19710
0!
0'
#19715
1!
1'
1U
b1 ;
b0 6
b0 8
b0 7
0O
0M
0L
0K
0I
0H
1S
1)
b100 <
#19720
0!
0'
#19725
1!
1'
b1 T
b100 ;
0S
1Q
#19730
0!
0'
#19735
1!
1'
b10 T
b1 7
b1 8
b10001110 =
1?
#19740
0!
0'
#19745
1!
1'
b11 T
b11 7
b10 8
b11100 =
b1 >
0)
#19750
0!
0'
#19755
1!
1'
b100 T
b110 7
b11 8
b10001110 =
04
b111000 =
b10 >
0E
1)
#19760
0!
0'
#19765
1!
1'
b101 T
b1101 7
b100 8
b10001110 =
b1110000 =
b11 >
#19770
0!
0'
#19775
1!
1'
b110 T
b11011 7
b101 8
b10001110 =
b11100000 =
b100 >
#19780
0!
0'
#19785
1!
1'
b111 T
b110111 7
b110 8
b10001110 =
14
b11000000 =
b101 >
1E
0)
#19790
0!
0'
#19795
1!
1'
b1000 T
b1101110 7
b111 8
b10001110 =
b10000000 =
b110 >
#19800
0!
0'
#19805
1!
1'
b1001 T
b11011100 7
b1000 8
b10001110 =
b0 =
b111 >
1)
#19810
0!
0'
#19815
1!
1'
b1010 T
b110111001 7
b1001 8
b10001110 =
04
b0 =
b1000 >
b0 >
0?
0:
0E
0)
#19820
0!
0'
#19825
1!
1'
b1011 T
b1101110010 7
b1010 8
b10001110 =
1?
#19830
0!
0'
#19835
1!
1'
b1100 T
b1011100100 7
b1011 8
15
b1101110010 6
b0 8
14
b11100 =
b1 >
1F
1O
1L
1K
1J
1H
1G
1E
#19840
0!
0'
#19845
1!
1'
b1101 T
b111001000 7
b1 8
05
b10001110 =
04
b111000 =
b10 >
0F
0E
#19850
0!
0'
#19855
1!
1'
b1110 T
b1110010000 7
b10 8
b10001110 =
b1110000 =
b11 >
#19860
0!
0'
#19865
1!
1'
b1111 T
b1100100000 7
b11 8
b10001110 =
b11100000 =
b100 >
#19870
0!
0'
#19875
1!
1'
b10000 T
b1001000000 7
b100 8
b10001110 =
14
b11000000 =
b101 >
1E
#19880
0!
0'
#19885
1!
1'
b10001 T
b10000000 7
b101 8
b10001110 =
b10000000 =
b110 >
#19890
0!
0'
#19895
1!
1'
b10010 T
b100000000 7
b110 8
b10001110 =
b0 =
b111 >
#19900
0!
0'
#19905
1!
1'
b10011 T
b1000000000 7
b111 8
b10001110 =
04
b0 =
b1000 >
b0 >
0?
0E
#19910
0!
0'
#19915
1!
1'
b10100 T
b0 7
b1000 8
b10001110 =
1?
#19920
0!
0'
#19925
1!
1'
b10101 T
b1001 8
14
b11100 =
b1 >
1E
0+
1*
b0 <
#19930
0!
0'
#19935
1!
1'
0U
b0 T
b0 ;
b1010 8
04
b111000 =
b10 >
0Q
0E
0*
b1 <
#19940
0!
0'
#19945
1!
1'
1U
b1 ;
b0 6
b0 8
b0 >
0?
0O
0L
0K
0J
0H
0G
1S
b10 <
#19950
0!
0'
#19955
1!
1'
b1 T
b10 ;
0S
1R
#19960
0!
0'
#19965
1!
1'
b10 T
b1 8
1)
#19970
0!
0'
#19975
1!
1'
b11 T
b1 7
b10 8
0)
#19980
0!
0'
#19985
1!
1'
b100 T
b10 7
b11 8
1)
#19990
0!
0'
#19995
1!
1'
b101 T
b101 7
b100 8
0)
#20000
0!
0'
#20005
1!
1'
b110 T
b1010 7
b101 8
1)
#20010
0!
0'
#20015
1!
1'
b111 T
b10101 7
b110 8
#20020
0!
0'
#20025
1!
1'
b1000 T
b101011 7
b111 8
0)
#20030
0!
0'
#20035
1!
1'
b1001 T
b1010110 7
b1000 8
#20040
0!
0'
#20045
1!
1'
b1010 T
b10101100 7
b1001 8
#20050
0!
0'
#20055
1!
1'
b1011 T
b101011000 7
b1010 8
#20060
0!
0'
#20065
1!
1'
b1100 T
b1010110000 7
b1011 8
15
b101011000 6
b0 8
1F
1M
1L
1J
1H
1*
b0 <
#20070
0!
0'
#20075
1!
1'
0U
b0 T
b0 ;
b101100000 7
b1 8
05
0R
0F
0*
b1 <
#20080
0!
0'
#20085
1!
1'
1U
b1 ;
b0 6
b0 8
b0 7
0M
0L
0J
0H
1S
b10 <
#20090
0!
0'
#20095
1!
1'
b1 T
b10 ;
0S
1R
#20100
0!
0'
#20105
1!
1'
b10 T
b1 8
#20110
0!
0'
#20115
1!
1'
b11 T
b10 8
#20120
0!
0'
#20125
1!
1'
b100 T
b11 8
#20130
0!
0'
#20135
1!
1'
b101 T
b100 8
#20140
0!
0'
#20145
1!
1'
b110 T
b101 8
1)
#20150
0!
0'
#20155
1!
1'
b111 T
b1 7
b110 8
0)
#20160
0!
0'
#20165
1!
1'
b1000 T
b10 7
b111 8
1)
#20170
0!
0'
#20175
1!
1'
b1001 T
b101 7
b1000 8
0)
#20180
0!
0'
#20185
1!
1'
b1010 T
b1010 7
b1001 8
#20190
0!
0'
#20195
1!
1'
b1011 T
b10100 7
b1010 8
#20200
0!
0'
#20205
1!
1'
b1100 T
b101000 7
b1011 8
15
b10100 6
b0 8
1F
1N
1L
1*
b0 <
#20210
0!
0'
#20215
1!
1'
0U
b0 T
b0 ;
b1010000 7
b1 8
05
0R
0F
0*
b1 <
#20220
0!
0'
#20225
1!
1'
1U
b1 ;
b0 6
b0 8
b0 7
0N
0L
1S
b10 <
#20230
0!
0'
#20235
1!
1'
b1 T
b10 ;
0S
1R
#20240
0!
0'
#20245
1!
1'
b10 T
b1 8
#20250
0!
0'
#20255
1!
1'
b11 T
b10 8
1)
#20260
0!
0'
#20265
1!
1'
b100 T
b1 7
b11 8
#20270
0!
0'
#20275
1!
1'
b101 T
b11 7
b100 8
0)
#20280
0!
0'
#20285
1!
1'
b110 T
b110 7
b101 8
#20290
0!
0'
#20295
1!
1'
b111 T
b1100 7
b110 8
#20300
0!
0'
#20305
1!
1'
b1000 T
b11000 7
b111 8
1)
#20310
0!
0'
#20315
1!
1'
b1001 T
b110001 7
b1000 8
0)
#20320
0!
0'
#20325
1!
1'
b1010 T
b1100010 7
b1001 8
#20330
0!
0'
#20335
1!
1'
b1011 T
b11000100 7
b1010 8
#20340
0!
0'
#20345
1!
1'
b1100 T
b110001000 7
b1011 8
15
b11000100 6
b0 8
1F
1N
1J
1I
1*
b0 <
#20350
0!
0'
#20355
1!
1'
0U
b0 T
b0 ;
b1100010000 7
b1 8
05
0R
0F
0*
b1 <
#20360
0!
0'
#20365
1!
1'
1U
b1 ;
b0 6
b0 8
b0 7
0N
0J
0I
1S
b10 <
#20370
0!
0'
#20375
1!
1'
b1 T
b10 ;
0S
1R
#20380
0!
0'
#20385
1!
1'
b10 T
b1 8
#20390
0!
0'
#20395
1!
1'
b11 T
b10 8
1)
#20400
0!
0'
#20405
1!
1'
b100 T
b1 7
b11 8
0)
#20410
0!
0'
#20415
1!
1'
b101 T
b10 7
b100 8
1)
#20420
0!
0'
#20425
1!
1'
b110 T
b101 7
b101 8
#20430
0!
0'
#20435
1!
1'
b111 T
b1011 7
b110 8
0)
#20440
0!
0'
#20445
1!
1'
b1000 T
b10110 7
b111 8
1)
#20450
0!
0'
#20455
1!
1'
b1001 T
b101101 7
b1000 8
0)
#20460
0!
0'
#20465
1!
1'
b1010 T
b1011010 7
b1001 8
1)
#20470
0!
0'
#20475
1!
1'
b1011 T
b10110101 7
b1010 8
#20480
0!
0'
#20485
1!
1'
b1100 T
b101101011 7
b1011 8
15
b10110101 6
b0 8
1F
1P
1N
1L
1K
1I
1*
0)
b0 <
#20490
0!
0'
#20495
1!
1'
0U
b0 T
b0 ;
b1011010110 7
b1 8
05
0R
0F
0*
b1 <
#20500
0!
0'
#20505
1!
1'
1U
b1 ;
b0 6
b0 8
b0 7
0P
0N
0L
0K
0I
1S
b10 <
#20510
0!
0'
#20515
1!
1'
b1 T
b10 ;
0S
1R
#20520
0!
0'
#20525
1!
1'
b10 T
b1 8
#20530
0!
0'
#20535
1!
1'
b11 T
b10 8
#20540
0!
0'
#20545
1!
1'
b100 T
b11 8
#20550
0!
0'
#20555
1!
1'
b101 T
b100 8
#20560
0!
0'
#20565
1!
1'
b110 T
b101 8
#20570
0!
0'
#20575
1!
1'
b111 T
b110 8
#20580
0!
0'
#20585
1!
1'
b1000 T
b111 8
1)
#20590
0!
0'
#20595
1!
1'
b1001 T
b1 7
b1000 8
0)
#20600
0!
0'
#20605
1!
1'
b1010 T
b10 7
b1001 8
1)
#20610
0!
0'
#20615
1!
1'
b1011 T
b101 7
b1010 8
#20620
0!
0'
#20625
1!
1'
b1100 T
b1011 7
b1011 8
15
b101 6
b0 8
1F
1P
1N
1*
0)
b0 <
#20630
0!
0'
#20635
1!
1'
0U
b0 T
b0 ;
b10110 7
b1 8
05
0R
0F
0*
b1 <
#20640
0!
0'
#20645
1!
1'
1U
b1 ;
b0 6
b0 8
b0 7
0P
0N
1S
1)
b11 <
#20650
0!
0'
#20655
1!
1'
b1 T
b11 ;
1R
#20660
0!
0'
#20665
1!
1'
b10 T
b1 7
b1 8
0)
#20670
0!
0'
#20675
1!
1'
b11 T
b10 7
b10 8
#20680
0!
0'
#20685
1!
1'
b100 T
b100 7
b11 8
1)
#20690
0!
0'
#20695
1!
1'
b101 T
b1001 7
b100 8
0)
#20700
0!
0'
#20705
1!
1'
b110 T
b10010 7
b101 8
#20710
0!
0'
#20715
1!
1'
b111 T
b100100 7
b110 8
#20720
0!
0'
#20725
1!
1'
b1000 T
b1001000 7
b111 8
1)
#20730
0!
0'
#20735
1!
1'
b1001 T
b10010001 7
b1000 8
0)
#20740
0!
0'
#20745
1!
1'
b1010 T
b100100010 7
b1001 8
#20750
0!
0'
#20755
1!
1'
b1011 T
b1001000100 7
b1010 8
#20760
0!
0'
#20765
1!
1'
b1100 T
b10001000 7
b1011 8
15
b1001000100 6
b0 8
1:
1F
1N
1J
1G
1*
b0 <
#20770
0!
0'
#20775
1!
1'
0U
b0 T
b0 ;
b100010000 7
b1 8
05
0F
1+
02
01
1-
0S
0R
0*
b1 <
#20780
0!
0'
#20785
1!
1'
1U
b1 ;
b0 6
b0 8
b0 7
0N
0J
0G
1S
1)
b100 <
#20790
0!
0'
#20795
1!
1'
b1 T
b100 ;
0S
1Q
#20800
0!
0'
#20805
1!
1'
b10 T
b1 7
b1 8
b11001000 =
1?
#20810
0!
0'
#20815
1!
1'
b11 T
b11 7
b10 8
14
b10010000 =
b1 >
1E
0)
#20820
0!
0'
#20825
1!
1'
b100 T
b110 7
b11 8
b11001000 =
b100000 =
b10 >
1)
#20830
0!
0'
#20835
1!
1'
b101 T
b1101 7
b100 8
b11001000 =
04
b1000000 =
b11 >
0E
0)
#20840
0!
0'
#20845
1!
1'
b110 T
b11010 7
b101 8
b11001000 =
b10000000 =
b100 >
#20850
0!
0'
#20855
1!
1'
b111 T
b110100 7
b110 8
b11001000 =
14
b0 =
b101 >
1E
1)
#20860
0!
0'
#20865
1!
1'
b1000 T
b1101001 7
b111 8
b11001000 =
04
b0 =
b110 >
0E
#20870
0!
0'
#20875
1!
1'
b1001 T
b11010011 7
b1000 8
b11001000 =
b0 =
b111 >
0)
#20880
0!
0'
#20885
1!
1'
b1010 T
b110100110 7
b1001 8
b11001000 =
b0 =
b1000 >
b0 >
0?
0:
1)
#20890
0!
0'
#20895
1!
1'
b1011 T
b1101001101 7
b1010 8
b11001000 =
1?
#20900
0!
0'
#20905
1!
1'
b1100 T
b1010011011 7
b1011 8
15
b1101001101 6
b0 8
14
b10010000 =
b1 >
1F
1P
1N
1M
1J
1H
1G
1E
#20910
0!
0'
#20915
1!
1'
b1101 T
b100110111 7
b1 8
05
b11001000 =
b100000 =
b10 >
0F
#20920
0!
0'
#20925
1!
1'
b1110 T
b1001101111 7
b10 8
b11001000 =
04
b1000000 =
b11 >
0E
#20930
0!
0'
#20935
1!
1'
b1111 T
b11011111 7
b11 8
b11001000 =
b10000000 =
b100 >
#20940
0!
0'
#20945
1!
1'
b10000 T
b110111111 7
b100 8
b11001000 =
14
b0 =
b101 >
1E
#20950
0!
0'
#20955
1!
1'
b10001 T
b1101111111 7
b101 8
b11001000 =
04
b0 =
b110 >
0E
#20960
0!
0'
#20965
1!
1'
b10010 T
b1011111111 7
b110 8
b11001000 =
b0 =
b111 >
#20970
0!
0'
#20975
1!
1'
b10011 T
b111111111 7
b111 8
b11001000 =
b0 =
b1000 >
b0 >
0?
#20980
0!
0'
#20985
1!
1'
b10100 T
b1111111111 7
b1000 8
b11001000 =
1?
#20990
0!
0'
#20995
1!
1'
b10101 T
b1001 8
14
b10010000 =
b1 >
1E
0+
1*
0)
b0 <
#21000
0!
0'
#21005
1!
1'
0U
b0 T
b0 ;
b1111111110 7
b1010 8
b100000 =
b10 >
0Q
0*
b1 <
#21010
0!
0'
#21015
1!
1'
1U
b1 ;
b0 6
b0 8
b0 >
0?
b0 7
0P
0N
0M
0J
0H
0G
1S
b10 <
#21020
0!
0'
#21025
1!
1'
b1 T
b10 ;
0S
1R
#21030
0!
0'
#21035
1!
1'
b10 T
b1 8
1)
#21040
0!
0'
#21045
1!
1'
b11 T
b1 7
b10 8
0)
#21050
0!
0'
#21055
1!
1'
b100 T
b10 7
b11 8
1)
#21060
0!
0'
#21065
1!
1'
b101 T
b101 7
b100 8
0)
#21070
0!
0'
#21075
1!
1'
b110 T
b1010 7
b101 8
1)
#21080
0!
0'
#21085
1!
1'
b111 T
b10101 7
b110 8
#21090
0!
0'
#21095
1!
1'
b1000 T
b101011 7
b111 8
0)
#21100
0!
0'
#21105
1!
1'
b1001 T
b1010110 7
b1000 8
#21110
0!
0'
#21115
1!
1'
b1010 T
b10101100 7
b1001 8
1)
#21120
0!
0'
#21125
1!
1'
b1011 T
b101011001 7
b1010 8
#21130
0!
0'
#21135
1!
1'
b1100 T
b1010110011 7
b1011 8
15
b101011001 6
b0 8
1F
1P
1M
1L
1J
1H
1*
0)
b0 <
#21140
0!
0'
#21145
1!
1'
0U
b0 T
b0 ;
b101100110 7
b1 8
05
0R
0F
0*
b1 <
#21150
0!
0'
#21155
1!
1'
1U
b1 ;
b0 6
b0 8
b0 7
0P
0M
0L
0J
0H
1S
1)
b11 <
#21160
0!
0'
#21165
1!
1'
b1 T
b11 ;
1R
#21170
0!
0'
#21175
1!
1'
b10 T
b1 7
b1 8
0)
#21180
0!
0'
#21185
1!
1'
b11 T
b10 7
b10 8
1)
#21190
0!
0'
#21195
1!
1'
b100 T
b101 7
b11 8
0)
#21200
0!
0'
#21205
1!
1'
b101 T
b1010 7
b100 8
#21210
0!
0'
#21215
1!
1'
b110 T
b10100 7
b101 8
1)
#21220
0!
0'
#21225
1!
1'
b111 T
b101001 7
b110 8
0)
#21230
0!
0'
#21235
1!
1'
b1000 T
b1010010 7
b111 8
1)
#21240
0!
0'
#21245
1!
1'
b1001 T
b10100101 7
b1000 8
#21250
0!
0'
#21255
1!
1'
b1010 T
b101001011 7
b1001 8
0)
#21260
0!
0'
#21265
1!
1'
b1011 T
b1010010110 7
b1010 8
#21270
0!
0'
#21275
1!
1'
b1100 T
b100101100 7
b1011 8
15
b1010010110 6
b0 8
1:
1F
1O
1N
1L
1I
1G
1*
b0 <
#21280
0!
0'
#21285
1!
1'
0U
b0 T
b0 ;
b1001011000 7
b1 8
05
0S
0R
0F
0*
b1 <
#21290
0!
0'
#21295
1!
1'
1U
b1 ;
b0 6
b0 8
b0 7
0O
0N
0L
0I
0G
1S
b10 <
#21300
0!
0'
#21305
1!
1'
b1 T
b10 ;
0S
1R
#21310
0!
0'
#21315
1!
1'
b10 T
b1 8
1)
#21320
0!
0'
#21325
1!
1'
b11 T
b1 7
b10 8
#21330
0!
0'
#21335
1!
1'
b100 T
b11 7
b11 8
0)
#21340
0!
0'
#21345
1!
1'
b101 T
b110 7
b100 8
1)
#21350
0!
0'
#21355
1!
1'
b110 T
b1101 7
b101 8
0)
#21360
0!
0'
#21365
1!
1'
b111 T
b11010 7
b110 8
#21370
0!
0'
#21375
1!
1'
b1000 T
b110100 7
b111 8
#21380
0!
0'
#21385
1!
1'
b1001 T
b1101000 7
b1000 8
1)
#21390
0!
0'
#21395
1!
1'
b1010 T
b11010001 7
b1001 8
#21400
0!
0'
#21405
1!
1'
b1011 T
b110100011 7
b1010 8
#21410
0!
0'
#21415
1!
1'
b1100 T
b1101000111 7
b1011 8
15
b110100011 6
b0 8
1F
1P
1O
1K
1I
1H
1*
0)
b0 <
#21420
0!
0'
#21425
1!
1'
0U
b0 T
b0 ;
b1010001110 7
b1 8
05
0R
0F
0*
b1 <
#21430
0!
0'
#21435
1!
1'
1U
b1 ;
b0 6
b0 8
b0 7
0P
0O
0K
0I
0H
1S
b10 <
#21440
0!
0'
#21445
1!
1'
b1 T
b10 ;
0S
1R
#21450
0!
0'
#21455
1!
1'
b10 T
b1 8
#21460
0!
0'
#21465
1!
1'
b11 T
b10 8
#21470
0!
0'
#21475
1!
1'
b100 T
b11 8
1)
#21480
0!
0'
#21485
1!
1'
b101 T
b1 7
b100 8
#21490
0!
0'
#21495
1!
1'
b110 T
b11 7
b101 8
0)
#21500
0!
0'
#21505
1!
1'
b111 T
b110 7
b110 8
1)
#21510
0!
0'
#21515
1!
1'
b1000 T
b1101 7
b111 8
0)
#21520
0!
0'
#21525
1!
1'
b1001 T
b11010 7
b1000 8
#21530
0!
0'
#21535
1!
1'
b1010 T
b110100 7
b1001 8
1)
#21540
0!
0'
#21545
1!
1'
b1011 T
b1101001 7
b1010 8
#21550
0!
0'
#21555
1!
1'
b1100 T
b11010011 7
b1011 8
15
b1101001 6
b0 8
1F
1P
1M
1K
1J
1*
0)
b0 <
#21560
0!
0'
#21565
1!
1'
0U
b0 T
b0 ;
b110100110 7
b1 8
05
0R
0F
0*
b1 <
#21570
0!
0'
#21575
1!
1'
1U
b1 ;
b0 6
b0 8
b0 7
0P
0M
0K
0J
1S
b10 <
#21580
0!
0'
#21585
1!
1'
b1 T
b10 ;
0S
1R
#21590
0!
0'
#21595
1!
1'
b10 T
b1 8
1)
#21600
0!
0'
#21605
1!
1'
b11 T
b1 7
b10 8
0)
#21610
0!
0'
#21615
1!
1'
b100 T
b10 7
b11 8
1)
#21620
0!
0'
#21625
1!
1'
b101 T
b101 7
b100 8
#21630
0!
0'
#21635
1!
1'
b110 T
b1011 7
b101 8
0)
#21640
0!
0'
#21645
1!
1'
b111 T
b10110 7
b110 8
#21650
0!
0'
#21655
1!
1'
b1000 T
b101100 7
b111 8
1)
#21660
0!
0'
#21665
1!
1'
b1001 T
b1011001 7
b1000 8
0)
#21670
0!
0'
#21675
1!
1'
b1010 T
b10110010 7
b1001 8
#21680
0!
0'
#21685
1!
1'
b1011 T
b101100100 7
b1010 8
#21690
0!
0'
#21695
1!
1'
b1100 T
b1011001000 7
b1011 8
15
b101100100 6
b0 8
1F
1N
1K
1J
1H
1*
b0 <
#21700
0!
0'
#21705
1!
1'
0U
b0 T
b0 ;
b110010000 7
b1 8
05
0R
0F
0*
b1 <
#21710
0!
0'
#21715
1!
1'
1U
b1 ;
b0 6
b0 8
b0 7
0N
0K
0J
0H
1S
b10 <
#21720
0!
0'
#21725
1!
1'
b1 T
b10 ;
0S
1R
#21730
0!
0'
#21735
1!
1'
b10 T
b1 8
#21740
0!
0'
#21745
1!
1'
b11 T
b10 8
1)
#21750
0!
0'
#21755
1!
1'
b100 T
b1 7
b11 8
#21760
0!
0'
#21765
1!
1'
b101 T
b11 7
b100 8
#21770
0!
0'
#21775
1!
1'
b110 T
b111 7
b101 8
#21780
0!
0'
#21785
1!
1'
b111 T
b1111 7
b110 8
#21790
0!
0'
#21795
1!
1'
b1000 T
b11111 7
b111 8
#21800
0!
0'
#21805
1!
1'
b1001 T
b111111 7
b1000 8
0)
#21810
0!
0'
#21815
1!
1'
b1010 T
b1111110 7
b1001 8
#21820
0!
0'
#21825
1!
1'
b1011 T
b11111100 7
b1010 8
#21830
0!
0'
#21835
1!
1'
b1100 T
b111111000 7
b1011 8
15
b11111100 6
b0 8
1F
1N
1M
1L
1K
1J
1I
1*
b0 <
#21840
0!
0'
#21845
1!
1'
0U
b0 T
b0 ;
b1111110000 7
b1 8
05
0R
0F
0*
b1 <
#21850
0!
0'
#21855
1!
1'
1U
b1 ;
b0 6
b0 8
b0 7
0N
0M
0L
0K
0J
0I
1S
1)
b100 <
#21860
0!
0'
#21865
1!
1'
b1 T
b100 ;
0S
1Q
#21870
0!
0'
#21875
1!
1'
b10 T
b1 7
b1 8
0)
#21880
0!
0'
#21885
1!
1'
b11 T
b10 7
b10 8
1)
#21890
0!
0'
#21895
1!
1'
b100 T
b101 7
b11 8
0)
#21900
0!
0'
#21905
1!
1'
b101 T
b1010 7
b100 8
#21910
0!
0'
#21915
1!
1'
b110 T
b10100 7
b101 8
1)
#21920
0!
0'
#21925
1!
1'
b111 T
b101001 7
b110 8
0)
#21930
0!
0'
#21935
1!
1'
b1000 T
b1010010 7
b111 8
1)
#21940
0!
0'
#21945
1!
1'
b1001 T
b10100101 7
b1000 8
0)
#21950
0!
0'
#21955
1!
1'
b1010 T
b101001010 7
b1001 8
#21960
0!
0'
#21965
1!
1'
b1011 T
b1010010100 7
b1010 8
#21970
0!
0'
#21975
1!
1'
b1100 T
b100101000 7
b1011 8
15
b1010010100 6
b0 8
1F
1N
1L
1I
1G
1*
b0 <
#21980
0!
0'
#21985
1!
1'
0U
b0 T
b0 ;
b1001010000 7
b1 8
05
0Q
0F
0*
b1 <
#21990
0!
0'
#21995
1!
1'
1U
b1 ;
b0 6
b0 8
b0 7
0N
0L
0I
0G
1S
1)
b100 <
#22000
0!
0'
#22005
1!
1'
b1 T
b100 ;
0S
1Q
#22010
0!
0'
#22015
1!
1'
b10 T
b1 7
b1 8
0)
#22020
0!
0'
#22025
1!
1'
b11 T
b10 7
b10 8
1)
#22030
0!
0'
#22035
1!
1'
b100 T
b101 7
b11 8
0)
#22040
0!
0'
#22045
1!
1'
b101 T
b1010 7
b100 8
1)
#22050
0!
0'
#22055
1!
1'
b110 T
b10101 7
b101 8
0)
#22060
0!
0'
#22065
1!
1'
b111 T
b101010 7
b110 8
#22070
0!
0'
#22075
1!
1'
b1000 T
b1010100 7
b111 8
1)
#22080
0!
0'
#22085
1!
1'
b1001 T
b10101001 7
b1000 8
0)
#22090
0!
0'
#22095
1!
1'
b1010 T
b101010010 7
b1001 8
#22100
0!
0'
#22105
1!
1'
b1011 T
b1010100100 7
b1010 8
#22110
0!
0'
#22115
1!
1'
b1100 T
b101001000 7
b1011 8
15
b1010100100 6
b0 8
1F
1N
1K
1I
1G
1*
b0 <
#22120
0!
0'
#22125
1!
1'
0U
b0 T
b0 ;
b1010010000 7
b1 8
05
0F
1+
12
00
0-
0,
0Q
0*
b1 <
#22130
0!
0'
#22135
1!
1'
1U
b1 ;
b0 6
b0 8
b0 7
0N
0K
0I
0G
1S
1)
b100 <
#22140
0!
0'
#22145
1!
1'
b1 T
b100 ;
0S
1Q
#22150
0!
0'
#22155
1!
1'
b10 T
b1 7
b1 8
b10 =
1?
#22160
0!
0'
#22165
1!
1'
b11 T
b11 7
b10 8
04
b100 =
b1 >
0E
0)
#22170
0!
0'
#22175
1!
1'
b100 T
b110 7
b11 8
b10 =
b1000 =
b10 >
#22180
0!
0'
#22185
1!
1'
b101 T
b1100 7
b100 8
b10 =
b10000 =
b11 >
#22190
0!
0'
#22195
1!
1'
b110 T
b11000 7
b101 8
b10 =
b100000 =
b100 >
#22200
0!
0'
#22205
1!
1'
b111 T
b110000 7
b110 8
b10 =
b1000000 =
b101 >
1)
#22210
0!
0'
#22215
1!
1'
b1000 T
b1100001 7
b111 8
b10 =
b10000000 =
b110 >
#22220
0!
0'
#22225
1!
1'
b1001 T
b11000011 7
b1000 8
b10 =
14
b0 =
b111 >
1E
#22230
0!
0'
#22235
1!
1'
b1010 T
b110000111 7
b1001 8
b10 =
04
b0 =
b1000 >
b0 >
0?
0:
0E
0)
#22240
0!
0'
#22245
1!
1'
b1011 T
b1100001110 7
b1010 8
b10 =
1?
#22250
0!
0'
#22255
1!
1'
b1100 T
b1000011100 7
b1011 8
15
b1100001110 6
b0 8
b100 =
b1 >
1F
1O
1N
1M
1H
1G
#22260
0!
0'
#22265
1!
1'
b1101 T
b111000 7
b1 8
05
b10 =
b1000 =
b10 >
0F
#22270
0!
0'
#22275
1!
1'
b1110 T
b1110000 7
b10 8
b10 =
b10000 =
b11 >
#22280
0!
0'
#22285
1!
1'
b1111 T
b11100000 7
b11 8
b10 =
b100000 =
b100 >
#22290
0!
0'
#22295
1!
1'
b10000 T
b111000000 7
b100 8
b10 =
b1000000 =
b101 >
#22300
0!
0'
#22305
1!
1'
b10001 T
b1110000000 7
b101 8
b10 =
b10000000 =
b110 >
#22310
0!
0'
#22315
1!
1'
b10010 T
b1100000000 7
b110 8
b10 =
14
b0 =
b111 >
1E
#22320
0!
0'
#22325
1!
1'
b10011 T
b1000000000 7
b111 8
b10 =
04
b0 =
b1000 >
b0 >
0?
0E
#22330
0!
0'
#22335
1!
1'
b10100 T
b0 7
b1000 8
b10 =
1?
#22340
0!
0'
#22345
1!
1'
b10101 T
b1001 8
b100 =
b1 >
0+
1*
b0 <
#22350
0!
0'
#22355
1!
1'
0U
b0 T
b0 ;
b1010 8
b1000 =
b10 >
0Q
0*
b1 <
#22360
0!
0'
#22365
1!
1'
1U
b1 ;
b0 6
b0 8
b0 >
0?
0O
0N
0M
0H
0G
1S
b10 <
#22370
0!
0'
#22375
1!
1'
b1 T
b10 ;
0S
1R
#22380
0!
0'
#22385
1!
1'
b10 T
b1 8
#22390
0!
0'
#22395
1!
1'
b11 T
b10 8
#22400
0!
0'
#22405
1!
1'
b100 T
b11 8
#22410
0!
0'
#22415
1!
1'
b101 T
b100 8
1)
#22420
0!
0'
#22425
1!
1'
b110 T
b1 7
b101 8
0)
#22430
0!
0'
#22435
1!
1'
b111 T
b10 7
b110 8
#22440
0!
0'
#22445
1!
1'
b1000 T
b100 7
b111 8
#22450
0!
0'
#22455
1!
1'
b1001 T
b1000 7
b1000 8
#22460
0!
0'
#22465
1!
1'
b1010 T
b10000 7
b1001 8
#22470
0!
0'
#22475
1!
1'
b1011 T
b100000 7
b1010 8
#22480
0!
0'
#22485
1!
1'
b1100 T
b1000000 7
b1011 8
15
b100000 6
b0 8
1F
1K
1*
b0 <
#22490
0!
0'
#22495
1!
1'
0U
b0 T
b0 ;
b10000000 7
b1 8
05
0R
0F
0*
b1 <
#22500
0!
0'
#22505
1!
1'
1U
b1 ;
b0 6
b0 8
b0 7
0K
1S
1)
b11 <
#22510
0!
0'
#22515
1!
1'
b1 T
b11 ;
1R
#22520
0!
0'
#22525
1!
1'
b10 T
b1 7
b1 8
0)
#22530
0!
0'
#22535
1!
1'
b11 T
b10 7
b10 8
#22540
0!
0'
#22545
1!
1'
b100 T
b100 7
b11 8
1)
#22550
0!
0'
#22555
1!
1'
b101 T
b1001 7
b100 8
0)
#22560
0!
0'
#22565
1!
1'
b110 T
b10010 7
b101 8
1)
#22570
0!
0'
#22575
1!
1'
b111 T
b100101 7
b110 8
#22580
0!
0'
#22585
1!
1'
b1000 T
b1001011 7
b111 8
0)
#22590
0!
0'
#22595
1!
1'
b1001 T
b10010110 7
b1000 8
#22600
0!
0'
#22605
1!
1'
b1010 T
b100101100 7
b1001 8
1)
#22610
0!
0'
#22615
1!
1'
b1011 T
b1001011001 7
b1010 8
#22620
0!
0'
#22625
1!
1'
b1100 T
b10110011 7
b1011 8
15
b1001011001 6
b0 8
1:
1F
1P
1M
1L
1J
1G
1*
0)
b0 <
#22630
0!
0'
#22635
1!
1'
0U
b0 T
b0 ;
b101100110 7
b1 8
05
0S
0R
0F
0*
b1 <
#22640
0!
0'
#22645
1!
1'
1U
b1 ;
b0 6
b0 8
b0 7
0P
0M
0L
0J
0G
1S
b10 <
#22650
0!
0'
#22655
1!
1'
b1 T
b10 ;
0S
1R
#22660
0!
0'
#22665
1!
1'
b10 T
b1 8
1)
#22670
0!
0'
#22675
1!
1'
b11 T
b1 7
b10 8
#22680
0!
0'
#22685
1!
1'
b100 T
b11 7
b11 8
0)
#22690
0!
0'
#22695
1!
1'
b101 T
b110 7
b100 8
1)
#22700
0!
0'
#22705
1!
1'
b110 T
b1101 7
b101 8
0)
#22710
0!
0'
#22715
1!
1'
b111 T
b11010 7
b110 8
1)
#22720
0!
0'
#22725
1!
1'
b1000 T
b110101 7
b111 8
0)
#22730
0!
0'
#22735
1!
1'
b1001 T
b1101010 7
b1000 8
#22740
0!
0'
#22745
1!
1'
b1010 T
b11010100 7
b1001 8
#22750
0!
0'
#22755
1!
1'
b1011 T
b110101000 7
b1010 8
#22760
0!
0'
#22765
1!
1'
b1100 T
b1101010000 7
b1011 8
15
b110101000 6
b0 8
1F
1M
1K
1I
1H
1*
b0 <
#22770
0!
0'
#22775
1!
1'
0U
b0 T
b0 ;
b1010100000 7
b1 8
05
0R
0F
0*
b1 <
#22780
0!
0'
#22785
1!
1'
1U
b1 ;
b0 6
b0 8
b0 7
0M
0K
0I
0H
1S
b10 <
#22790
0!
0'
#22795
1!
1'
b1 T
b10 ;
0S
1R
#22800
0!
0'
#22805
1!
1'
b10 T
b1 8
1)
#22810
0!
0'
#22815
1!
1'
b11 T
b1 7
b10 8
#22820
0!
0'
#22825
1!
1'
b100 T
b11 7
b11 8
0)
#22830
0!
0'
#22835
1!
1'
b101 T
b110 7
b100 8
1)
#22840
0!
0'
#22845
1!
1'
b110 T
b1101 7
b101 8
0)
#22850
0!
0'
#22855
1!
1'
b111 T
b11010 7
b110 8
#22860
0!
0'
#22865
1!
1'
b1000 T
b110100 7
b111 8
1)
#22870
0!
0'
#22875
1!
1'
b1001 T
b1101001 7
b1000 8
#22880
0!
0'
#22885
1!
1'
b1010 T
b11010011 7
b1001 8
0)
#22890
0!
0'
#22895
1!
1'
b1011 T
b110100110 7
b1010 8
#22900
0!
0'
#22905
1!
1'
b1100 T
b1101001100 7
b1011 8
15
b110100110 6
b0 8
1F
1O
1N
1K
1I
1H
1*
b0 <
#22910
0!
0'
#22915
1!
1'
0U
b0 T
b0 ;
b1010011000 7
b1 8
05
0R
0F
0*
b1 <
#22920
0!
0'
#22925
1!
1'
1U
b1 ;
b0 6
b0 8
b0 7
0O
0N
0K
0I
0H
1S
1)
b100 <
#22930
0!
0'
#22935
1!
1'
b1 T
b100 ;
0S
1Q
#22940
0!
0'
#22945
1!
1'
b10 T
b1 7
b1 8
0)
#22950
0!
0'
#22955
1!
1'
b11 T
b10 7
b10 8
#22960
0!
0'
#22965
1!
1'
b100 T
b100 7
b11 8
1)
#22970
0!
0'
#22975
1!
1'
b101 T
b1001 7
b100 8
#22980
0!
0'
#22985
1!
1'
b110 T
b10011 7
b101 8
#22990
0!
0'
#22995
1!
1'
b111 T
b100111 7
b110 8
#23000
0!
0'
#23005
1!
1'
b1000 T
b1001111 7
b111 8
#23010
0!
0'
#23015
1!
1'
b1001 T
b10011111 7
b1000 8
#23020
0!
0'
#23025
1!
1'
b1010 T
b100111111 7
b1001 8
#23030
0!
0'
#23035
1!
1'
b1011 T
b1001111111 7
b1010 8
#23040
0!
0'
#23045
1!
1'
b1100 T
b11111111 7
b1011 8
15
b1001111111 6
b0 8
1F
1P
1O
1N
1M
1L
1K
1J
1G
1*
0)
b0 <
#23050
0!
0'
#23055
1!
1'
0U
b0 T
b0 ;
b111111110 7
b1 8
05
0Q
0F
0*
b1 <
#23060
0!
0'
#23065
1!
1'
1U
b1 ;
b0 6
b0 8
b0 7
0P
0O
0N
0M
0L
0K
0J
0G
1S
1)
b100 <
#23070
0!
0'
#23075
1!
1'
b1 T
b100 ;
0S
1Q
#23080
0!
0'
#23085
1!
1'
b10 T
b1 7
b1 8
0)
#23090
0!
0'
#23095
1!
1'
b11 T
b10 7
b10 8
#23100
0!
0'
#23105
1!
1'
b100 T
b100 7
b11 8
1)
#23110
0!
0'
#23115
1!
1'
b101 T
b1001 7
b100 8
#23120
0!
0'
#23125
1!
1'
b110 T
b10011 7
b101 8
0)
#23130
0!
0'
#23135
1!
1'
b111 T
b100110 7
b110 8
1)
#23140
0!
0'
#23145
1!
1'
b1000 T
b1001101 7
b111 8
#23150
0!
0'
#23155
1!
1'
b1001 T
b10011011 7
b1000 8
#23160
0!
0'
#23165
1!
1'
b1010 T
b100110111 7
b1001 8
0)
#23170
0!
0'
#23175
1!
1'
b1011 T
b1001101110 7
b1010 8
#23180
0!
0'
#23185
1!
1'
b1100 T
b11011100 7
b1011 8
15
b1001101110 6
b0 8
1F
1O
1N
1M
1K
1J
1G
1*
b0 <
#23190
0!
0'
#23195
1!
1'
0U
b0 T
b0 ;
b110111000 7
b1 8
05
0F
1+
13
02
10
1-
0Q
0*
b1 <
#23200
0!
0'
#23205
1!
1'
1U
b1 ;
b0 6
b0 8
b0 7
0O
0N
0M
0K
0J
0G
1S
1)
b100 <
#23210
0!
0'
#23215
1!
1'
b1 T
b100 ;
0S
1Q
#23220
0!
0'
#23225
1!
1'
b10 T
b1 7
b1 8
b1001001 =
1?
#23230
0!
0'
#23235
1!
1'
b11 T
b11 7
b10 8
b10010010 =
b1 >
0)
#23240
0!
0'
#23245
1!
1'
b100 T
b110 7
b11 8
b1001001 =
14
b100100 =
b10 >
1E
1)
#23250
0!
0'
#23255
1!
1'
b101 T
b1101 7
b100 8
b1001001 =
04
b1001000 =
b11 >
0E
#23260
0!
0'
#23265
1!
1'
b110 T
b11011 7
b101 8
b1001001 =
b10010000 =
b100 >
0)
#23270
0!
0'
#23275
1!
1'
b111 T
b110110 7
b110 8
b1001001 =
14
b100000 =
b101 >
1E
1)
#23280
0!
0'
#23285
1!
1'
b1000 T
b1101101 7
b111 8
b1001001 =
04
b1000000 =
b110 >
0E
0)
#23290
0!
0'
#23295
1!
1'
b1001 T
b11011010 7
b1000 8
b1001001 =
b10000000 =
b111 >
#23300
0!
0'
#23305
1!
1'
b1010 T
b110110100 7
b1001 8
b1001001 =
14
b0 =
b1000 >
b0 >
0?
0:
1E
1)
#23310
0!
0'
#23315
1!
1'
b1011 T
b1101101001 7
b1010 8
b1001001 =
1?
#23320
0!
0'
#23325
1!
1'
b1100 T
b1011010011 7
b1011 8
15
b1101101001 6
b0 8
04
b10010010 =
b1 >
1F
1P
1M
1K
1J
1H
1G
0E
#23330
0!
0'
#23335
1!
1'
b1101 T
b110100111 7
b1 8
05
b1001001 =
14
b100100 =
b10 >
0F
1E
#23340
0!
0'
#23345
1!
1'
b1110 T
b1101001111 7
b10 8
b1001001 =
04
b1001000 =
b11 >
0E
#23350
0!
0'
#23355
1!
1'
b1111 T
b1010011111 7
b11 8
b1001001 =
b10010000 =
b100 >
#23360
0!
0'
#23365
1!
1'
b10000 T
b100111111 7
b100 8
b1001001 =
14
b100000 =
b101 >
1E
#23370
0!
0'
#23375
1!
1'
b10001 T
b1001111111 7
b101 8
b1001001 =
04
b1000000 =
b110 >
0E
#23380
0!
0'
#23385
1!
1'
b10010 T
b11111111 7
b110 8
b1001001 =
b10000000 =
b111 >
#23390
0!
0'
#23395
1!
1'
b10011 T
b111111111 7
b111 8
b1001001 =
14
b0 =
b1000 >
b0 >
0?
1E
#23400
0!
0'
#23405
1!
1'
b10100 T
b1111111111 7
b1000 8
b1001001 =
1?
#23410
0!
0'
#23415
1!
1'
b10101 T
b1001 8
04
b10010010 =
b1 >
0E
0+
1*
0)
b0 <
#23420
0!
0'
#23425
1!
1'
0U
b0 T
b0 ;
b1111111110 7
b1010 8
14
b100100 =
b10 >
1E
1+
11
1/
0-
1,
0Q
0*
b1 <
#23430
0!
0'
#23435
1!
1'
1U
b1 ;
b0 6
b0 8
b0 >
0?
b0 7
0P
0M
0K
0J
0H
0G
1S
1)
b11 <
#23440
0!
0'
#23445
1!
1'
b1 T
b11 ;
1R
#23450
0!
0'
#23455
1!
1'
b10 T
b1 7
b1 8
#23460
0!
0'
#23465
1!
1'
b11 T
b11 7
b10 8
#23470
0!
0'
#23475
1!
1'
b100 T
b111 7
b11 8
#23480
0!
0'
#23485
1!
1'
b101 T
b1111 7
b100 8
0)
#23490
0!
0'
#23495
1!
1'
b110 T
b11110 7
b101 8
1)
#23500
0!
0'
#23505
1!
1'
b111 T
b111101 7
b110 8
0)
#23510
0!
0'
#23515
1!
1'
b1000 T
b1111010 7
b111 8
1)
#23520
0!
0'
#23525
1!
1'
b1001 T
b11110101 7
b1000 8
#23530
0!
0'
#23535
1!
1'
b1010 T
b111101011 7
b1001 8
#23540
0!
0'
#23545
1!
1'
b1011 T
b1111010111 7
b1010 8
#23550
0!
0'
#23555
1!
1'
b1100 T
b1110101111 7
b1011 8
15
b1111010111 6
b0 8
1:
1F
1P
1O
1N
1L
1J
1I
1H
1G
#23560
0!
0'
#23565
1!
1'
b1101 T
b1101011111 7
b1 8
05
0F
#23570
0!
0'
#23575
1!
1'
b1110 T
b1010111111 7
b10 8
#23580
0!
0'
#23585
1!
1'
b1111 T
b101111111 7
b11 8
#23590
0!
0'
#23595
1!
1'
b10000 T
b1011111111 7
b100 8
#23600
0!
0'
#23605
1!
1'
b10001 T
b111111111 7
b101 8
#23610
0!
0'
#23615
1!
1'
b10010 T
b1111111111 7
b110 8
#23620
0!
0'
#23625
1!
1'
b10011 T
b111 8
#23630
0!
0'
#23635
1!
1'
b10100 T
b1000 8
#23640
0!
0'
#23645
1!
1'
b10101 T
b1001 8
0+
1*
0)
b0 <
#23650
0!
0'
#23655
1!
1'
0U
b0 T
b0 ;
b1111111110 7
b1010 8
0S
0R
0*
b1 <
#23660
0!
0'
#23665
1!
1'
1U
b1 ;
b0 6
b0 8
b0 7
0P
0O
0N
0L
0J
0I
0H
0G
1S
b10 <
#23670
0!
0'
#23675
1!
1'
b1 T
b10 ;
0S
1R
#23680
0!
0'
#23685
1!
1'
b10 T
b1 8
#23690
0!
0'
#23695
1!
1'
b11 T
b10 8
1)
#23700
0!
0'
#23705
1!
1'
b100 T
b1 7
b11 8
0)
#23710
0!
0'
#23715
1!
1'
b101 T
b10 7
b100 8
1)
#23720
0!
0'
#23725
1!
1'
b110 T
b101 7
b101 8
0)
#23730
0!
0'
#23735
1!
1'
b111 T
b1010 7
b110 8
#23740
0!
0'
#23745
1!
1'
b1000 T
b10100 7
b111 8
#23750
0!
0'
#23755
1!
1'
b1001 T
b101000 7
b1000 8
#23760
0!
0'
#23765
1!
1'
b1010 T
b1010000 7
b1001 8
1)
#23770
0!
0'
#23775
1!
1'
b1011 T
b10100001 7
b1010 8
#23780
0!
0'
#23785
1!
1'
b1100 T
b101000011 7
b1011 8
15
b10100001 6
b0 8
1F
1P
1K
1I
1*
0)
b0 <
#23790
0!
0'
#23795
1!
1'
0U
b0 T
b0 ;
b1010000110 7
b1 8
05
0R
0F
0*
b1 <
#23800
0!
0'
#23805
1!
1'
1U
b1 ;
b0 6
b0 8
b0 7
0P
0K
0I
1S
b10 <
#23810
0!
0'
#23815
1!
1'
b1 T
b10 ;
0S
1R
#23820
0!
0'
#23825
1!
1'
b10 T
b1 8
#23830
0!
0'
#23835
1!
1'
b11 T
b10 8
#23840
0!
0'
#23845
1!
1'
b100 T
b11 8
1)
#23850
0!
0'
#23855
1!
1'
b101 T
b1 7
b100 8
0)
#23860
0!
0'
#23865
1!
1'
b110 T
b10 7
b101 8
1)
#23870
0!
0'
#23875
1!
1'
b111 T
b101 7
b110 8
#23880
0!
0'
#23885
1!
1'
b1000 T
b1011 7
b111 8
#23890
0!
0'
#23895
1!
1'
b1001 T
b10111 7
b1000 8
0)
#23900
0!
0'
#23905
1!
1'
b1010 T
b101110 7
b1001 8
#23910
0!
0'
#23915
1!
1'
b1011 T
b1011100 7
b1010 8
#23920
0!
0'
#23925
1!
1'
b1100 T
b10111000 7
b1011 8
15
b1011100 6
b0 8
1F
1N
1M
1L
1J
1*
b0 <
#23930
0!
0'
#23935
1!
1'
0U
b0 T
b0 ;
b101110000 7
b1 8
05
0R
0F
0*
b1 <
#23940
0!
0'
#23945
1!
1'
1U
b1 ;
b0 6
b0 8
b0 7
0N
0M
0L
0J
1S
b10 <
#23950
0!
0'
#23955
1!
1'
b1 T
b10 ;
0S
1R
#23960
0!
0'
#23965
1!
1'
b10 T
b1 8
1)
#23970
0!
0'
#23975
1!
1'
b11 T
b1 7
b10 8
0)
#23980
0!
0'
#23985
1!
1'
b100 T
b10 7
b11 8
1)
#23990
0!
0'
#23995
1!
1'
b101 T
b101 7
b100 8
#24000
0!
0'
#24005
1!
1'
b110 T
b1011 7
b101 8
0)
#24010
0!
0'
#24015
1!
1'
b111 T
b10110 7
b110 8
1)
#24020
0!
0'
#24025
1!
1'
b1000 T
b101101 7
b111 8
0)
#24030
0!
0'
#24035
1!
1'
b1001 T
b1011010 7
b1000 8
1)
#24040
0!
0'
#24045
1!
1'
b1010 T
b10110101 7
b1001 8
#24050
0!
0'
#24055
1!
1'
b1011 T
b101101011 7
b1010 8
#24060
0!
0'
#24065
1!
1'
b1100 T
b1011010111 7
b1011 8
15
b101101011 6
b0 8
1F
1P
1O
1M
1K
1J
1H
1*
0)
b0 <
#24070
0!
0'
#24075
1!
1'
0U
b0 T
b0 ;
b110101110 7
b1 8
05
0R
0F
0*
b1 <
#24080
0!
0'
#24085
1!
1'
1U
b1 ;
b0 6
b0 8
b0 7
0P
0O
0M
0K
0J
0H
1S
1)
b100 <
#24090
0!
0'
#24095
1!
1'
b1 T
b100 ;
0S
1Q
#24100
0!
0'
#24105
1!
1'
b10 T
b1 7
b1 8
0)
#24110
0!
0'
#24115
1!
1'
b11 T
b10 7
b10 8
1)
#24120
0!
0'
#24125
1!
1'
b100 T
b101 7
b11 8
#24130
0!
0'
#24135
1!
1'
b101 T
b1011 7
b100 8
0)
#24140
0!
0'
#24145
1!
1'
b110 T
b10110 7
b101 8
1)
#24150
0!
0'
#24155
1!
1'
b111 T
b101101 7
b110 8
0)
#24160
0!
0'
#24165
1!
1'
b1000 T
b1011010 7
b111 8
1)
#24170
0!
0'
#24175
1!
1'
b1001 T
b10110101 7
b1000 8
#24180
0!
0'
#24185
1!
1'
b1010 T
b101101011 7
b1001 8
#24190
0!
0'
#24195
1!
1'
b1011 T
b1011010111 7
b1010 8
#24200
0!
0'
#24205
1!
1'
b1100 T
b110101111 7
b1011 8
15
b1011010111 6
b0 8
1F
1P
1O
1N
1L
1J
1I
1G
1*
0)
b0 <
#24210
0!
0'
#24215
1!
1'
0U
b0 T
b0 ;
b1101011110 7
b1 8
05
0F
1+
03
12
01
0/
1.
0Q
0*
b1 <
#24220
0!
0'
#24225
1!
1'
1U
b1 ;
b0 6
b0 8
b0 7
0P
0O
0N
0L
0J
0I
0G
1S
1)
b100 <
#24230
0!
0'
#24235
1!
1'
b1 T
b100 ;
0S
1Q
#24240
0!
0'
#24245
1!
1'
b10 T
b1 7
b1 8
b10101010 =
1?
#24250
0!
0'
#24255
1!
1'
b11 T
b11 7
b10 8
b1010100 =
b1 >
#24260
0!
0'
#24265
1!
1'
b100 T
b111 7
b11 8
b10101010 =
04
b10101000 =
b10 >
0E
0)
#24270
0!
0'
#24275
1!
1'
b101 T
b1110 7
b100 8
b10101010 =
14
b1010000 =
b11 >
1E
#24280
0!
0'
#24285
1!
1'
b110 T
b11100 7
b101 8
b10101010 =
04
b10100000 =
b100 >
0E
#24290
0!
0'
#24295
1!
1'
b111 T
b111000 7
b110 8
b10101010 =
14
b1000000 =
b101 >
1E
1)
#24300
0!
0'
#24305
1!
1'
b1000 T
b1110001 7
b111 8
b10101010 =
04
b10000000 =
b110 >
0E
0)
#24310
0!
0'
#24315
1!
1'
b1001 T
b11100010 7
b1000 8
b10101010 =
14
b0 =
b111 >
1E
#24320
0!
0'
#24325
1!
1'
b1010 T
b111000100 7
b1001 8
b10101010 =
04
b0 =
b1000 >
b0 >
0?
0:
0E
#24330
0!
0'
#24335
1!
1'
b1011 T
b1110001000 7
b1010 8
b10101010 =
1?
#24340
0!
0'
#24345
1!
1'
b1100 T
b1100010000 7
b1011 8
15
b1110001000 6
b0 8
14
b1010100 =
b1 >
1F
1M
1I
1H
1G
1E
#24350
0!
0'
#24355
1!
1'
b1101 T
b1000100000 7
b1 8
05
b10101010 =
04
b10101000 =
b10 >
0F
0E
#24360
0!
0'
#24365
1!
1'
b1110 T
b1000000 7
b10 8
b10101010 =
14
b1010000 =
b11 >
1E
#24370
0!
0'
#24375
1!
1'
b1111 T
b10000000 7
b11 8
b10101010 =
04
b10100000 =
b100 >
0E
#24380
0!
0'
#24385
1!
1'
b10000 T
b100000000 7
b100 8
b10101010 =
14
b1000000 =
b101 >
1E
#24390
0!
0'
#24395
1!
1'
b10001 T
b1000000000 7
b101 8
b10101010 =
04
b10000000 =
b110 >
0E
#24400
0!
0'
#24405
1!
1'
b10010 T
b0 7
b110 8
b10101010 =
14
b0 =
b111 >
1E
#24410
0!
0'
#24415
1!
1'
b10011 T
b111 8
b10101010 =
04
b0 =
b1000 >
b0 >
0?
0E
#24420
0!
0'
#24425
1!
1'
b10100 T
b1000 8
b10101010 =
1?
#24430
0!
0'
#24435
1!
1'
b10101 T
b1001 8
14
b1010100 =
b1 >
1E
0+
1*
b0 <
#24440
0!
0'
#24445
1!
1'
0U
b0 T
b0 ;
b1010 8
04
b10101000 =
b10 >
0Q
0E
0*
b1 <
#24450
0!
0'
#24455
1!
1'
1U
b1 ;
b0 6
b0 8
b0 >
0?
0M
0I
0H
0G
1S
b10 <
#24460
0!
0'
#24465
1!
1'
b1 T
b10 ;
0S
1R
#24470
0!
0'
#24475
1!
1'
b10 T
b1 8
#24480
0!
0'
#24485
1!
1'
b11 T
b10 8
#24490
0!
0'
#24495
1!
1'
b100 T
b11 8
#24500
0!
0'
#24505
1!
1'
b101 T
b100 8
1)
#24510
0!
0'
#24515
1!
1'
b110 T
b1 7
b101 8
0)
#24520
0!
0'
#24525
1!
1'
b111 T
b10 7
b110 8
#24530
0!
0'
#24535
1!
1'
b1000 T
b100 7
b111 8
#24540
0!
0'
#24545
1!
1'
b1001 T
b1000 7
b1000 8
#24550
0!
0'
#24555
1!
1'
b1010 T
b10000 7
b1001 8
1)
#24560
0!
0'
#24565
1!
1'
b1011 T
b100001 7
b1010 8
#24570
0!
0'
#24575
1!
1'
b1100 T
b1000011 7
b1011 8
15
b100001 6
b0 8
1F
1P
1K
1*
0)
b0 <
#24580
0!
0'
#24585
1!
1'
0U
b0 T
b0 ;
b10000110 7
b1 8
05
0R
0F
0*
b1 <
#24590
0!
0'
#24595
1!
1'
1U
b1 ;
b0 6
b0 8
b0 7
0P
0K
1S
b10 <
#24600
0!
0'
#24605
1!
1'
b1 T
b10 ;
0S
1R
#24610
0!
0'
#24615
1!
1'
b10 T
b1 8
1)
#24620
0!
0'
#24625
1!
1'
b11 T
b1 7
b10 8
0)
#24630
0!
0'
#24635
1!
1'
b100 T
b10 7
b11 8
1)
#24640
0!
0'
#24645
1!
1'
b101 T
b101 7
b100 8
0)
#24650
0!
0'
#24655
1!
1'
b110 T
b1010 7
b101 8
1)
#24660
0!
0'
#24665
1!
1'
b111 T
b10101 7
b110 8
#24670
0!
0'
#24675
1!
1'
b1000 T
b101011 7
b111 8
0)
#24680
0!
0'
#24685
1!
1'
b1001 T
b1010110 7
b1000 8
#24690
0!
0'
#24695
1!
1'
b1010 T
b10101100 7
b1001 8
1)
#24700
0!
0'
#24705
1!
1'
b1011 T
b101011001 7
b1010 8
#24710
0!
0'
#24715
1!
1'
b1100 T
b1010110011 7
b1011 8
15
b101011001 6
b0 8
1F
1P
1M
1L
1J
1H
1*
0)
b0 <
#24720
0!
0'
#24725
1!
1'
0U
b0 T
b0 ;
b101100110 7
b1 8
05
0R
0F
0*
b1 <
#24730
0!
0'
#24735
1!
1'
1U
b1 ;
b0 6
b0 8
b0 7
0P
0M
0L
0J
0H
1S
1)
b11 <
#24740
0!
0'
#24745
1!
1'
b1 T
b11 ;
1R
#24750
0!
0'
#24755
1!
1'
b10 T
b1 7
b1 8
0)
#24760
0!
0'
#24765
1!
1'
b11 T
b10 7
b10 8
1)
#24770
0!
0'
#24775
1!
1'
b100 T
b101 7
b11 8
0)
#24780
0!
0'
#24785
1!
1'
b101 T
b1010 7
b100 8
#24790
0!
0'
#24795
1!
1'
b110 T
b10100 7
b101 8
1)
#24800
0!
0'
#24805
1!
1'
b111 T
b101001 7
b110 8
#24810
0!
0'
#24815
1!
1'
b1000 T
b1010011 7
b111 8
#24820
0!
0'
#24825
1!
1'
b1001 T
b10100111 7
b1000 8
0)
#24830
0!
0'
#24835
1!
1'
b1010 T
b101001110 7
b1001 8
1)
#24840
0!
0'
#24845
1!
1'
b1011 T
b1010011101 7
b1010 8
#24850
0!
0'
#24855
1!
1'
b1100 T
b100111011 7
b1011 8
15
b1010011101 6
b0 8
1:
1F
1P
1N
1M
1L
1I
1G
1*
0)
b0 <
#24860
0!
0'
#24865
1!
1'
0U
b0 T
b0 ;
b1001110110 7
b1 8
05
0F
1+
13
1/
0.
0,
0S
0R
0*
b1 <
#24870
0!
0'
#24875
1!
1'
1U
b1 ;
b0 6
b0 8
b0 7
0P
0N
0M
0L
0I
0G
1S
1)
b100 <
#24880
0!
0'
#24885
1!
1'
b1 T
b100 ;
0S
1Q
#24890
0!
0'
#24895
1!
1'
b10 T
b1 7
b1 8
b11011 =
1?
#24900
0!
0'
#24905
1!
1'
b11 T
b11 7
b10 8
b110110 =
b1 >
#24910
0!
0'
#24915
1!
1'
b100 T
b111 7
b11 8
b11011 =
b1101100 =
b10 >
0)
#24920
0!
0'
#24925
1!
1'
b101 T
b1110 7
b100 8
b11011 =
b11011000 =
b11 >
1)
#24930
0!
0'
#24935
1!
1'
b110 T
b11101 7
b101 8
b11011 =
14
b10110000 =
b100 >
1E
0)
#24940
0!
0'
#24945
1!
1'
b111 T
b111010 7
b110 8
b11011 =
b1100000 =
b101 >
#24950
0!
0'
#24955
1!
1'
b1000 T
b1110100 7
b111 8
b11011 =
04
b11000000 =
b110 >
0E
#24960
0!
0'
#24965
1!
1'
b1001 T
b11101000 7
b1000 8
b11011 =
14
b10000000 =
b111 >
1E
#24970
0!
0'
#24975
1!
1'
b1010 T
b111010000 7
b1001 8
b11011 =
b0 =
b1000 >
b0 >
0?
0:
#24980
0!
0'
#24985
1!
1'
b1011 T
b1110100000 7
b1010 8
b11011 =
1?
#24990
0!
0'
#24995
1!
1'
b1100 T
b1101000000 7
b1011 8
15
b1110100000 6
b0 8
04
b110110 =
b1 >
1F
1K
1I
1H
1G
0E
#25000
0!
0'
#25005
1!
1'
b1101 T
b1010000000 7
b1 8
05
b11011 =
b1101100 =
b10 >
0F
#25010
0!
0'
#25015
1!
1'
b1110 T
b100000000 7
b10 8
b11011 =
b11011000 =
b11 >
#25020
0!
0'
#25025
1!
1'
b1111 T
b1000000000 7
b11 8
b11011 =
14
b10110000 =
b100 >
1E
#25030
0!
0'
#25035
1!
1'
b10000 T
b0 7
b100 8
b11011 =
b1100000 =
b101 >
#25040
0!
0'
#25045
1!
1'
b10001 T
b101 8
b11011 =
04
b11000000 =
b110 >
0E
#25050
0!
0'
#25055
1!
1'
b10010 T
b110 8
b11011 =
14
b10000000 =
b111 >
1E
#25060
0!
0'
#25065
1!
1'
b10011 T
b111 8
b11011 =
b0 =
b1000 >
b0 >
0?
#25070
0!
0'
#25075
1!
1'
b10100 T
b1000 8
b11011 =
1?
#25080
0!
0'
#25085
1!
1'
b10101 T
b1001 8
04
b110110 =
b1 >
0E
0+
1*
b0 <
#25090
0!
0'
#25095
1!
1'
0U
b0 T
b0 ;
b1010 8
b1101100 =
b10 >
0Q
0*
b1 <
#25100
0!
0'
#25105
1!
1'
1U
b1 ;
b0 6
b0 8
b0 >
0?
0K
0I
0H
0G
1S
b10 <
#25110
0!
0'
#25115
1!
1'
b1 T
b10 ;
0S
1R
#25120
0!
0'
#25125
1!
1'
b10 T
b1 8
#25130
0!
0'
#25135
1!
1'
b11 T
b10 8
#25140
0!
0'
#25145
1!
1'
b100 T
b11 8
1)
#25150
0!
0'
#25155
1!
1'
b101 T
b1 7
b100 8
0)
#25160
0!
0'
#25165
1!
1'
b110 T
b10 7
b101 8
1)
#25170
0!
0'
#25175
1!
1'
b111 T
b101 7
b110 8
0)
#25180
0!
0'
#25185
1!
1'
b1000 T
b1010 7
b111 8
1)
#25190
0!
0'
#25195
1!
1'
b1001 T
b10101 7
b1000 8
0)
#25200
0!
0'
#25205
1!
1'
b1010 T
b101010 7
b1001 8
#25210
0!
0'
#25215
1!
1'
b1011 T
b1010100 7
b1010 8
#25220
0!
0'
#25225
1!
1'
b1100 T
b10101000 7
b1011 8
15
b1010100 6
b0 8
1F
1N
1L
1J
1*
b0 <
#25230
0!
0'
#25235
1!
1'
0U
b0 T
b0 ;
b101010000 7
b1 8
05
0R
0F
0*
b1 <
#25240
0!
0'
#25245
1!
1'
1U
b1 ;
b0 6
b0 8
b0 7
0N
0L
0J
1S
b10 <
#25250
0!
0'
#25255
1!
1'
b1 T
b10 ;
0S
1R
#25260
0!
0'
#25265
1!
1'
b10 T
b1 8
1)
#25270
0!
0'
#25275
1!
1'
b11 T
b1 7
b10 8
0)
#25280
0!
0'
#25285
1!
1'
b100 T
b10 7
b11 8
1)
#25290
0!
0'
#25295
1!
1'
b101 T
b101 7
b100 8
0)
#25300
0!
0'
#25305
1!
1'
b110 T
b1010 7
b101 8
#25310
0!
0'
#25315
1!
1'
b111 T
b10100 7
b110 8
#25320
0!
0'
#25325
1!
1'
b1000 T
b101000 7
b111 8
#25330
0!
0'
#25335
1!
1'
b1001 T
b1010000 7
b1000 8
1)
#25340
0!
0'
#25345
1!
1'
b1010 T
b10100001 7
b1001 8
0)
#25350
0!
0'
#25355
1!
1'
b1011 T
b101000010 7
b1010 8
#25360
0!
0'
#25365
1!
1'
b1100 T
b1010000100 7
b1011 8
15
b101000010 6
b0 8
1F
1O
1J
1H
1*
b0 <
#25370
0!
0'
#25375
1!
1'
0U
b0 T
b0 ;
b100001000 7
b1 8
05
0R
0F
0*
b1 <
#25380
0!
0'
#25385
1!
1'
1U
b1 ;
b0 6
b0 8
b0 7
0O
0J
0H
1S
1)
b11 <
#25390
0!
0'
#25395
1!
1'
b1 T
b11 ;
1R
#25400
0!
0'
#25405
1!
1'
b10 T
b1 7
b1 8
0)
#25410
0!
0'
#25415
1!
1'
b11 T
b10 7
b10 8
1)
#25420
0!
0'
#25425
1!
1'
b100 T
b101 7
b11 8
#25430
0!
0'
#25435
1!
1'
b101 T
b1011 7
b100 8
0)
#25440
0!
0'
#25445
1!
1'
b110 T
b10110 7
b101 8
#25450
0!
0'
#25455
1!
1'
b111 T
b101100 7
b110 8
#25460
0!
0'
#25465
1!
1'
b1000 T
b1011000 7
b111 8
1)
#25470
0!
0'
#25475
1!
1'
b1001 T
b10110001 7
b1000 8
0)
#25480
0!
0'
#25485
1!
1'
b1010 T
b101100010 7
b1001 8
#25490
0!
0'
#25495
1!
1'
b1011 T
b1011000100 7
b1010 8
#25500
0!
0'
#25505
1!
1'
b1100 T
b110001000 7
b1011 8
15
b1011000100 6
b0 8
1:
1F
1N
1J
1I
1G
1*
b0 <
#25510
0!
0'
#25515
1!
1'
0U
b0 T
b0 ;
b1100010000 7
b1 8
05
0F
1+
03
1-
1,
0S
0R
0*
b1 <
#25520
0!
0'
#25525
1!
1'
1U
b1 ;
b0 6
b0 8
b0 7
0N
0J
0I
0G
1S
1)
b100 <
#25530
0!
0'
#25535
1!
1'
b1 T
b100 ;
0S
1Q
#25540
0!
0'
#25545
1!
1'
b10 T
b1 7
b1 8
b11011010 =
1?
#25550
0!
0'
#25555
1!
1'
b11 T
b11 7
b10 8
14
b10110100 =
b1 >
1E
0)
#25560
0!
0'
#25565
1!
1'
b100 T
b110 7
b11 8
b11011010 =
b1101000 =
b10 >
#25570
0!
0'
#25575
1!
1'
b101 T
b1100 7
b100 8
b11011010 =
04
b11010000 =
b11 >
0E
#25580
0!
0'
#25585
1!
1'
b110 T
b11000 7
b101 8
b11011010 =
14
b10100000 =
b100 >
1E
1)
#25590
0!
0'
#25595
1!
1'
b111 T
b110001 7
b110 8
b11011010 =
b1000000 =
b101 >
0)
#25600
0!
0'
#25605
1!
1'
b1000 T
b1100010 7
b111 8
b11011010 =
04
b10000000 =
b110 >
0E
#25610
0!
0'
#25615
1!
1'
b1001 T
b11000100 7
b1000 8
b11011010 =
14
b0 =
b111 >
1E
1)
#25620
0!
0'
#25625
1!
1'
b1010 T
b110001001 7
b1001 8
b11011010 =
04
b0 =
b1000 >
b0 >
0?
0:
0E
#25630
0!
0'
#25635
1!
1'
b1011 T
b1100010011 7
b1010 8
b11011010 =
1?
#25640
0!
0'
#25645
1!
1'
b1100 T
b1000100111 7
b1011 8
15
b1100010011 6
b0 8
14
b10110100 =
b1 >
1F
1P
1O
1L
1H
1G
1E
#25650
0!
0'
#25655
1!
1'
b1101 T
b1001111 7
b1 8
05
b11011010 =
b1101000 =
b10 >
0F
#25660
0!
0'
#25665
1!
1'
b1110 T
b10011111 7
b10 8
b11011010 =
04
b11010000 =
b11 >
0E
#25670
0!
0'
#25675
1!
1'
b1111 T
b100111111 7
b11 8
b11011010 =
14
b10100000 =
b100 >
1E
#25680
0!
0'
#25685
1!
1'
b10000 T
b1001111111 7
b100 8
b11011010 =
b1000000 =
b101 >
#25690
0!
0'
#25695
1!
1'
b10001 T
b11111111 7
b101 8
b11011010 =
04
b10000000 =
b110 >
0E
#25700
0!
0'
#25705
1!
1'
b10010 T
b111111111 7
b110 8
b11011010 =
14
b0 =
b111 >
1E
#25710
0!
0'
#25715
1!
1'
b10011 T
b1111111111 7
b111 8
b11011010 =
04
b0 =
b1000 >
b0 >
0?
0E
#25720
0!
0'
#25725
1!
1'
b10100 T
b1000 8
b11011010 =
1?
#25730
0!
0'
#25735
1!
1'
b10101 T
b1001 8
14
b10110100 =
b1 >
1E
0+
1*
0)
b0 <
#25740
0!
0'
#25745
1!
1'
0U
b0 T
b0 ;
b1111111110 7
b1010 8
b1101000 =
b10 >
0Q
0*
b1 <
#25750
0!
0'
#25755
1!
1'
1U
b1 ;
b0 6
b0 8
b0 >
0?
b0 7
0P
0O
0L
0H
0G
1S
b10 <
#25760
0!
0'
#25765
1!
1'
b1 T
b10 ;
0S
1R
#25770
0!
0'
#25775
1!
1'
b10 T
b1 8
#25780
0!
0'
#25785
1!
1'
b11 T
b10 8
1)
#25790
0!
0'
#25795
1!
1'
b100 T
b1 7
b11 8
0)
#25800
0!
0'
#25805
1!
1'
b101 T
b10 7
b100 8
#25810
0!
0'
#25815
1!
1'
b110 T
b100 7
b101 8
#25820
0!
0'
#25825
1!
1'
b111 T
b1000 7
b110 8
1)
#25830
0!
0'
#25835
1!
1'
b1000 T
b10001 7
b111 8
#25840
0!
0'
#25845
1!
1'
b1001 T
b100011 7
b1000 8
0)
#25850
0!
0'
#25855
1!
1'
b1010 T
b1000110 7
b1001 8
#25860
0!
0'
#25865
1!
1'
b1011 T
b10001100 7
b1010 8
#25870
0!
0'
#25875
1!
1'
b1100 T
b100011000 7
b1011 8
15
b10001100 6
b0 8
1F
1N
1M
1I
1*
b0 <
#25880
0!
0'
#25885
1!
1'
0U
b0 T
b0 ;
b1000110000 7
b1 8
05
0R
0F
0*
b1 <
#25890
0!
0'
#25895
1!
1'
1U
b1 ;
b0 6
b0 8
b0 7
0N
0M
0I
1S
b10 <
#25900
0!
0'
#25905
1!
1'
b1 T
b10 ;
0S
1R
#25910
0!
0'
#25915
1!
1'
b10 T
b1 8
1)
#25920
0!
0'
#25925
1!
1'
b11 T
b1 7
b10 8
0)
#25930
0!
0'
#25935
1!
1'
b100 T
b10 7
b11 8
#25940
0!
0'
#25945
1!
1'
b101 T
b100 7
b100 8
#25950
0!
0'
#25955
1!
1'
b110 T
b1000 7
b101 8
#25960
0!
0'
#25965
1!
1'
b111 T
b10000 7
b110 8
#25970
0!
0'
#25975
1!
1'
b1000 T
b100000 7
b111 8
#25980
0!
0'
#25985
1!
1'
b1001 T
b1000000 7
b1000 8
1)
#25990
0!
0'
#25995
1!
1'
b1010 T
b10000001 7
b1001 8
0)
#26000
0!
0'
#26005
1!
1'
b1011 T
b100000010 7
b1010 8
#26010
0!
0'
#26015
1!
1'
b1100 T
b1000000100 7
b1011 8
15
b100000010 6
b0 8
1F
1O
1H
1*
b0 <
#26020
0!
0'
#26025
1!
1'
0U
b0 T
b0 ;
b1000 7
b1 8
05
0R
0F
0*
b1 <
#26030
0!
0'
#26035
1!
1'
1U
b1 ;
b0 6
b0 8
b0 7
0O
0H
1S
1)
b11 <
#26040
0!
0'
#26045
1!
1'
b1 T
b11 ;
1R
#26050
0!
0'
#26055
1!
1'
b10 T
b1 7
b1 8
0)
#26060
0!
0'
#26065
1!
1'
b11 T
b10 7
b10 8
#26070
0!
0'
#26075
1!
1'
b100 T
b100 7
b11 8
1)
#26080
0!
0'
#26085
1!
1'
b101 T
b1001 7
b100 8
0)
#26090
0!
0'
#26095
1!
1'
b110 T
b10010 7
b101 8
#26100
0!
0'
#26105
1!
1'
b111 T
b100100 7
b110 8
#26110
0!
0'
#26115
1!
1'
b1000 T
b1001000 7
b111 8
#26120
0!
0'
#26125
1!
1'
b1001 T
b10010000 7
b1000 8
#26130
0!
0'
#26135
1!
1'
b1010 T
b100100000 7
b1001 8
#26140
0!
0'
#26145
1!
1'
b1011 T
b1001000000 7
b1010 8
#26150
0!
0'
#26155
1!
1'
b1100 T
b10000000 7
b1011 8
15
b1001000000 6
b0 8
1:
1F
1J
1G
1*
b0 <
#26160
0!
0'
#26165
1!
1'
0U
b0 T
b0 ;
b100000000 7
b1 8
05
0F
1+
11
1.
0-
0,
0S
0R
0*
b1 <
#26170
0!
0'
#26175
1!
1'
1U
b1 ;
b0 6
b0 8
b0 7
0J
0G
1S
1)
b100 <
#26180
0!
0'
#26185
1!
1'
b1 T
b100 ;
0S
1Q
#26190
0!
0'
#26195
1!
1'
b10 T
b1 7
b1 8
b111110 =
1?
#26200
0!
0'
#26205
1!
1'
b11 T
b11 7
b10 8
04
b1111100 =
b1 >
0E
0)
#26210
0!
0'
#26215
1!
1'
b100 T
b110 7
b11 8
b111110 =
b11111000 =
b10 >
#26220
0!
0'
#26225
1!
1'
b101 T
b1100 7
b100 8
b111110 =
14
b11110000 =
b11 >
1E
1)
#26230
0!
0'
#26235
1!
1'
b110 T
b11001 7
b101 8
b111110 =
b11100000 =
b100 >
#26240
0!
0'
#26245
1!
1'
b111 T
b110011 7
b110 8
b111110 =
b11000000 =
b101 >
0)
#26250
0!
0'
#26255
1!
1'
b1000 T
b1100110 7
b111 8
b111110 =
b10000000 =
b110 >
1)
#26260
0!
0'
#26265
1!
1'
b1001 T
b11001101 7
b1000 8
b111110 =
b0 =
b111 >
#26270
0!
0'
#26275
1!
1'
b1010 T
b110011011 7
b1001 8
b111110 =
04
b0 =
b1000 >
b0 >
0?
0:
0E
#26280
0!
0'
#26285
1!
1'
b1011 T
b1100110111 7
b1010 8
b111110 =
1?
#26290
0!
0'
#26295
1!
1'
b1100 T
b1001101111 7
b1011 8
15
b1100110111 6
b0 8
b1111100 =
b1 >
1F
1P
1O
1N
1L
1K
1H
1G
#26300
0!
0'
#26305
1!
1'
b1101 T
b11011111 7
b1 8
05
b111110 =
b11111000 =
b10 >
0F
#26310
0!
0'
#26315
1!
1'
b1110 T
b110111111 7
b10 8
b111110 =
14
b11110000 =
b11 >
1E
#26320
0!
0'
#26325
1!
1'
b1111 T
b1101111111 7
b11 8
b111110 =
b11100000 =
b100 >
#26330
0!
0'
#26335
1!
1'
b10000 T
b1011111111 7
b100 8
b111110 =
b11000000 =
b101 >
#26340
0!
0'
#26345
1!
1'
b10001 T
b111111111 7
b101 8
b111110 =
b10000000 =
b110 >
#26350
0!
0'
#26355
1!
1'
b10010 T
b1111111111 7
b110 8
b111110 =
b0 =
b111 >
#26360
0!
0'
#26365
1!
1'
b10011 T
b111 8
b111110 =
04
b0 =
b1000 >
b0 >
0?
0E
#26370
0!
0'
#26375
1!
1'
b10100 T
b1000 8
b111110 =
1?
#26380
0!
0'
#26385
1!
1'
b10101 T
b1001 8
b1111100 =
b1 >
0+
1*
0)
b0 <
#26390
0!
0'
#26395
1!
1'
0U
b0 T
b0 ;
b1111111110 7
b1010 8
b11111000 =
b10 >
0Q
0*
b1 <
#26400
0!
0'
#26405
1!
1'
1U
b1 ;
b0 6
b0 8
b0 >
0?
b0 7
0P
0O
0N
0L
0K
0H
0G
1S
b10 <
#26410
0!
0'
#26415
1!
1'
b1 T
b10 ;
0S
1R
#26420
0!
0'
#26425
1!
1'
b10 T
b1 8
#26430
0!
0'
#26435
1!
1'
b11 T
b10 8
1)
#26440
0!
0'
#26445
1!
1'
b100 T
b1 7
b11 8
0)
#26450
0!
0'
#26455
1!
1'
b101 T
b10 7
b100 8
1)
#26460
0!
0'
#26465
1!
1'
b110 T
b101 7
b101 8
#26470
0!
0'
#26475
1!
1'
b111 T
b1011 7
b110 8
#26480
0!
0'
#26485
1!
1'
b1000 T
b10111 7
b111 8
#26490
0!
0'
#26495
1!
1'
b1001 T
b101111 7
b1000 8
0)
#26500
0!
0'
#26505
1!
1'
b1010 T
b1011110 7
b1001 8
1)
#26510
0!
0'
#26515
1!
1'
b1011 T
b10111101 7
b1010 8
#26520
0!
0'
#26525
1!
1'
b1100 T
b101111011 7
b1011 8
15
b10111101 6
b0 8
1F
1P
1N
1M
1L
1K
1I
1*
0)
b0 <
#26530
0!
0'
#26535
1!
1'
0U
b0 T
b0 ;
b1011110110 7
b1 8
05
0R
0F
0*
b1 <
#26540
0!
0'
#26545
1!
1'
1U
b1 ;
b0 6
b0 8
b0 7
0P
0N
0M
0L
0K
0I
1S
b10 <
#26550
0!
0'
#26555
1!
1'
b1 T
b10 ;
0S
1R
#26560
0!
0'
#26565
1!
1'
b10 T
b1 8
1)
#26570
0!
0'
#26575
1!
1'
b11 T
b1 7
b10 8
0)
#26580
0!
0'
#26585
1!
1'
b100 T
b10 7
b11 8
#26590
0!
0'
#26595
1!
1'
b101 T
b100 7
b100 8
#26600
0!
0'
#26605
1!
1'
b110 T
b1000 7
b101 8
#26610
0!
0'
#26615
1!
1'
b111 T
b10000 7
b110 8
#26620
0!
0'
#26625
1!
1'
b1000 T
b100000 7
b111 8
#26630
0!
0'
#26635
1!
1'
b1001 T
b1000000 7
b1000 8
1)
#26640
0!
0'
#26645
1!
1'
b1010 T
b10000001 7
b1001 8
0)
#26650
0!
0'
#26655
1!
1'
b1011 T
b100000010 7
b1010 8
#26660
0!
0'
#26665
1!
1'
b1100 T
b1000000100 7
b1011 8
15
b100000010 6
b0 8
1F
1O
1H
1*
b0 <
#26670
0!
0'
#26675
1!
1'
0U
b0 T
b0 ;
b1000 7
b1 8
05
0R
0F
0*
b1 <
#26680
0!
0'
#26685
1!
1'
1U
b1 ;
b0 6
b0 8
b0 7
0O
0H
1S
1)
b11 <
#26690
0!
0'
#26695
1!
1'
b1 T
b11 ;
1R
#26700
0!
0'
#26705
1!
1'
b10 T
b1 7
b1 8
0)
#26710
0!
0'
#26715
1!
1'
b11 T
b10 7
b10 8
#26720
0!
0'
#26725
1!
1'
b100 T
b100 7
b11 8
#26730
0!
0'
#26735
1!
1'
b101 T
b1000 7
b100 8
#26740
0!
0'
#26745
1!
1'
b110 T
b10000 7
b101 8
1)
#26750
0!
0'
#26755
1!
1'
b111 T
b100001 7
b110 8
#26760
0!
0'
#26765
1!
1'
b1000 T
b1000011 7
b111 8
0)
#26770
0!
0'
#26775
1!
1'
b1001 T
b10000110 7
b1000 8
1)
#26780
0!
0'
#26785
1!
1'
b1010 T
b100001101 7
b1001 8
#26790
0!
0'
#26795
1!
1'
b1011 T
b1000011011 7
b1010 8
#26800
0!
0'
#26805
1!
1'
b1100 T
b110111 7
b1011 8
15
b1000011011 6
b0 8
1:
1F
1P
1O
1M
1L
1G
1*
0)
b0 <
#26810
0!
0'
#26815
1!
1'
0U
b0 T
b0 ;
b1101110 7
b1 8
05
0F
1+
01
00
0/
0.
1-
0S
0R
0*
b1 <
#26820
0!
0'
#26825
1!
1'
1U
b1 ;
b0 6
b0 8
b0 7
0P
0O
0M
0L
0G
1S
1)
b100 <
#26830
0!
0'
#26835
1!
1'
b1 T
b100 ;
0S
1Q
#26840
0!
0'
#26845
1!
1'
b10 T
b1 7
b1 8
b1000010 =
1?
#26850
0!
0'
#26855
1!
1'
b11 T
b11 7
b10 8
b10000100 =
b1 >
0)
#26860
0!
0'
#26865
1!
1'
b100 T
b110 7
b11 8
b1000010 =
14
b1000 =
b10 >
1E
1)
#26870
0!
0'
#26875
1!
1'
b101 T
b1101 7
b100 8
b1000010 =
04
b10000 =
b11 >
0E
0)
#26880
0!
0'
#26885
1!
1'
b110 T
b11010 7
b101 8
b1000010 =
b100000 =
b100 >
#26890
0!
0'
#26895
1!
1'
b111 T
b110100 7
b110 8
b1000010 =
b1000000 =
b101 >
#26900
0!
0'
#26905
1!
1'
b1000 T
b1101000 7
b111 8
b1000010 =
b10000000 =
b110 >
1)
#26910
0!
0'
#26915
1!
1'
b1001 T
b11010001 7
b1000 8
b1000010 =
14
b0 =
b111 >
1E
#26920
0!
0'
#26925
1!
1'
b1010 T
b110100011 7
b1001 8
b1000010 =
04
b0 =
b1000 >
b0 >
0?
0:
0E
#26930
0!
0'
#26935
1!
1'
b1011 T
b1101000111 7
b1010 8
b1000010 =
1?
#26940
0!
0'
#26945
1!
1'
b1100 T
b1010001111 7
b1011 8
15
b1101000111 6
b0 8
b10000100 =
b1 >
1F
1P
1O
1N
1J
1H
1G
#26950
0!
0'
#26955
1!
1'
b1101 T
b100011111 7
b1 8
05
b1000010 =
14
b1000 =
b10 >
0F
1E
#26960
0!
0'
#26965
1!
1'
b1110 T
b1000111111 7
b10 8
b1000010 =
04
b10000 =
b11 >
0E
#26970
0!
0'
#26975
1!
1'
b1111 T
b1111111 7
b11 8
b1000010 =
b100000 =
b100 >
#26980
0!
0'
#26985
1!
1'
b10000 T
b11111111 7
b100 8
b1000010 =
b1000000 =
b101 >
#26990
0!
0'
#26995
1!
1'
b10001 T
b111111111 7
b101 8
b1000010 =
b10000000 =
b110 >
#27000
0!
0'
#27005
1!
1'
b10010 T
b1111111111 7
b110 8
b1000010 =
14
b0 =
b111 >
1E
#27010
0!
0'
#27015
1!
1'
b10011 T
b111 8
b1000010 =
04
b0 =
b1000 >
b0 >
0?
0E
#27020
0!
0'
#27025
1!
1'
b10100 T
b1000 8
b1000010 =
1?
#27030
0!
0'
#27035
1!
1'
b10101 T
b1001 8
b10000100 =
b1 >
0+
1*
0)
b0 <
#27040
0!
0'
#27045
1!
1'
0U
b0 T
b0 ;
b1111111110 7
b1010 8
14
b1000 =
b10 >
0Q
1E
0*
b1 <
#27050
0!
0'
#27055
1!
1'
1U
b1 ;
b0 6
b0 8
b0 >
0?
b0 7
0P
0O
0N
0J
0H
0G
1S
b10 <
#27060
0!
0'
#27065
1!
1'
b1 T
b10 ;
0S
1R
#27070
0!
0'
#27075
1!
1'
b10 T
b1 8
#27080
0!
0'
#27085
1!
1'
b11 T
b10 8
1)
#27090
0!
0'
#27095
1!
1'
b100 T
b1 7
b11 8
#27100
0!
0'
#27105
1!
1'
b101 T
b11 7
b100 8
0)
#27110
0!
0'
#27115
1!
1'
b110 T
b110 7
b101 8
#27120
0!
0'
#27125
1!
1'
b111 T
b1100 7
b110 8
1)
#27130
0!
0'
#27135
1!
1'
b1000 T
b11001 7
b111 8
#27140
0!
0'
#27145
1!
1'
b1001 T
b110011 7
b1000 8
#27150
0!
0'
#27155
1!
1'
b1010 T
b1100111 7
b1001 8
#27160
0!
0'
#27165
1!
1'
b1011 T
b11001111 7
b1010 8
#27170
0!
0'
#27175
1!
1'
b1100 T
b110011111 7
b1011 8
15
b11001111 6
b0 8
1F
1P
1O
1N
1M
1J
1I
1*
0)
b0 <
#27180
0!
0'
#27185
1!
1'
0U
b0 T
b0 ;
b1100111110 7
b1 8
05
0R
0F
0*
b1 <
#27190
0!
0'
#27195
1!
1'
1U
b1 ;
b0 6
b0 8
b0 7
0P
0O
0N
0M
0J
0I
1S
b10 <
#27200
0!
0'
#27205
1!
1'
b1 T
b10 ;
0S
1R
#27210
0!
0'
#27215
1!
1'
b10 T
b1 8
1)
#27220
0!
0'
#27225
1!
1'
b11 T
b1 7
b10 8
#27230
0!
0'
#27235
1!
1'
b100 T
b11 7
b11 8
0)
#27240
0!
0'
#27245
1!
1'
b101 T
b110 7
b100 8
#27250
0!
0'
#27255
1!
1'
b110 T
b1100 7
b101 8
1)
#27260
0!
0'
#27265
1!
1'
b111 T
b11001 7
b110 8
0)
#27270
0!
0'
#27275
1!
1'
b1000 T
b110010 7
b111 8
#27280
0!
0'
#27285
1!
1'
b1001 T
b1100100 7
b1000 8
1)
#27290
0!
0'
#27295
1!
1'
b1010 T
b11001001 7
b1001 8
0)
#27300
0!
0'
#27305
1!
1'
b1011 T
b110010010 7
b1010 8
#27310
0!
0'
#27315
1!
1'
b1100 T
b1100100100 7
b1011 8
15
b110010010 6
b0 8
1F
1O
1L
1I
1H
1*
b0 <
#27320
0!
0'
#27325
1!
1'
0U
b0 T
b0 ;
b1001001000 7
b1 8
05
0R
0F
0*
b1 <
#27330
0!
0'
#27335
1!
1'
1U
b1 ;
b0 6
b0 8
b0 7
0O
0L
0I
0H
1S
1)
b11 <
#27340
0!
0'
#27345
1!
1'
b1 T
b11 ;
1R
#27350
0!
0'
#27355
1!
1'
b10 T
b1 7
b1 8
0)
#27360
0!
0'
#27365
1!
1'
b11 T
b10 7
b10 8
#27370
0!
0'
#27375
1!
1'
b100 T
b100 7
b11 8
1)
#27380
0!
0'
#27385
1!
1'
b101 T
b1001 7
b100 8
0)
#27390
0!
0'
#27395
1!
1'
b110 T
b10010 7
b101 8
#27400
0!
0'
#27405
1!
1'
b111 T
b100100 7
b110 8
1)
#27410
0!
0'
#27415
1!
1'
b1000 T
b1001001 7
b111 8
0)
#27420
0!
0'
#27425
1!
1'
b1001 T
b10010010 7
b1000 8
1)
#27430
0!
0'
#27435
1!
1'
b1010 T
b100100101 7
b1001 8
0)
#27440
0!
0'
#27445
1!
1'
b1011 T
b1001001010 7
b1010 8
#27450
0!
0'
#27455
1!
1'
b1100 T
b10010100 7
b1011 8
15
b1001001010 6
b0 8
1:
1F
1O
1M
1J
1G
1*
b0 <
#27460
0!
0'
#27465
1!
1'
0U
b0 T
b0 ;
b100101000 7
b1 8
05
0F
1+
13
02
1/
0-
1,
0S
0R
0*
b1 <
#27470
0!
0'
#27475
1!
1'
1U
b1 ;
b0 6
b0 8
b0 7
0O
0M
0J
0G
1S
1)
b100 <
#27480
0!
0'
#27485
1!
1'
b1 T
b100 ;
0S
1Q
#27490
0!
0'
#27495
1!
1'
b10 T
b1 7
b1 8
b10010001 =
1?
#27500
0!
0'
#27505
1!
1'
b11 T
b11 7
b10 8
b100010 =
b1 >
#27510
0!
0'
#27515
1!
1'
b100 T
b111 7
b11 8
b10010001 =
04
b1000100 =
b10 >
0E
#27520
0!
0'
#27525
1!
1'
b101 T
b1111 7
b100 8
b10010001 =
b10001000 =
b11 >
0)
#27530
0!
0'
#27535
1!
1'
b110 T
b11110 7
b101 8
b10010001 =
14
b10000 =
b100 >
1E
#27540
0!
0'
#27545
1!
1'
b111 T
b111100 7
b110 8
b10010001 =
04
b100000 =
b101 >
0E
#27550
0!
0'
#27555
1!
1'
b1000 T
b1111000 7
b111 8
b10010001 =
b1000000 =
b110 >
#27560
0!
0'
#27565
1!
1'
b1001 T
b11110000 7
b1000 8
b10010001 =
b10000000 =
b111 >
#27570
0!
0'
#27575
1!
1'
b1010 T
b111100000 7
b1001 8
b10010001 =
14
b0 =
b1000 >
b0 >
0?
0:
1E
#27580
0!
0'
#27585
1!
1'
b1011 T
b1111000000 7
b1010 8
b10010001 =
1?
#27590
0!
0'
#27595
1!
1'
b1100 T
b1110000000 7
b1011 8
15
b1111000000 6
b0 8
b100010 =
b1 >
1F
1J
1I
1H
1G
#27600
0!
0'
#27605
1!
1'
b1101 T
b1100000000 7
b1 8
05
b10010001 =
04
b1000100 =
b10 >
0F
0E
#27610
0!
0'
#27615
1!
1'
b1110 T
b1000000000 7
b10 8
b10010001 =
b10001000 =
b11 >
#27620
0!
0'
#27625
1!
1'
b1111 T
b0 7
b11 8
b10010001 =
14
b10000 =
b100 >
1E
#27630
0!
0'
#27635
1!
1'
b10000 T
b100 8
b10010001 =
04
b100000 =
b101 >
0E
#27640
0!
0'
#27645
1!
1'
b10001 T
b101 8
b10010001 =
b1000000 =
b110 >
#27650
0!
0'
#27655
1!
1'
b10010 T
b110 8
b10010001 =
b10000000 =
b111 >
#27660
0!
0'
#27665
1!
1'
b10011 T
b111 8
b10010001 =
14
b0 =
b1000 >
b0 >
0?
1E
#27670
0!
0'
#27675
1!
1'
b10100 T
b1000 8
b10010001 =
1?
#27680
0!
0'
#27685
1!
1'
b10101 T
b1001 8
b100010 =
b1 >
0+
1*
b0 <
#27690
0!
0'
#27695
1!
1'
0U
b0 T
b0 ;
b1010 8
04
b1000100 =
b10 >
0Q
0E
0*
b1 <
#27700
0!
0'
#27705
1!
1'
1U
b1 ;
b0 6
b0 8
b0 >
0?
0J
0I
0H
0G
1S
b10 <
#27710
0!
0'
#27715
1!
1'
b1 T
b10 ;
0S
1R
#27720
0!
0'
#27725
1!
1'
b10 T
b1 8
#27730
0!
0'
#27735
1!
1'
b11 T
b10 8
1)
#27740
0!
0'
#27745
1!
1'
b100 T
b1 7
b11 8
#27750
0!
0'
#27755
1!
1'
b101 T
b11 7
b100 8
0)
#27760
0!
0'
#27765
1!
1'
b110 T
b110 7
b101 8
#27770
0!
0'
#27775
1!
1'
b111 T
b1100 7
b110 8
#27780
0!
0'
#27785
1!
1'
b1000 T
b11000 7
b111 8
1)
#27790
0!
0'
#27795
1!
1'
b1001 T
b110001 7
b1000 8
0)
#27800
0!
0'
#27805
1!
1'
b1010 T
b1100010 7
b1001 8
#27810
0!
0'
#27815
1!
1'
b1011 T
b11000100 7
b1010 8
#27820
0!
0'
#27825
1!
1'
b1100 T
b110001000 7
b1011 8
15
b11000100 6
b0 8
1F
1N
1J
1I
1*
b0 <
#27830
0!
0'
#27835
1!
1'
0U
b0 T
b0 ;
b1100010000 7
b1 8
05
0R
0F
0*
b1 <
#27840
0!
0'
#27845
1!
1'
1U
b1 ;
b0 6
b0 8
b0 7
0N
0J
0I
1S
b10 <
#27850
0!
0'
#27855
1!
1'
b1 T
b10 ;
0S
1R
#27860
0!
0'
#27865
1!
1'
b10 T
b1 8
1)
#27870
0!
0'
#27875
1!
1'
b11 T
b1 7
b10 8
0)
#27880
0!
0'
#27885
1!
1'
b100 T
b10 7
b11 8
#27890
0!
0'
#27895
1!
1'
b101 T
b100 7
b100 8
1)
#27900
0!
0'
#27905
1!
1'
b110 T
b1001 7
b101 8
#27910
0!
0'
#27915
1!
1'
b111 T
b10011 7
b110 8
#27920
0!
0'
#27925
1!
1'
b1000 T
b100111 7
b111 8
0)
#27930
0!
0'
#27935
1!
1'
b1001 T
b1001110 7
b1000 8
1)
#27940
0!
0'
#27945
1!
1'
b1010 T
b10011101 7
b1001 8
#27950
0!
0'
#27955
1!
1'
b1011 T
b100111011 7
b1010 8
#27960
0!
0'
#27965
1!
1'
b1100 T
b1001110111 7
b1011 8
15
b100111011 6
b0 8
1F
1P
1O
1M
1L
1K
1H
1*
0)
b0 <
#27970
0!
0'
#27975
1!
1'
0U
b0 T
b0 ;
b11101110 7
b1 8
05
0R
0F
0*
b1 <
#27980
0!
0'
#27985
1!
1'
1U
b1 ;
b0 6
b0 8
b0 7
0P
0O
0M
0L
0K
0H
1S
1)
b11 <
#27990
0!
0'
#27995
1!
1'
b1 T
b11 ;
1R
#28000
0!
0'
#28005
1!
1'
b10 T
b1 7
b1 8
0)
#28010
0!
0'
#28015
1!
1'
b11 T
b10 7
b10 8
#28020
0!
0'
#28025
1!
1'
b100 T
b100 7
b11 8
#28030
0!
0'
#28035
1!
1'
b101 T
b1000 7
b100 8
#28040
0!
0'
#28045
1!
1'
b110 T
b10000 7
b101 8
#28050
0!
0'
#28055
1!
1'
b111 T
b100000 7
b110 8
#28060
0!
0'
#28065
1!
1'
b1000 T
b1000000 7
b111 8
1)
#28070
0!
0'
#28075
1!
1'
b1001 T
b10000001 7
b1000 8
0)
#28080
0!
0'
#28085
1!
1'
b1010 T
b100000010 7
b1001 8
1)
#28090
0!
0'
#28095
1!
1'
b1011 T
b1000000101 7
b1010 8
#28100
0!
0'
#28105
1!
1'
b1100 T
b1011 7
b1011 8
15
b1000000101 6
b0 8
1:
1F
1P
1N
1G
1*
0)
b0 <
#28110
0!
0'
#28115
1!
1'
0U
b0 T
b0 ;
b10110 7
b1 8
05
0F
1+
11
0/
1-
0,
0S
0R
0*
b1 <
#28120
0!
0'
#28125
1!
1'
1U
b1 ;
b0 6
b0 8
b0 7
0P
0N
0G
1S
1)
b100 <
#28130
0!
0'
#28135
1!
1'
b1 T
b100 ;
0S
1Q
#28140
0!
0'
#28145
1!
1'
b10 T
b1 7
b1 8
b1000101 =
1?
#28150
0!
0'
#28155
1!
1'
b11 T
b11 7
b10 8
b10001010 =
b1 >
#28160
0!
0'
#28165
1!
1'
b100 T
b111 7
b11 8
b1000101 =
14
b10100 =
b10 >
1E
0)
#28170
0!
0'
#28175
1!
1'
b101 T
b1110 7
b100 8
b1000101 =
04
b101000 =
b11 >
0E
1)
#28180
0!
0'
#28185
1!
1'
b110 T
b11101 7
b101 8
b1000101 =
b1010000 =
b100 >
#28190
0!
0'
#28195
1!
1'
b111 T
b111011 7
b110 8
b1000101 =
b10100000 =
b101 >
0)
#28200
0!
0'
#28205
1!
1'
b1000 T
b1110110 7
b111 8
b1000101 =
14
b1000000 =
b110 >
1E
1)
#28210
0!
0'
#28215
1!
1'
b1001 T
b11101101 7
b1000 8
b1000101 =
04
b10000000 =
b111 >
0E
0)
#28220
0!
0'
#28225
1!
1'
b1010 T
b111011010 7
b1001 8
b1000101 =
14
b0 =
b1000 >
b0 >
0?
0:
1E
1)
#28230
0!
0'
#28235
1!
1'
b1011 T
b1110110101 7
b1010 8
b1000101 =
1?
#28240
0!
0'
#28245
1!
1'
b1100 T
b1101101011 7
b1011 8
15
b1110110101 6
b0 8
04
b10001010 =
b1 >
1F
1P
1N
1L
1K
1I
1H
1G
0E
#28250
0!
0'
#28255
1!
1'
b1101 T
b1011010111 7
b1 8
05
b1000101 =
14
b10100 =
b10 >
0F
1E
#28260
0!
0'
#28265
1!
1'
b1110 T
b110101111 7
b10 8
b1000101 =
04
b101000 =
b11 >
0E
#28270
0!
0'
#28275
1!
1'
b1111 T
b1101011111 7
b11 8
b1000101 =
b1010000 =
b100 >
#28280
0!
0'
#28285
1!
1'
b10000 T
b1010111111 7
b100 8
b1000101 =
b10100000 =
b101 >
#28290
0!
0'
#28295
1!
1'
b10001 T
b101111111 7
b101 8
b1000101 =
14
b1000000 =
b110 >
1E
#28300
0!
0'
#28305
1!
1'
b10010 T
b1011111111 7
b110 8
b1000101 =
04
b10000000 =
b111 >
0E
#28310
0!
0'
#28315
1!
1'
b10011 T
b111111111 7
b111 8
b1000101 =
14
b0 =
b1000 >
b0 >
0?
1E
#28320
0!
0'
#28325
1!
1'
b10100 T
b1111111111 7
b1000 8
b1000101 =
1?
#28330
0!
0'
#28335
1!
1'
b10101 T
b1001 8
04
b10001010 =
b1 >
0E
0+
1*
0)
b0 <
#28340
0!
0'
#28345
1!
1'
0U
b0 T
b0 ;
b1111111110 7
b1010 8
14
b10100 =
b10 >
0Q
1E
0*
b1 <
#28350
0!
0'
#28355
1!
1'
1U
b1 ;
b0 6
b0 8
b0 >
0?
b0 7
0P
0N
0L
0K
0I
0H
0G
1S
b10 <
#28360
0!
0'
#28365
1!
1'
b1 T
b10 ;
0S
1R
#28370
0!
0'
#28375
1!
1'
b10 T
b1 8
#28380
0!
0'
#28385
1!
1'
b11 T
b10 8
1)
#28390
0!
0'
#28395
1!
1'
b100 T
b1 7
b11 8
#28400
0!
0'
#28405
1!
1'
b101 T
b11 7
b100 8
0)
#28410
0!
0'
#28415
1!
1'
b110 T
b110 7
b101 8
#28420
0!
0'
#28425
1!
1'
b111 T
b1100 7
b110 8
#28430
0!
0'
#28435
1!
1'
b1000 T
b11000 7
b111 8
1)
#28440
0!
0'
#28445
1!
1'
b1001 T
b110001 7
b1000 8
0)
#28450
0!
0'
#28455
1!
1'
b1010 T
b1100010 7
b1001 8
#28460
0!
0'
#28465
1!
1'
b1011 T
b11000100 7
b1010 8
#28470
0!
0'
#28475
1!
1'
b1100 T
b110001000 7
b1011 8
15
b11000100 6
b0 8
1F
1N
1J
1I
1*
b0 <
#28480
0!
0'
#28485
1!
1'
0U
b0 T
b0 ;
b1100010000 7
b1 8
05
0R
0F
0*
b1 <
#28490
0!
0'
#28495
1!
1'
1U
b1 ;
b0 6
b0 8
b0 7
0N
0J
0I
1S
b10 <
#28500
0!
0'
#28505
1!
1'
b1 T
b10 ;
0S
1R
#28510
0!
0'
#28515
1!
1'
b10 T
b1 8
1)
#28520
0!
0'
#28525
1!
1'
b11 T
b1 7
b10 8
0)
#28530
0!
0'
#28535
1!
1'
b100 T
b10 7
b11 8
#28540
0!
0'
#28545
1!
1'
b101 T
b100 7
b100 8
1)
#28550
0!
0'
#28555
1!
1'
b110 T
b1001 7
b101 8
#28560
0!
0'
#28565
1!
1'
b111 T
b10011 7
b110 8
#28570
0!
0'
#28575
1!
1'
b1000 T
b100111 7
b111 8
0)
#28580
0!
0'
#28585
1!
1'
b1001 T
b1001110 7
b1000 8
#28590
0!
0'
#28595
1!
1'
b1010 T
b10011100 7
b1001 8
#28600
0!
0'
#28605
1!
1'
b1011 T
b100111000 7
b1010 8
#28610
0!
0'
#28615
1!
1'
b1100 T
b1001110000 7
b1011 8
15
b100111000 6
b0 8
1F
1M
1L
1K
1H
1*
b0 <
#28620
0!
0'
#28625
1!
1'
0U
b0 T
b0 ;
b11100000 7
b1 8
05
0R
0F
0*
b1 <
#28630
0!
0'
#28635
1!
1'
1U
b1 ;
b0 6
b0 8
b0 7
0M
0L
0K
0H
1S
1)
b11 <
#28640
0!
0'
#28645
1!
1'
b1 T
b11 ;
1R
#28650
0!
0'
#28655
1!
1'
b10 T
b1 7
b1 8
0)
#28660
0!
0'
#28665
1!
1'
b11 T
b10 7
b10 8
#28670
0!
0'
#28675
1!
1'
b100 T
b100 7
b11 8
1)
#28680
0!
0'
#28685
1!
1'
b101 T
b1001 7
b100 8
0)
#28690
0!
0'
#28695
1!
1'
b110 T
b10010 7
b101 8
#28700
0!
0'
#28705
1!
1'
b111 T
b100100 7
b110 8
1)
#28710
0!
0'
#28715
1!
1'
b1000 T
b1001001 7
b111 8
#28720
0!
0'
#28725
1!
1'
b1001 T
b10010011 7
b1000 8
0)
#28730
0!
0'
#28735
1!
1'
b1010 T
b100100110 7
b1001 8
1)
#28740
0!
0'
#28745
1!
1'
b1011 T
b1001001101 7
b1010 8
#28750
0!
0'
#28755
1!
1'
b1100 T
b10011011 7
b1011 8
15
b1001001101 6
b0 8
1:
1F
1P
1N
1M
1J
1G
1*
0)
b0 <
#28760
0!
0'
#28765
1!
1'
0U
b0 T
b0 ;
b100110110 7
b1 8
05
0F
1+
03
12
0-
0S
0R
0*
b1 <
#28770
0!
0'
#28775
1!
1'
1U
b1 ;
b0 6
b0 8
b0 7
0P
0N
0M
0J
0G
1S
1)
b100 <
#28780
0!
0'
#28785
1!
1'
b1 T
b100 ;
0S
1Q
#28790
0!
0'
#28795
1!
1'
b10 T
b1 7
b1 8
b110 =
1?
#28800
0!
0'
#28805
1!
1'
b11 T
b11 7
b10 8
04
b1100 =
b1 >
0E
0)
#28810
0!
0'
#28815
1!
1'
b100 T
b110 7
b11 8
b110 =
b11000 =
b10 >
1)
#28820
0!
0'
#28825
1!
1'
b101 T
b1101 7
b100 8
b110 =
b110000 =
b11 >
#28830
0!
0'
#28835
1!
1'
b110 T
b11011 7
b101 8
b110 =
b1100000 =
b100 >
0)
#28840
0!
0'
#28845
1!
1'
b111 T
b110110 7
b110 8
b110 =
b11000000 =
b101 >
1)
#28850
0!
0'
#28855
1!
1'
b1000 T
b1101101 7
b111 8
b110 =
14
b10000000 =
b110 >
1E
#28860
0!
0'
#28865
1!
1'
b1001 T
b11011011 7
b1000 8
b110 =
b0 =
b111 >
#28870
0!
0'
#28875
1!
1'
b1010 T
b110110111 7
b1001 8
b110 =
04
b0 =
b1000 >
b0 >
0?
0:
0E
0)
#28880
0!
0'
#28885
1!
1'
b1011 T
b1101101110 7
b1010 8
b110 =
1?
#28890
0!
0'
#28895
1!
1'
b1100 T
b1011011100 7
b1011 8
15
b1101101110 6
b0 8
b1100 =
b1 >
1F
1O
1N
1M
1K
1J
1H
1G
#28900
0!
0'
#28905
1!
1'
b1101 T
b110111000 7
b1 8
05
b110 =
b11000 =
b10 >
0F
#28910
0!
0'
#28915
1!
1'
b1110 T
b1101110000 7
b10 8
b110 =
b110000 =
b11 >
#28920
0!
0'
#28925
1!
1'
b1111 T
b1011100000 7
b11 8
b110 =
b1100000 =
b100 >
#28930
0!
0'
#28935
1!
1'
b10000 T
b111000000 7
b100 8
b110 =
b11000000 =
b101 >
#28940
0!
0'
#28945
1!
1'
b10001 T
b1110000000 7
b101 8
b110 =
14
b10000000 =
b110 >
1E
#28950
0!
0'
#28955
1!
1'
b10010 T
b1100000000 7
b110 8
b110 =
b0 =
b111 >
#28960
0!
0'
#28965
1!
1'
b10011 T
b1000000000 7
b111 8
b110 =
04
b0 =
b1000 >
b0 >
0?
0E
#28970
0!
0'
#28975
1!
1'
b10100 T
b0 7
b1000 8
b110 =
1?
#28980
0!
0'
#28985
1!
1'
b10101 T
b1001 8
b1100 =
b1 >
0+
1*
b0 <
#28990
0!
0'
#28995
1!
1'
0U
b0 T
b0 ;
b1010 8
b11000 =
b10 >
0Q
0*
b1 <
#29000
0!
0'
#29005
1!
1'
1U
b1 ;
b0 6
b0 8
b0 >
0?
0O
0N
0M
0K
0J
0H
0G
1S
b10 <
#29010
0!
0'
#29015
1!
1'
b1 T
b10 ;
0S
1R
#29020
0!
0'
#29025
1!
1'
b10 T
b1 8
#29030
0!
0'
#29035
1!
1'
b11 T
b10 8
1)
#29040
0!
0'
#29045
1!
1'
b100 T
b1 7
b11 8
0)
#29050
0!
0'
#29055
1!
1'
b101 T
b10 7
b100 8
#29060
0!
0'
#29065
1!
1'
b110 T
b100 7
b101 8
#29070
0!
0'
#29075
1!
1'
b111 T
b1000 7
b110 8
1)
#29080
0!
0'
#29085
1!
1'
b1000 T
b10001 7
b111 8
#29090
0!
0'
#29095
1!
1'
b1001 T
b100011 7
b1000 8
0)
#29100
0!
0'
#29105
1!
1'
b1010 T
b1000110 7
b1001 8
#29110
0!
0'
#29115
1!
1'
b1011 T
b10001100 7
b1010 8
#29120
0!
0'
#29125
1!
1'
b1100 T
b100011000 7
b1011 8
15
b10001100 6
b0 8
1F
1N
1M
1I
1*
b0 <
#29130
0!
0'
#29135
1!
1'
0U
b0 T
b0 ;
b1000110000 7
b1 8
05
0R
0F
0*
b1 <
#29140
0!
0'
#29145
1!
1'
1U
b1 ;
b0 6
b0 8
b0 7
0N
0M
0I
1S
b10 <
#29150
0!
0'
#29155
1!
1'
b1 T
b10 ;
0S
1R
#29160
0!
0'
#29165
1!
1'
b10 T
b1 8
1)
#29170
0!
0'
#29175
1!
1'
b11 T
b1 7
b10 8
#29180
0!
0'
#29185
1!
1'
b100 T
b11 7
b11 8
0)
#29190
0!
0'
#29195
1!
1'
b101 T
b110 7
b100 8
#29200
0!
0'
#29205
1!
1'
b110 T
b1100 7
b101 8
#29210
0!
0'
#29215
1!
1'
b111 T
b11000 7
b110 8
#29220
0!
0'
#29225
1!
1'
b1000 T
b110000 7
b111 8
#29230
0!
0'
#29235
1!
1'
b1001 T
b1100000 7
b1000 8
#29240
0!
0'
#29245
1!
1'
b1010 T
b11000000 7
b1001 8
#29250
0!
0'
#29255
1!
1'
b1011 T
b110000000 7
b1010 8
#29260
0!
0'
#29265
1!
1'
b1100 T
b1100000000 7
b1011 8
15
b110000000 6
b0 8
1F
1I
1H
1*
b0 <
#29270
0!
0'
#29275
1!
1'
0U
b0 T
b0 ;
b1000000000 7
b1 8
05
0R
0F
0*
b1 <
#29280
0!
0'
#29285
1!
1'
1U
b1 ;
b0 6
b0 8
b0 7
0I
0H
1S
1)
b11 <
#29290
0!
0'
#29295
1!
1'
b1 T
b11 ;
1R
#29300
0!
0'
#29305
1!
1'
b10 T
b1 7
b1 8
0)
#29310
0!
0'
#29315
1!
1'
b11 T
b10 7
b10 8
#29320
0!
0'
#29325
1!
1'
b100 T
b100 7
b11 8
#29330
0!
0'
#29335
1!
1'
b101 T
b1000 7
b100 8
1)
#29340
0!
0'
#29345
1!
1'
b110 T
b10001 7
b101 8
0)
#29350
0!
0'
#29355
1!
1'
b111 T
b100010 7
b110 8
#29360
0!
0'
#29365
1!
1'
b1000 T
b1000100 7
b111 8
#29370
0!
0'
#29375
1!
1'
b1001 T
b10001000 7
b1000 8
1)
#29380
0!
0'
#29385
1!
1'
b1010 T
b100010001 7
b1001 8
0)
#29390
0!
0'
#29395
1!
1'
b1011 T
b1000100010 7
b1010 8
#29400
0!
0'
#29405
1!
1'
b1100 T
b1000100 7
b1011 8
15
b1000100010 6
b0 8
1:
1F
1O
1K
1G
1*
b0 <
#29410
0!
0'
#29415
1!
1'
0U
b0 T
b0 ;
b10001000 7
b1 8
05
0F
1+
01
1-
1,
0S
0R
0*
b1 <
#29420
0!
0'
#29425
1!
1'
1U
b1 ;
b0 6
b0 8
b0 7
0O
0K
0G
1S
1)
b100 <
#29430
0!
0'
#29435
1!
1'
b1 T
b100 ;
0S
1Q
#29440
0!
0'
#29445
1!
1'
b10 T
b1 7
b1 8
b11000010 =
1?
#29450
0!
0'
#29455
1!
1'
b11 T
b11 7
b10 8
14
b10000100 =
b1 >
1E
0)
#29460
0!
0'
#29465
1!
1'
b100 T
b110 7
b11 8
b11000010 =
b1000 =
b10 >
#29470
0!
0'
#29475
1!
1'
b101 T
b1100 7
b100 8
b11000010 =
04
b10000 =
b11 >
0E
1)
#29480
0!
0'
#29485
1!
1'
b110 T
b11001 7
b101 8
b11000010 =
b100000 =
b100 >
#29490
0!
0'
#29495
1!
1'
b111 T
b110011 7
b110 8
b11000010 =
b1000000 =
b101 >
#29500
0!
0'
#29505
1!
1'
b1000 T
b1100111 7
b111 8
b11000010 =
b10000000 =
b110 >
0)
#29510
0!
0'
#29515
1!
1'
b1001 T
b11001110 7
b1000 8
b11000010 =
14
b0 =
b111 >
1E
#29520
0!
0'
#29525
1!
1'
b1010 T
b110011100 7
b1001 8
b11000010 =
04
b0 =
b1000 >
b0 >
0?
0:
0E
#29530
0!
0'
#29535
1!
1'
b1011 T
b1100111000 7
b1010 8
b11000010 =
1?
#29540
0!
0'
#29545
1!
1'
b1100 T
b1001110000 7
b1011 8
15
b1100111000 6
b0 8
14
b10000100 =
b1 >
1F
1M
1L
1K
1H
1G
1E
#29550
0!
0'
#29555
1!
1'
b1101 T
b11100000 7
b1 8
05
b11000010 =
b1000 =
b10 >
0F
#29560
0!
0'
#29565
1!
1'
b1110 T
b111000000 7
b10 8
b11000010 =
04
b10000 =
b11 >
0E
#29570
0!
0'
#29575
1!
1'
b1111 T
b1110000000 7
b11 8
b11000010 =
b100000 =
b100 >
#29580
0!
0'
#29585
1!
1'
b10000 T
b1100000000 7
b100 8
b11000010 =
b1000000 =
b101 >
#29590
0!
0'
#29595
1!
1'
b10001 T
b1000000000 7
b101 8
b11000010 =
b10000000 =
b110 >
#29600
0!
0'
#29605
1!
1'
b10010 T
b0 7
b110 8
b11000010 =
14
b0 =
b111 >
1E
#29610
0!
0'
#29615
1!
1'
b10011 T
b111 8
b11000010 =
04
b0 =
b1000 >
b0 >
0?
0E
#29620
0!
0'
#29625
1!
1'
b10100 T
b1000 8
b11000010 =
1?
#29630
0!
0'
#29635
1!
1'
b10101 T
b1001 8
14
b10000100 =
b1 >
1E
0+
1*
b0 <
#29640
0!
0'
#29645
1!
1'
0U
b0 T
b0 ;
b1010 8
b1000 =
b10 >
0Q
0*
b1 <
#29650
0!
0'
#29655
1!
1'
1U
b1 ;
b0 6
b0 8
b0 >
0?
0M
0L
0K
0H
0G
1S
b10 <
#29660
0!
0'
#29665
1!
1'
b1 T
b10 ;
0S
1R
#29670
0!
0'
#29675
1!
1'
b10 T
b1 8
#29680
0!
0'
#29685
1!
1'
b11 T
b10 8
#29690
0!
0'
#29695
1!
1'
b100 T
b11 8
#29700
0!
0'
#29705
1!
1'
b101 T
b100 8
1)
#29710
0!
0'
#29715
1!
1'
b110 T
b1 7
b101 8
#29720
0!
0'
#29725
1!
1'
b111 T
b11 7
b110 8
#29730
0!
0'
#29735
1!
1'
b1000 T
b111 7
b111 8
0)
#29740
0!
0'
#29745
1!
1'
b1001 T
b1110 7
b1000 8
#29750
0!
0'
#29755
1!
1'
b1010 T
b11100 7
b1001 8
1)
#29760
0!
0'
#29765
1!
1'
b1011 T
b111001 7
b1010 8
#29770
0!
0'
#29775
1!
1'
b1100 T
b1110011 7
b1011 8
15
b111001 6
b0 8
1F
1P
1M
1L
1K
1*
0)
b0 <
#29780
0!
0'
#29785
1!
1'
0U
b0 T
b0 ;
b11100110 7
b1 8
05
0R
0F
0*
b1 <
#29790
0!
0'
#29795
1!
1'
1U
b1 ;
b0 6
b0 8
b0 7
0P
0M
0L
0K
1S
b10 <
#29800
0!
0'
#29805
1!
1'
b1 T
b10 ;
0S
1R
#29810
0!
0'
#29815
1!
1'
b10 T
b1 8
1)
#29820
0!
0'
#29825
1!
1'
b11 T
b1 7
b10 8
0)
#29830
0!
0'
#29835
1!
1'
b100 T
b10 7
b11 8
1)
#29840
0!
0'
#29845
1!
1'
b101 T
b101 7
b100 8
0)
#29850
0!
0'
#29855
1!
1'
b110 T
b1010 7
b101 8
#29860
0!
0'
#29865
1!
1'
b111 T
b10100 7
b110 8
#29870
0!
0'
#29875
1!
1'
b1000 T
b101000 7
b111 8
#29880
0!
0'
#29885
1!
1'
b1001 T
b1010000 7
b1000 8
1)
#29890
0!
0'
#29895
1!
1'
b1010 T
b10100001 7
b1001 8
#29900
0!
0'
#29905
1!
1'
b1011 T
b101000011 7
b1010 8
#29910
0!
0'
#29915
1!
1'
b1100 T
b1010000111 7
b1011 8
15
b101000011 6
b0 8
1F
1P
1O
1J
1H
1*
0)
b0 <
#29920
0!
0'
#29925
1!
1'
0U
b0 T
b0 ;
b100001110 7
b1 8
05
0R
0F
0*
b1 <
#29930
0!
0'
#29935
1!
1'
1U
b1 ;
b0 6
b0 8
b0 7
0P
0O
0J
0H
1S
1)
b11 <
#29940
0!
0'
#29945
1!
1'
b1 T
b11 ;
1R
#29950
0!
0'
#29955
1!
1'
b10 T
b1 7
b1 8
0)
#29960
0!
0'
#29965
1!
1'
b11 T
b10 7
b10 8
#29970
0!
0'
#29975
1!
1'
b100 T
b100 7
b11 8
1)
#29980
0!
0'
#29985
1!
1'
b101 T
b1001 7
b100 8
#29990
0!
0'
#29995
1!
1'
b110 T
b10011 7
b101 8
0)
#30000
0!
0'
#30005
1!
1'
b111 T
b100110 7
b110 8
#30010
0!
0'
#30015
1!
1'
b1000 T
b1001100 7
b111 8
#30020
0!
0'
#30025
1!
1'
b1001 T
b10011000 7
b1000 8
#30030
0!
0'
#30035
1!
1'
b1010 T
b100110000 7
b1001 8
#30040
0!
0'
#30045
1!
1'
b1011 T
b1001100000 7
b1010 8
#30050
0!
0'
#30055
1!
1'
b1100 T
b11000000 7
b1011 8
15
b1001100000 6
b0 8
1:
1F
1K
1J
1G
1*
b0 <
#30060
0!
0'
#30065
1!
1'
0U
b0 T
b0 ;
b110000000 7
b1 8
05
0F
1+
13
0,
0S
0R
0*
b1 <
#30070
0!
0'
#30075
1!
1'
1U
b1 ;
b0 6
b0 8
b0 7
0K
0J
0G
1S
1)
b100 <
#30080
0!
0'
#30085
1!
1'
b1 T
b100 ;
0S
1Q
#30090
0!
0'
#30095
1!
1'
b10 T
b1 7
b1 8
b1000011 =
1?
#30100
0!
0'
#30105
1!
1'
b11 T
b11 7
b10 8
04
b10000110 =
b1 >
0E
#30110
0!
0'
#30115
1!
1'
b100 T
b111 7
b11 8
b1000011 =
14
b1100 =
b10 >
1E
#30120
0!
0'
#30125
1!
1'
b101 T
b1111 7
b100 8
b1000011 =
04
b11000 =
b11 >
0E
0)
#30130
0!
0'
#30135
1!
1'
b110 T
b11110 7
b101 8
b1000011 =
b110000 =
b100 >
1)
#30140
0!
0'
#30145
1!
1'
b111 T
b111101 7
b110 8
b1000011 =
b1100000 =
b101 >
0)
#30150
0!
0'
#30155
1!
1'
b1000 T
b1111010 7
b111 8
b1000011 =
b11000000 =
b110 >
1)
#30160
0!
0'
#30165
1!
1'
b1001 T
b11110101 7
b1000 8
b1000011 =
14
b10000000 =
b111 >
1E
0)
#30170
0!
0'
#30175
1!
1'
b1010 T
b111101010 7
b1001 8
b1000011 =
b0 =
b1000 >
b0 >
0?
0:
#30180
0!
0'
#30185
1!
1'
b1011 T
b1111010100 7
b1010 8
b1000011 =
1?
#30190
0!
0'
#30195
1!
1'
b1100 T
b1110101000 7
b1011 8
15
b1111010100 6
b0 8
04
b10000110 =
b1 >
1F
1N
1L
1J
1I
1H
1G
0E
#30200
0!
0'
#30205
1!
1'
b1101 T
b1101010000 7
b1 8
05
b1000011 =
14
b1100 =
b10 >
0F
1E
#30210
0!
0'
#30215
1!
1'
b1110 T
b1010100000 7
b10 8
b1000011 =
04
b11000 =
b11 >
0E
#30220
0!
0'
#30225
1!
1'
b1111 T
b101000000 7
b11 8
b1000011 =
b110000 =
b100 >
#30230
0!
0'
#30235
1!
1'
b10000 T
b1010000000 7
b100 8
b1000011 =
b1100000 =
b101 >
#30240
0!
0'
#30245
1!
1'
b10001 T
b100000000 7
b101 8
b1000011 =
b11000000 =
b110 >
#30250
0!
0'
#30255
1!
1'
b10010 T
b1000000000 7
b110 8
b1000011 =
14
b10000000 =
b111 >
1E
#30260
0!
0'
#30265
1!
1'
b10011 T
b0 7
b111 8
b1000011 =
b0 =
b1000 >
b0 >
0?
#30270
0!
0'
#30275
1!
1'
b10100 T
b1000 8
b1000011 =
1?
#30280
0!
0'
#30285
1!
1'
b10101 T
b1001 8
04
b10000110 =
b1 >
0E
0+
1*
b0 <
#30290
0!
0'
#30295
1!
1'
0U
b0 T
b0 ;
b1010 8
14
b1100 =
b10 >
0Q
1E
0*
b1 <
#30300
0!
0'
#30305
1!
1'
1U
b1 ;
b0 6
b0 8
b0 >
0?
0N
0L
0J
0I
0H
0G
1S
b10 <
#30310
0!
0'
#30315
1!
1'
b1 T
b10 ;
0S
1R
#30320
0!
0'
#30325
1!
1'
b10 T
b1 8
#30330
0!
0'
#30335
1!
1'
b11 T
b10 8
#30340
0!
0'
#30345
1!
1'
b100 T
b11 8
1)
#30350
0!
0'
#30355
1!
1'
b101 T
b1 7
b100 8
#30360
0!
0'
#30365
1!
1'
b110 T
b11 7
b101 8
0)
#30370
0!
0'
#30375
1!
1'
b111 T
b110 7
b110 8
1)
#30380
0!
0'
#30385
1!
1'
b1000 T
b1101 7
b111 8
#30390
0!
0'
#30395
1!
1'
b1001 T
b11011 7
b1000 8
0)
#30400
0!
0'
#30405
1!
1'
b1010 T
b110110 7
b1001 8
1)
#30410
0!
0'
#30415
1!
1'
b1011 T
b1101101 7
b1010 8
#30420
0!
0'
#30425
1!
1'
b1100 T
b11011011 7
b1011 8
15
b1101101 6
b0 8
1F
1P
1N
1M
1K
1J
1*
0)
b0 <
#30430
0!
0'
#30435
1!
1'
0U
b0 T
b0 ;
b110110110 7
b1 8
05
0R
0F
0*
b1 <
#30440
0!
0'
#30445
1!
1'
1U
b1 ;
b0 6
b0 8
b0 7
0P
0N
0M
0K
0J
1S
b10 <
#30450
0!
0'
#30455
1!
1'
b1 T
b10 ;
0S
1R
#30460
0!
0'
#30465
1!
1'
b10 T
b1 8
1)
#30470
0!
0'
#30475
1!
1'
b11 T
b1 7
b10 8
#30480
0!
0'
#30485
1!
1'
b100 T
b11 7
b11 8
#30490
0!
0'
#30495
1!
1'
b101 T
b111 7
b100 8
#30500
0!
0'
#30505
1!
1'
b110 T
b1111 7
b101 8
0)
#30510
0!
0'
#30515
1!
1'
b111 T
b11110 7
b110 8
#30520
0!
0'
#30525
1!
1'
b1000 T
b111100 7
b111 8
#30530
0!
0'
#30535
1!
1'
b1001 T
b1111000 7
b1000 8
1)
#30540
0!
0'
#30545
1!
1'
b1010 T
b11110001 7
b1001 8
#30550
0!
0'
#30555
1!
1'
b1011 T
b111100011 7
b1010 8
#30560
0!
0'
#30565
1!
1'
b1100 T
b1111000111 7
b1011 8
15
b111100011 6
b0 8
1F
1P
1O
1K
1J
1I
1H
1*
0)
b0 <
#30570
0!
0'
#30575
1!
1'
0U
b0 T
b0 ;
b1110001110 7
b1 8
05
0R
0F
0*
b1 <
#30580
0!
0'
#30585
1!
1'
1U
b1 ;
b0 6
b0 8
b0 7
0P
0O
0K
0J
0I
0H
1S
1)
b11 <
#30590
0!
0'
#30595
1!
1'
b1 T
b11 ;
1R
#30600
0!
0'
#30605
1!
1'
b10 T
b1 7
b1 8
0)
#30610
0!
0'
#30615
1!
1'
b11 T
b10 7
b10 8
#30620
0!
0'
#30625
1!
1'
b100 T
b100 7
b11 8
#30630
0!
0'
#30635
1!
1'
b101 T
b1000 7
b100 8
1)
#30640
0!
0'
#30645
1!
1'
b110 T
b10001 7
b101 8
#30650
0!
0'
#30655
1!
1'
b111 T
b100011 7
b110 8
#30660
0!
0'
#30665
1!
1'
b1000 T
b1000111 7
b111 8
0)
#30670
0!
0'
#30675
1!
1'
b1001 T
b10001110 7
b1000 8
#30680
0!
0'
#30685
1!
1'
b1010 T
b100011100 7
b1001 8
1)
#30690
0!
0'
#30695
1!
1'
b1011 T
b1000111001 7
b1010 8
#30700
0!
0'
#30705
1!
1'
b1100 T
b1110011 7
b1011 8
15
b1000111001 6
b0 8
1:
1F
1P
1M
1L
1K
1G
1*
0)
b0 <
#30710
0!
0'
#30715
1!
1'
0U
b0 T
b0 ;
b11100110 7
b1 8
05
0F
1+
03
02
1/
0-
1,
0S
0R
0*
b1 <
#30720
0!
0'
#30725
1!
1'
1U
b1 ;
b0 6
b0 8
b0 7
0P
0M
0L
0K
0G
1S
1)
b100 <
#30730
0!
0'
#30735
1!
1'
b1 T
b100 ;
0S
1Q
#30740
0!
0'
#30745
1!
1'
b10 T
b1 7
b1 8
b10010000 =
1?
#30750
0!
0'
#30755
1!
1'
b11 T
b11 7
b10 8
b100000 =
b1 >
0)
#30760
0!
0'
#30765
1!
1'
b100 T
b110 7
b11 8
b10010000 =
04
b1000000 =
b10 >
0E
#30770
0!
0'
#30775
1!
1'
b101 T
b1100 7
b100 8
b10010000 =
b10000000 =
b11 >
1)
#30780
0!
0'
#30785
1!
1'
b110 T
b11001 7
b101 8
b10010000 =
14
b0 =
b100 >
1E
#30790
0!
0'
#30795
1!
1'
b111 T
b110011 7
b110 8
b10010000 =
04
b0 =
b101 >
0E
0)
#30800
0!
0'
#30805
1!
1'
b1000 T
b1100110 7
b111 8
b10010000 =
b0 =
b110 >
#30810
0!
0'
#30815
1!
1'
b1001 T
b11001100 7
b1000 8
b10010000 =
b0 =
b111 >
#30820
0!
0'
#30825
1!
1'
b1010 T
b110011000 7
b1001 8
b10010000 =
b0 =
b1000 >
b0 >
0?
0:
#30830
0!
0'
#30835
1!
1'
b1011 T
b1100110000 7
b1010 8
b10010000 =
1?
#30840
0!
0'
#30845
1!
1'
b1100 T
b1001100000 7
b1011 8
15
b1100110000 6
b0 8
14
b100000 =
b1 >
1F
1L
1K
1H
1G
1E
#30850
0!
0'
#30855
1!
1'
b1101 T
b11000000 7
b1 8
05
b10010000 =
04
b1000000 =
b10 >
0F
0E
#30860
0!
0'
#30865
1!
1'
b1110 T
b110000000 7
b10 8
b10010000 =
b10000000 =
b11 >
#30870
0!
0'
#30875
1!
1'
b1111 T
b1100000000 7
b11 8
b10010000 =
14
b0 =
b100 >
1E
#30880
0!
0'
#30885
1!
1'
b10000 T
b1000000000 7
b100 8
b10010000 =
04
b0 =
b101 >
0E
#30890
0!
0'
#30895
1!
1'
b10001 T
b0 7
b101 8
b10010000 =
b0 =
b110 >
#30900
0!
0'
#30905
1!
1'
b10010 T
b110 8
b10010000 =
b0 =
b111 >
#30910
0!
0'
#30915
1!
1'
b10011 T
b111 8
b10010000 =
b0 =
b1000 >
b0 >
0?
#30920
0!
0'
#30925
1!
1'
b10100 T
b1000 8
b10010000 =
1?
#30930
0!
0'
#30935
1!
1'
b10101 T
b1001 8
14
b100000 =
b1 >
1E
0+
1*
b0 <
#30940
0!
0'
#30945
1!
1'
0U
b0 T
b0 ;
b1010 8
04
b1000000 =
b10 >
0Q
0E
0*
b1 <
#30950
0!
0'
#30955
1!
1'
1U
b1 ;
b0 6
b0 8
b0 >
0?
0L
0K
0H
0G
1S
b10 <
#30960
0!
0'
#30965
1!
1'
b1 T
b10 ;
0S
1R
#30970
0!
0'
#30975
1!
1'
b10 T
b1 8
#30980
0!
0'
#30985
1!
1'
b11 T
b10 8
#30990
0!
0'
#30995
1!
1'
b100 T
b11 8
1)
#31000
0!
0'
#31005
1!
1'
b101 T
b1 7
b100 8
#31010
0!
0'
#31015
1!
1'
b110 T
b11 7
b101 8
#31020
0!
0'
#31025
1!
1'
b111 T
b111 7
b110 8
0)
#31030
0!
0'
#31035
1!
1'
b1000 T
b1110 7
b111 8
#31040
0!
0'
#31045
1!
1'
b1001 T
b11100 7
b1000 8
1)
#31050
0!
0'
#31055
1!
1'
b1010 T
b111001 7
b1001 8
0)
#31060
0!
0'
#31065
1!
1'
b1011 T
b1110010 7
b1010 8
#31070
0!
0'
#31075
1!
1'
b1100 T
b11100100 7
b1011 8
15
b1110010 6
b0 8
1F
1O
1L
1K
1J
1*
b0 <
#31080
0!
0'
#31085
1!
1'
0U
b0 T
b0 ;
b111001000 7
b1 8
05
0R
0F
0*
b1 <
#31090
0!
0'
#31095
1!
1'
1U
b1 ;
b0 6
b0 8
b0 7
0O
0L
0K
0J
1S
b10 <
#31100
0!
0'
#31105
1!
1'
b1 T
b10 ;
0S
1R
#31110
0!
0'
#31115
1!
1'
b10 T
b1 8
1)
#31120
0!
0'
#31125
1!
1'
b11 T
b1 7
b10 8
0)
#31130
0!
0'
#31135
1!
1'
b100 T
b10 7
b11 8
#31140
0!
0'
#31145
1!
1'
b101 T
b100 7
b100 8
#31150
0!
0'
#31155
1!
1'
b110 T
b1000 7
b101 8
#31160
0!
0'
#31165
1!
1'
b111 T
b10000 7
b110 8
#31170
0!
0'
#31175
1!
1'
b1000 T
b100000 7
b111 8
1)
#31180
0!
0'
#31185
1!
1'
b1001 T
b1000001 7
b1000 8
#31190
0!
0'
#31195
1!
1'
b1010 T
b10000011 7
b1001 8
0)
#31200
0!
0'
#31205
1!
1'
b1011 T
b100000110 7
b1010 8
#31210
0!
0'
#31215
1!
1'
b1100 T
b1000001100 7
b1011 8
15
b100000110 6
b0 8
1F
1O
1N
1H
1*
b0 <
#31220
0!
0'
#31225
1!
1'
0U
b0 T
b0 ;
b11000 7
b1 8
05
0R
0F
0*
b1 <
#31230
0!
0'
#31235
1!
1'
1U
b1 ;
b0 6
b0 8
b0 7
0O
0N
0H
1S
1)
b11 <
#31240
0!
0'
#31245
1!
1'
b1 T
b11 ;
1R
#31250
0!
0'
#31255
1!
1'
b10 T
b1 7
b1 8
0)
#31260
0!
0'
#31265
1!
1'
b11 T
b10 7
b10 8
#31270
0!
0'
#31275
1!
1'
b100 T
b100 7
b11 8
1)
#31280
0!
0'
#31285
1!
1'
b101 T
b1001 7
b100 8
#31290
0!
0'
#31295
1!
1'
b110 T
b10011 7
b101 8
#31300
0!
0'
#31305
1!
1'
b111 T
b100111 7
b110 8
#31310
0!
0'
#31315
1!
1'
b1000 T
b1001111 7
b111 8
#31320
0!
0'
#31325
1!
1'
b1001 T
b10011111 7
b1000 8
0)
#31330
0!
0'
#31335
1!
1'
b1010 T
b100111110 7
b1001 8
#31340
0!
0'
#31345
1!
1'
b1011 T
b1001111100 7
b1010 8
#31350
0!
0'
#31355
1!
1'
b1100 T
b11111000 7
b1011 8
15
b1001111100 6
b0 8
1:
1F
1N
1M
1L
1K
1J
1G
1*
b0 <
#31360
0!
0'
#31365
1!
1'
0U
b0 T
b0 ;
b111110000 7
b1 8
05
0F
1+
13
12
10
1.
1-
0,
0S
0R
0*
b1 <
#31370
0!
0'
#31375
1!
1'
1U
b1 ;
b0 6
b0 8
b0 7
0N
0M
0L
0K
0J
0G
1S
1)
b100 <
#31380
0!
0'
#31385
1!
1'
b1 T
b100 ;
0S
1Q
#31390
0!
0'
#31395
1!
1'
b10 T
b1 7
b1 8
b1111011 =
1?
#31400
0!
0'
#31405
1!
1'
b11 T
b11 7
b10 8
b11110110 =
b1 >
0)
#31410
0!
0'
#31415
1!
1'
b100 T
b110 7
b11 8
b1111011 =
14
b11101100 =
b10 >
1E
#31420
0!
0'
#31425
1!
1'
b101 T
b1100 7
b100 8
b1111011 =
b11011000 =
b11 >
1)
#31430
0!
0'
#31435
1!
1'
b110 T
b11001 7
b101 8
b1111011 =
b10110000 =
b100 >
#31440
0!
0'
#31445
1!
1'
b111 T
b110011 7
b110 8
b1111011 =
b1100000 =
b101 >
0)
#31450
0!
0'
#31455
1!
1'
b1000 T
b1100110 7
b111 8
b1111011 =
04
b11000000 =
b110 >
0E
1)
#31460
0!
0'
#31465
1!
1'
b1001 T
b11001101 7
b1000 8
b1111011 =
14
b10000000 =
b111 >
1E
0)
#31470
0!
0'
#31475
1!
1'
b1010 T
b110011010 7
b1001 8
b1111011 =
b0 =
b1000 >
b0 >
0?
0:
#31480
0!
0'
#31485
1!
1'
b1011 T
b1100110100 7
b1010 8
b1111011 =
1?
#31490
0!
0'
#31495
1!
1'
b1100 T
b1001101000 7
b1011 8
15
b1100110100 6
b0 8
04
b11110110 =
b1 >
1F
1N
1L
1K
1H
1G
0E
#31500
0!
0'
#31505
1!
1'
b1101 T
b11010000 7
b1 8
05
b1111011 =
14
b11101100 =
b10 >
0F
1E
#31510
0!
0'
#31515
1!
1'
b1110 T
b110100000 7
b10 8
b1111011 =
b11011000 =
b11 >
#31520
0!
0'
#31525
1!
1'
b1111 T
b1101000000 7
b11 8
b1111011 =
b10110000 =
b100 >
#31530
0!
0'
#31535
1!
1'
b10000 T
b1010000000 7
b100 8
b1111011 =
b1100000 =
b101 >
#31540
0!
0'
#31545
1!
1'
b10001 T
b100000000 7
b101 8
b1111011 =
04
b11000000 =
b110 >
0E
#31550
0!
0'
#31555
1!
1'
b10010 T
b1000000000 7
b110 8
b1111011 =
14
b10000000 =
b111 >
1E
#31560
0!
0'
#31565
1!
1'
b10011 T
b0 7
b111 8
b1111011 =
b0 =
b1000 >
b0 >
0?
#31570
0!
0'
#31575
1!
1'
b10100 T
b1000 8
b1111011 =
1?
#31580
0!
0'
#31585
1!
1'
b10101 T
b1001 8
04
b11110110 =
b1 >
0E
0+
1*
b0 <
#31590
0!
0'
#31595
1!
1'
0U
b0 T
b0 ;
b1010 8
14
b11101100 =
b10 >
0Q
1E
0*
b1 <
#31600
0!
0'
#31605
1!
1'
1U
b1 ;
b0 6
b0 8
b0 >
0?
0N
0L
0K
0H
0G
1S
b10 <
#31610
0!
0'
#31615
1!
1'
b1 T
b10 ;
0S
1R
#31620
0!
0'
#31625
1!
1'
b10 T
b1 8
#31630
0!
0'
#31635
1!
1'
b11 T
b10 8
#31640
0!
0'
#31645
1!
1'
b100 T
b11 8
#31650
0!
0'
#31655
1!
1'
b101 T
b100 8
#31660
0!
0'
#31665
1!
1'
b110 T
b101 8
#31670
0!
0'
#31675
1!
1'
b111 T
b110 8
#31680
0!
0'
#31685
1!
1'
b1000 T
b111 8
1)
#31690
0!
0'
#31695
1!
1'
b1001 T
b1 7
b1000 8
#31700
0!
0'
#31705
1!
1'
b1010 T
b11 7
b1001 8
#31710
0!
0'
#31715
1!
1'
b1011 T
b111 7
b1010 8
#31720
0!
0'
#31725
1!
1'
b1100 T
b1111 7
b1011 8
15
b111 6
b0 8
1F
1P
1O
1N
1*
0)
b0 <
#31730
0!
0'
#31735
1!
1'
0U
b0 T
b0 ;
b11110 7
b1 8
05
0R
0F
0*
b1 <
#31740
0!
0'
#31745
1!
1'
1U
b1 ;
b0 6
b0 8
b0 7
0P
0O
0N
1S
b10 <
#31750
0!
0'
#31755
1!
1'
b1 T
b10 ;
0S
1R
#31760
0!
0'
#31765
1!
1'
b10 T
b1 8
1)
#31770
0!
0'
#31775
1!
1'
b11 T
b1 7
b10 8
#31780
0!
0'
#31785
1!
1'
b100 T
b11 7
b11 8
#31790
0!
0'
#31795
1!
1'
b101 T
b111 7
b100 8
0)
#31800
0!
0'
#31805
1!
1'
b110 T
b1110 7
b101 8
#31810
0!
0'
#31815
1!
1'
b111 T
b11100 7
b110 8
#31820
0!
0'
#31825
1!
1'
b1000 T
b111000 7
b111 8
1)
#31830
0!
0'
#31835
1!
1'
b1001 T
b1110001 7
b1000 8
#31840
0!
0'
#31845
1!
1'
b1010 T
b11100011 7
b1001 8
#31850
0!
0'
#31855
1!
1'
b1011 T
b111000111 7
b1010 8
#31860
0!
0'
#31865
1!
1'
b1100 T
b1110001111 7
b1011 8
15
b111000111 6
b0 8
1F
1P
1O
1N
1J
1I
1H
1*
0)
b0 <
#31870
0!
0'
#31875
1!
1'
0U
b0 T
b0 ;
b1100011110 7
b1 8
05
0R
0F
0*
b1 <
#31880
0!
0'
#31885
1!
1'
1U
b1 ;
b0 6
b0 8
b0 7
0P
0O
0N
0J
0I
0H
1S
1)
b11 <
#31890
0!
0'
#31895
1!
1'
b1 T
b11 ;
1R
#31900
0!
0'
#31905
1!
1'
b10 T
b1 7
b1 8
0)
#31910
0!
0'
#31915
1!
1'
b11 T
b10 7
b10 8
#31920
0!
0'
#31925
1!
1'
b100 T
b100 7
b11 8
1)
#31930
0!
0'
#31935
1!
1'
b101 T
b1001 7
b100 8
0)
#31940
0!
0'
#31945
1!
1'
b110 T
b10010 7
b101 8
#31950
0!
0'
#31955
1!
1'
b111 T
b100100 7
b110 8
1)
#31960
0!
0'
#31965
1!
1'
b1000 T
b1001001 7
b111 8
0)
#31970
0!
0'
#31975
1!
1'
b1001 T
b10010010 7
b1000 8
#31980
0!
0'
#31985
1!
1'
b1010 T
b100100100 7
b1001 8
#31990
0!
0'
#31995
1!
1'
b1011 T
b1001001000 7
b1010 8
#32000
0!
0'
#32005
1!
1'
b1100 T
b10010000 7
b1011 8
15
b1001001000 6
b0 8
1:
1F
1M
1J
1G
1*
b0 <
#32010
0!
0'
#32015
1!
1'
0U
b0 T
b0 ;
b100100000 7
b1 8
05
0F
1+
03
02
0/
0.
0S
0R
0*
b1 <
#32020
0!
0'
#32025
1!
1'
1U
b1 ;
b0 6
b0 8
b0 7
0M
0J
0G
1S
1)
b100 <
#32030
0!
0'
#32035
1!
1'
b1 T
b100 ;
0S
1Q
#32040
0!
0'
#32045
1!
1'
b10 T
b1 7
b1 8
b1001000 =
1?
#32050
0!
0'
#32055
1!
1'
b11 T
b11 7
b10 8
04
b10010000 =
b1 >
0E
0)
#32060
0!
0'
#32065
1!
1'
b100 T
b110 7
b11 8
b1001000 =
14
b100000 =
b10 >
1E
#32070
0!
0'
#32075
1!
1'
b101 T
b1100 7
b100 8
b1001000 =
04
b1000000 =
b11 >
0E
#32080
0!
0'
#32085
1!
1'
b110 T
b11000 7
b101 8
b1001000 =
b10000000 =
b100 >
1)
#32090
0!
0'
#32095
1!
1'
b111 T
b110001 7
b110 8
b1001000 =
14
b0 =
b101 >
1E
0)
#32100
0!
0'
#32105
1!
1'
b1000 T
b1100010 7
b111 8
b1001000 =
04
b0 =
b110 >
0E
1)
#32110
0!
0'
#32115
1!
1'
b1001 T
b11000101 7
b1000 8
b1001000 =
b0 =
b111 >
0)
#32120
0!
0'
#32125
1!
1'
b1010 T
b110001010 7
b1001 8
b1001000 =
b0 =
b1000 >
b0 >
0?
0:
#32130
0!
0'
#32135
1!
1'
b1011 T
b1100010100 7
b1010 8
b1001000 =
1?
#32140
0!
0'
#32145
1!
1'
b1100 T
b1000101000 7
b1011 8
15
b1100010100 6
b0 8
b10010000 =
b1 >
1F
1N
1L
1H
1G
#32150
0!
0'
#32155
1!
1'
b1101 T
b1010000 7
b1 8
05
b1001000 =
14
b100000 =
b10 >
0F
1E
#32160
0!
0'
#32165
1!
1'
b1110 T
b10100000 7
b10 8
b1001000 =
04
b1000000 =
b11 >
0E
#32170
0!
0'
#32175
1!
1'
b1111 T
b101000000 7
b11 8
b1001000 =
b10000000 =
b100 >
#32180
0!
0'
#32185
1!
1'
b10000 T
b1010000000 7
b100 8
b1001000 =
14
b0 =
b101 >
1E
#32190
0!
0'
#32195
1!
1'
b10001 T
b100000000 7
b101 8
b1001000 =
04
b0 =
b110 >
0E
#32200
0!
0'
#32205
1!
1'
b10010 T
b1000000000 7
b110 8
b1001000 =
b0 =
b111 >
#32210
0!
0'
#32215
1!
1'
b10011 T
b0 7
b111 8
b1001000 =
b0 =
b1000 >
b0 >
0?
#32220
0!
0'
#32225
1!
1'
b10100 T
b1000 8
b1001000 =
1?
#32230
0!
0'
#32235
1!
1'
b10101 T
b1001 8
b10010000 =
b1 >
0+
1*
b0 <
#32240
0!
0'
#32245
1!
1'
0U
b0 T
b0 ;
b1010 8
14
b100000 =
b10 >
0Q
1E
0*
b1 <
#32250
0!
0'
#32255
1!
1'
1U
b1 ;
b0 6
b0 8
b0 >
0?
0N
0L
0H
0G
1S
b10 <
#32260
0!
0'
#32265
1!
1'
b1 T
b10 ;
0S
1R
#32270
0!
0'
#32275
1!
1'
b10 T
b1 8
#32280
0!
0'
#32285
1!
1'
b11 T
b10 8
#32290
0!
0'
#32295
1!
1'
b100 T
b11 8
#32300
0!
0'
#32305
1!
1'
b101 T
b100 8
#32310
0!
0'
#32315
1!
1'
b110 T
b101 8
1)
#32320
0!
0'
#32325
1!
1'
b111 T
b1 7
b110 8
#32330
0!
0'
#32335
1!
1'
b1000 T
b11 7
b111 8
0)
#32340
0!
0'
#32345
1!
1'
b1001 T
b110 7
b1000 8
1)
#32350
0!
0'
#32355
1!
1'
b1010 T
b1101 7
b1001 8
#32360
0!
0'
#32365
1!
1'
b1011 T
b11011 7
b1010 8
#32370
0!
0'
#32375
1!
1'
b1100 T
b110111 7
b1011 8
15
b11011 6
b0 8
1F
1P
1O
1M
1L
1*
0)
b0 <
#32380
0!
0'
#32385
1!
1'
0U
b0 T
b0 ;
b1101110 7
b1 8
05
0R
0F
0*
b1 <
#32390
0!
0'
#32395
1!
1'
1U
b1 ;
b0 6
b0 8
b0 7
0P
0O
0M
0L
1S
b10 <
#32400
0!
0'
#32405
1!
1'
b1 T
b10 ;
0S
1R
#32410
0!
0'
#32415
1!
1'
b10 T
b1 8
1)
#32420
0!
0'
#32425
1!
1'
b11 T
b1 7
b10 8
#32430
0!
0'
#32435
1!
1'
b100 T
b11 7
b11 8
0)
#32440
0!
0'
#32445
1!
1'
b101 T
b110 7
b100 8
#32450
0!
0'
#32455
1!
1'
b110 T
b1100 7
b101 8
#32460
0!
0'
#32465
1!
1'
b111 T
b11000 7
b110 8
1)
#32470
0!
0'
#32475
1!
1'
b1000 T
b110001 7
b111 8
0)
#32480
0!
0'
#32485
1!
1'
b1001 T
b1100010 7
b1000 8
#32490
0!
0'
#32495
1!
1'
b1010 T
b11000100 7
b1001 8
#32500
0!
0'
#32505
1!
1'
b1011 T
b110001000 7
b1010 8
#32510
0!
0'
#32515
1!
1'
b1100 T
b1100010000 7
b1011 8
15
b110001000 6
b0 8
1F
1M
1I
1H
1*
b0 <
#32520
0!
0'
#32525
1!
1'
0U
b0 T
b0 ;
b1000100000 7
b1 8
05
0R
0F
0*
b1 <
#32530
0!
0'
#32535
1!
1'
1U
b1 ;
b0 6
b0 8
b0 7
0M
0I
0H
1S
1)
b11 <
#32540
0!
0'
#32545
1!
1'
b1 T
b11 ;
1R
#32550
0!
0'
#32555
1!
1'
b10 T
b1 7
b1 8
0)
#32560
0!
0'
#32565
1!
1'
b11 T
b10 7
b10 8
1)
#32570
0!
0'
#32575
1!
1'
b100 T
b101 7
b11 8
0)
#32580
0!
0'
#32585
1!
1'
b101 T
b1010 7
b100 8
1)
#32590
0!
0'
#32595
1!
1'
b110 T
b10101 7
b101 8
#32600
0!
0'
#32605
1!
1'
b111 T
b101011 7
b110 8
#32610
0!
0'
#32615
1!
1'
b1000 T
b1010111 7
b111 8
0)
#32620
0!
0'
#32625
1!
1'
b1001 T
b10101110 7
b1000 8
1)
#32630
0!
0'
#32635
1!
1'
b1010 T
b101011101 7
b1001 8
0)
#32640
0!
0'
#32645
1!
1'
b1011 T
b1010111010 7
b1010 8
#32650
0!
0'
#32655
1!
1'
b1100 T
b101110100 7
b1011 8
15
b1010111010 6
b0 8
1:
1F
1O
1M
1L
1K
1I
1G
1*
b0 <
#32660
0!
0'
#32665
1!
1'
0U
b0 T
b0 ;
b1011101000 7
b1 8
05
0F
1+
13
1/
1,
0S
0R
0*
b1 <
#32670
0!
0'
#32675
1!
1'
1U
b1 ;
b0 6
b0 8
b0 7
0O
0M
0L
0K
0I
0G
1S
1)
b100 <
#32680
0!
0'
#32685
1!
1'
b1 T
b100 ;
0S
1Q
#32690
0!
0'
#32695
1!
1'
b10 T
b1 7
b1 8
b11011001 =
1?
#32700
0!
0'
#32705
1!
1'
b11 T
b11 7
b10 8
b10110010 =
b1 >
0)
#32710
0!
0'
#32715
1!
1'
b100 T
b110 7
b11 8
b11011001 =
b1100100 =
b10 >
#32720
0!
0'
#32725
1!
1'
b101 T
b1100 7
b100 8
b11011001 =
04
b11001000 =
b11 >
0E
1)
#32730
0!
0'
#32735
1!
1'
b110 T
b11001 7
b101 8
b11011001 =
14
b10010000 =
b100 >
1E
0)
#32740
0!
0'
#32745
1!
1'
b111 T
b110010 7
b110 8
b11011001 =
b100000 =
b101 >
#32750
0!
0'
#32755
1!
1'
b1000 T
b1100100 7
b111 8
b11011001 =
04
b1000000 =
b110 >
0E
1)
#32760
0!
0'
#32765
1!
1'
b1001 T
b11001001 7
b1000 8
b11011001 =
b10000000 =
b111 >
0)
#32770
0!
0'
#32775
1!
1'
b1010 T
b110010010 7
b1001 8
b11011001 =
14
b0 =
b1000 >
b0 >
0?
0:
1E
#32780
0!
0'
#32785
1!
1'
b1011 T
b1100100100 7
b1010 8
b11011001 =
1?
#32790
0!
0'
#32795
1!
1'
b1100 T
b1001001000 7
b1011 8
15
b1100100100 6
b0 8
b10110010 =
b1 >
1F
1N
1K
1H
1G
#32800
0!
0'
#32805
1!
1'
b1101 T
b10010000 7
b1 8
05
b11011001 =
b1100100 =
b10 >
0F
#32810
0!
0'
#32815
1!
1'
b1110 T
b100100000 7
b10 8
b11011001 =
04
b11001000 =
b11 >
0E
#32820
0!
0'
#32825
1!
1'
b1111 T
b1001000000 7
b11 8
b11011001 =
14
b10010000 =
b100 >
1E
#32830
0!
0'
#32835
1!
1'
b10000 T
b10000000 7
b100 8
b11011001 =
b100000 =
b101 >
#32840
0!
0'
#32845
1!
1'
b10001 T
b100000000 7
b101 8
b11011001 =
04
b1000000 =
b110 >
0E
#32850
0!
0'
#32855
1!
1'
b10010 T
b1000000000 7
b110 8
b11011001 =
b10000000 =
b111 >
#32860
0!
0'
#32865
1!
1'
b10011 T
b0 7
b111 8
b11011001 =
14
b0 =
b1000 >
b0 >
0?
1E
#32870
0!
0'
#32875
1!
1'
b10100 T
b1000 8
b11011001 =
1?
#32880
0!
0'
#32885
1!
1'
b10101 T
b1001 8
b10110010 =
b1 >
0+
1*
b0 <
#32890
0!
0'
#32895
1!
1'
0U
b0 T
b0 ;
b1010 8
b1100100 =
b10 >
0Q
0*
b1 <
#32900
0!
0'
#32905
1!
1'
1U
b1 ;
b0 6
b0 8
b0 >
0?
0N
0K
0H
0G
1S
b10 <
#32910
0!
0'
#32915
1!
1'
b1 T
b10 ;
0S
1R
#32920
0!
0'
#32925
1!
1'
b10 T
b1 8
#32930
0!
0'
#32935
1!
1'
b11 T
b10 8
1)
#32940
0!
0'
#32945
1!
1'
b100 T
b1 7
b11 8
0)
#32950
0!
0'
#32955
1!
1'
b101 T
b10 7
b100 8
1)
#32960
0!
0'
#32965
1!
1'
b110 T
b101 7
b101 8
#32970
0!
0'
#32975
1!
1'
b111 T
b1011 7
b110 8
0)
#32980
0!
0'
#32985
1!
1'
b1000 T
b10110 7
b111 8
1)
#32990
0!
0'
#32995
1!
1'
b1001 T
b101101 7
b1000 8
#33000
0!
0'
#33005
1!
1'
b1010 T
b1011011 7
b1001 8
#33010
0!
0'
#33015
1!
1'
b1011 T
b10110111 7
b1010 8
#33020
0!
0'
#33025
1!
1'
b1100 T
b101101111 7
b1011 8
15
b10110111 6
b0 8
1F
1P
1O
1N
1L
1K
1I
1*
0)
b0 <
#33030
0!
0'
#33035
1!
1'
0U
b0 T
b0 ;
b1011011110 7
b1 8
05
0R
0F
0*
b1 <
#33040
0!
0'
#33045
1!
1'
1U
b1 ;
b0 6
b0 8
b0 7
0P
0O
0N
0L
0K
0I
1S
b10 <
#33050
0!
0'
#33055
1!
1'
b1 T
b10 ;
0S
1R
#33060
0!
0'
#33065
1!
1'
b10 T
b1 8
1)
#33070
0!
0'
#33075
1!
1'
b11 T
b1 7
b10 8
0)
#33080
0!
0'
#33085
1!
1'
b100 T
b10 7
b11 8
1)
#33090
0!
0'
#33095
1!
1'
b101 T
b101 7
b100 8
0)
#33100
0!
0'
#33105
1!
1'
b110 T
b1010 7
b101 8
1)
#33110
0!
0'
#33115
1!
1'
b111 T
b10101 7
b110 8
#33120
0!
0'
#33125
1!
1'
b1000 T
b101011 7
b111 8
#33130
0!
0'
#33135
1!
1'
b1001 T
b1010111 7
b1000 8
0)
#33140
0!
0'
#33145
1!
1'
b1010 T
b10101110 7
b1001 8
#33150
0!
0'
#33155
1!
1'
b1011 T
b101011100 7
b1010 8
#33160
0!
0'
#33165
1!
1'
b1100 T
b1010111000 7
b1011 8
15
b101011100 6
b0 8
1F
1N
1M
1L
1J
1H
1*
b0 <
#33170
0!
0'
#33175
1!
1'
0U
b0 T
b0 ;
b101110000 7
b1 8
05
0R
0F
0*
b1 <
#33180
0!
0'
#33185
1!
1'
1U
b1 ;
b0 6
b0 8
b0 7
0N
0M
0L
0J
0H
1S
1)
b11 <
#33190
0!
0'
#33195
1!
1'
b1 T
b11 ;
1R
#33200
0!
0'
#33205
1!
1'
b10 T
b1 7
b1 8
0)
#33210
0!
0'
#33215
1!
1'
b11 T
b10 7
b10 8
1)
#33220
0!
0'
#33225
1!
1'
b100 T
b101 7
b11 8
#33230
0!
0'
#33235
1!
1'
b101 T
b1011 7
b100 8
0)
#33240
0!
0'
#33245
1!
1'
b110 T
b10110 7
b101 8
1)
#33250
0!
0'
#33255
1!
1'
b111 T
b101101 7
b110 8
#33260
0!
0'
#33265
1!
1'
b1000 T
b1011011 7
b111 8
0)
#33270
0!
0'
#33275
1!
1'
b1001 T
b10110110 7
b1000 8
1)
#33280
0!
0'
#33285
1!
1'
b1010 T
b101101101 7
b1001 8
0)
#33290
0!
0'
#33295
1!
1'
b1011 T
b1011011010 7
b1010 8
#33300
0!
0'
#33305
1!
1'
b1100 T
b110110100 7
b1011 8
15
b1011011010 6
b0 8
1:
1F
1O
1M
1L
1J
1I
1G
1*
b0 <
#33310
0!
0'
#33315
1!
1'
0U
b0 T
b0 ;
b1101101000 7
b1 8
05
0F
1+
11
0/
1.
0,
0S
0R
0*
b1 <
#33320
0!
0'
#33325
1!
1'
1U
b1 ;
b0 6
b0 8
b0 7
0O
0M
0L
0J
0I
0G
1S
1)
b100 <
#33330
0!
0'
#33335
1!
1'
b1 T
b100 ;
0S
1Q
#33340
0!
0'
#33345
1!
1'
b10 T
b1 7
b1 8
b1101101 =
1?
#33350
0!
0'
#33355
1!
1'
b11 T
b11 7
b10 8
04
b11011010 =
b1 >
0E
0)
#33360
0!
0'
#33365
1!
1'
b100 T
b110 7
b11 8
b1101101 =
14
b10110100 =
b10 >
1E
#33370
0!
0'
#33375
1!
1'
b101 T
b1100 7
b100 8
b1101101 =
b1101000 =
b11 >
#33380
0!
0'
#33385
1!
1'
b110 T
b11000 7
b101 8
b1101101 =
04
b11010000 =
b100 >
0E
1)
#33390
0!
0'
#33395
1!
1'
b111 T
b110001 7
b110 8
b1101101 =
14
b10100000 =
b101 >
1E
#33400
0!
0'
#33405
1!
1'
b1000 T
b1100011 7
b111 8
b1101101 =
b1000000 =
b110 >
#33410
0!
0'
#33415
1!
1'
b1001 T
b11000111 7
b1000 8
b1101101 =
04
b10000000 =
b111 >
0E
0)
#33420
0!
0'
#33425
1!
1'
b1010 T
b110001110 7
b1001 8
b1101101 =
14
b0 =
b1000 >
b0 >
0?
0:
1E
#33430
0!
0'
#33435
1!
1'
b1011 T
b1100011100 7
b1010 8
b1101101 =
1?
#33440
0!
0'
#33445
1!
1'
b1100 T
b1000111000 7
b1011 8
15
b1100011100 6
b0 8
04
b11011010 =
b1 >
1F
1N
1M
1L
1H
1G
0E
#33450
0!
0'
#33455
1!
1'
b1101 T
b1110000 7
b1 8
05
b1101101 =
14
b10110100 =
b10 >
0F
1E
#33460
0!
0'
#33465
1!
1'
b1110 T
b11100000 7
b10 8
b1101101 =
b1101000 =
b11 >
#33470
0!
0'
#33475
1!
1'
b1111 T
b111000000 7
b11 8
b1101101 =
04
b11010000 =
b100 >
0E
#33480
0!
0'
#33485
1!
1'
b10000 T
b1110000000 7
b100 8
b1101101 =
14
b10100000 =
b101 >
1E
#33490
0!
0'
#33495
1!
1'
b10001 T
b1100000000 7
b101 8
b1101101 =
b1000000 =
b110 >
#33500
0!
0'
#33505
1!
1'
b10010 T
b1000000000 7
b110 8
b1101101 =
04
b10000000 =
b111 >
0E
#33510
0!
0'
#33515
1!
1'
b10011 T
b0 7
b111 8
b1101101 =
14
b0 =
b1000 >
b0 >
0?
1E
#33520
0!
0'
#33525
1!
1'
b10100 T
b1000 8
b1101101 =
1?
#33530
0!
0'
#33535
1!
1'
b10101 T
b1001 8
04
b11011010 =
b1 >
0E
0+
1*
b0 <
#33540
0!
0'
#33545
1!
1'
0U
b0 T
b0 ;
b1010 8
14
b10110100 =
b10 >
0Q
1E
0*
b1 <
#33550
0!
0'
#33555
1!
1'
1U
b1 ;
b0 6
b0 8
b0 >
0?
0N
0M
0L
0H
0G
1S
b10 <
#33560
0!
0'
#33565
1!
1'
b1 T
b10 ;
0S
1R
#33570
0!
0'
#33575
1!
1'
b10 T
b1 8
#33580
0!
0'
#33585
1!
1'
b11 T
b10 8
#33590
0!
0'
#33595
1!
1'
b100 T
b11 8
#33600
0!
0'
#33605
1!
1'
b101 T
b100 8
#33610
0!
0'
#33615
1!
1'
b110 T
b101 8
1)
#33620
0!
0'
#33625
1!
1'
b111 T
b1 7
b110 8
0)
#33630
0!
0'
#33635
1!
1'
b1000 T
b10 7
b111 8
#33640
0!
0'
#33645
1!
1'
b1001 T
b100 7
b1000 8
1)
#33650
0!
0'
#33655
1!
1'
b1010 T
b1001 7
b1001 8
#33660
0!
0'
#33665
1!
1'
b1011 T
b10011 7
b1010 8
#33670
0!
0'
#33675
1!
1'
b1100 T
b100111 7
b1011 8
15
b10011 6
b0 8
1F
1P
1O
1L
1*
0)
b0 <
#33680
0!
0'
#33685
1!
1'
0U
b0 T
b0 ;
b1001110 7
b1 8
05
0R
0F
0*
b1 <
#33690
0!
0'
#33695
1!
1'
1U
b1 ;
b0 6
b0 8
b0 7
0P
0O
0L
1S
b10 <
#33700
0!
0'
#33705
1!
1'
b1 T
b10 ;
0S
1R
#33710
0!
0'
#33715
1!
1'
b10 T
b1 8
#33720
0!
0'
#33725
1!
1'
b11 T
b10 8
#33730
0!
0'
#33735
1!
1'
b100 T
b11 8
#33740
0!
0'
#33745
1!
1'
b101 T
b100 8
1)
#33750
0!
0'
#33755
1!
1'
b110 T
b1 7
b101 8
0)
#33760
0!
0'
#33765
1!
1'
b111 T
b10 7
b110 8
1)
#33770
0!
0'
#33775
1!
1'
b1000 T
b101 7
b111 8
0)
#33780
0!
0'
#33785
1!
1'
b1001 T
b1010 7
b1000 8
1)
#33790
0!
0'
#33795
1!
1'
b1010 T
b10101 7
b1001 8
#33800
0!
0'
#33805
1!
1'
b1011 T
b101011 7
b1010 8
#33810
0!
0'
#33815
1!
1'
b1100 T
b1010111 7
b1011 8
15
b101011 6
b0 8
1F
1P
1O
1M
1K
1*
0)
b0 <
#33820
0!
0'
#33825
1!
1'
0U
b0 T
b0 ;
b10101110 7
b1 8
05
0R
0F
0*
b1 <
#33830
0!
0'
#33835
1!
1'
1U
b1 ;
b0 6
b0 8
b0 7
0P
0O
0M
0K
1S
b10 <
#33840
0!
0'
#33845
1!
1'
b1 T
b10 ;
0S
1R
#33850
0!
0'
#33855
1!
1'
b10 T
b1 8
#33860
0!
0'
#33865
1!
1'
b11 T
b10 8
1)
#33870
0!
0'
#33875
1!
1'
b100 T
b1 7
b11 8
#33880
0!
0'
#33885
1!
1'
b101 T
b11 7
b100 8
0)
#33890
0!
0'
#33895
1!
1'
b110 T
b110 7
b101 8
#33900
0!
0'
#33905
1!
1'
b111 T
b1100 7
b110 8
#33910
0!
0'
#33915
1!
1'
b1000 T
b11000 7
b111 8
#33920
0!
0'
#33925
1!
1'
b1001 T
b110000 7
b1000 8
1)
#33930
0!
0'
#33935
1!
1'
b1010 T
b1100001 7
b1001 8
#33940
0!
0'
#33945
1!
1'
b1011 T
b11000011 7
b1010 8
#33950
0!
0'
#33955
1!
1'
b1100 T
b110000111 7
b1011 8
15
b11000011 6
b0 8
1F
1P
1O
1J
1I
1*
0)
b0 <
#33960
0!
0'
#33965
1!
1'
0U
b0 T
b0 ;
b1100001110 7
b1 8
05
0R
0F
0*
b1 <
#33970
0!
0'
#33975
1!
1'
1U
b1 ;
b0 6
b0 8
b0 7
0P
0O
0J
0I
1S
b10 <
#33980
0!
0'
#33985
1!
1'
b1 T
b10 ;
0S
1R
#33990
0!
0'
#33995
1!
1'
b10 T
b1 8
#34000
0!
0'
#34005
1!
1'
b11 T
b10 8
#34010
0!
0'
#34015
1!
1'
b100 T
b11 8
1)
#34020
0!
0'
#34025
1!
1'
b101 T
b1 7
b100 8
0)
#34030
0!
0'
#34035
1!
1'
b110 T
b10 7
b101 8
#34040
0!
0'
#34045
1!
1'
b111 T
b100 7
b110 8
#34050
0!
0'
#34055
1!
1'
b1000 T
b1000 7
b111 8
1)
#34060
0!
0'
#34065
1!
1'
b1001 T
b10001 7
b1000 8
#34070
0!
0'
#34075
1!
1'
b1010 T
b100011 7
b1001 8
#34080
0!
0'
#34085
1!
1'
b1011 T
b1000111 7
b1010 8
#34090
0!
0'
#34095
1!
1'
b1100 T
b10001111 7
b1011 8
15
b1000111 6
b0 8
1F
1P
1O
1N
1J
1*
0)
b0 <
#34100
0!
0'
#34105
1!
1'
0U
b0 T
b0 ;
b100011110 7
b1 8
05
0R
0F
0*
b1 <
#34110
0!
0'
#34115
1!
1'
1U
b1 ;
b0 6
b0 8
b0 7
0P
0O
0N
0J
1S
b10 <
#34120
0!
0'
#34125
1!
1'
b1 T
b10 ;
0S
1R
#34130
0!
0'
#34135
1!
1'
b10 T
b1 8
#34140
0!
0'
#34145
1!
1'
b11 T
b10 8
#34150
0!
0'
#34155
1!
1'
b100 T
b11 8
1)
#34160
0!
0'
#34165
1!
1'
b101 T
b1 7
b100 8
#34170
0!
0'
#34175
1!
1'
b110 T
b11 7
b101 8
0)
#34180
0!
0'
#34185
1!
1'
b111 T
b110 7
b110 8
#34190
0!
0'
#34195
1!
1'
b1000 T
b1100 7
b111 8
#34200
0!
0'
#34205
1!
1'
b1001 T
b11000 7
b1000 8
1)
#34210
0!
0'
#34215
1!
1'
b1010 T
b110001 7
b1001 8
0)
#34220
0!
0'
#34225
1!
1'
b1011 T
b1100010 7
b1010 8
#34230
0!
0'
#34235
1!
1'
b1100 T
b11000100 7
b1011 8
15
b1100010 6
b0 8
1F
1O
1K
1J
1*
b0 <
#34240
0!
0'
#34245
1!
1'
0U
b0 T
b0 ;
b110001000 7
b1 8
05
0R
0F
0*
b1 <
#34250
0!
0'
#34255
1!
1'
1U
b1 ;
b0 6
b0 8
b0 7
0O
0K
0J
1S
b10 <
#34260
0!
0'
#34265
1!
1'
b1 T
b10 ;
0S
1R
#34270
0!
0'
#34275
1!
1'
b10 T
b1 8
#34280
0!
0'
#34285
1!
1'
b11 T
b10 8
1)
#34290
0!
0'
#34295
1!
1'
b100 T
b1 7
b11 8
#34300
0!
0'
#34305
1!
1'
b101 T
b11 7
b100 8
0)
#34310
0!
0'
#34315
1!
1'
b110 T
b110 7
b101 8
1)
#34320
0!
0'
#34325
1!
1'
b111 T
b1101 7
b110 8
#34330
0!
0'
#34335
1!
1'
b1000 T
b11011 7
b111 8
#34340
0!
0'
#34345
1!
1'
b1001 T
b110111 7
b1000 8
0)
#34350
0!
0'
#34355
1!
1'
b1010 T
b1101110 7
b1001 8
#34360
0!
0'
#34365
1!
1'
b1011 T
b11011100 7
b1010 8
#34370
0!
0'
#34375
1!
1'
b1100 T
b110111000 7
b1011 8
15
b11011100 6
b0 8
1F
1N
1M
1L
1J
1I
1*
b0 <
#34380
0!
0'
#34385
1!
1'
0U
b0 T
b0 ;
b1101110000 7
b1 8
05
0R
0F
0*
b1 <
#34390
0!
0'
#34395
1!
1'
1U
b1 ;
b0 6
b0 8
b0 7
0N
0M
0L
0J
0I
1S
b10 <
#34400
0!
0'
#34405
1!
1'
b1 T
b10 ;
0S
1R
#34410
0!
0'
#34415
1!
1'
b10 T
b1 8
#34420
0!
0'
#34425
1!
1'
b11 T
b10 8
#34430
0!
0'
#34435
1!
1'
b100 T
b11 8
#34440
0!
0'
#34445
1!
1'
b101 T
b100 8
#34450
0!
0'
#34455
1!
1'
b110 T
b101 8
#34460
0!
0'
#34465
1!
1'
b111 T
b110 8
#34470
0!
0'
#34475
1!
1'
b1000 T
b111 8
1)
#34480
0!
0'
#34485
1!
1'
b1001 T
b1 7
b1000 8
#34490
0!
0'
#34495
1!
1'
b1010 T
b11 7
b1001 8
0)
#34500
0!
0'
#34505
1!
1'
b1011 T
b110 7
b1010 8
#34510
0!
0'
#34515
1!
1'
b1100 T
b1100 7
b1011 8
15
b110 6
b0 8
1F
1O
1N
1*
b0 <
#34520
0!
0'
#34525
1!
1'
0U
b0 T
b0 ;
b11000 7
b1 8
05
0R
0F
0*
b1 <
#34530
0!
0'
#34535
1!
1'
1U
b1 ;
b0 6
b0 8
b0 7
0O
0N
1S
b10 <
#34540
0!
0'
#34545
1!
1'
b1 T
b10 ;
0S
1R
#34550
0!
0'
#34555
1!
1'
b10 T
b1 8
#34560
0!
0'
#34565
1!
1'
b11 T
b10 8
1)
#34570
0!
0'
#34575
1!
1'
b100 T
b1 7
b11 8
#34580
0!
0'
#34585
1!
1'
b101 T
b11 7
b100 8
0)
#34590
0!
0'
#34595
1!
1'
b110 T
b110 7
b101 8
#34600
0!
0'
#34605
1!
1'
b111 T
b1100 7
b110 8
#34610
0!
0'
#34615
1!
1'
b1000 T
b11000 7
b111 8
#34620
0!
0'
#34625
1!
1'
b1001 T
b110000 7
b1000 8
1)
#34630
0!
0'
#34635
1!
1'
b1010 T
b1100001 7
b1001 8
0)
#34640
0!
0'
#34645
1!
1'
b1011 T
b11000010 7
b1010 8
#34650
0!
0'
#34655
1!
1'
b1100 T
b110000100 7
b1011 8
15
b11000010 6
b0 8
1F
1O
1J
1I
1*
b0 <
#34660
0!
0'
#34665
1!
1'
0U
b0 T
b0 ;
b1100001000 7
b1 8
05
0R
0F
0*
b1 <
#34670
0!
0'
#34675
1!
1'
1U
b1 ;
b0 6
b0 8
b0 7
0O
0J
0I
1S
b10 <
#34680
0!
0'
#34685
1!
1'
b1 T
b10 ;
0S
1R
#34690
0!
0'
#34695
1!
1'
b10 T
b1 8
#34700
0!
0'
#34705
1!
1'
b11 T
b10 8
1)
#34710
0!
0'
#34715
1!
1'
b100 T
b1 7
b11 8
#34720
0!
0'
#34725
1!
1'
b101 T
b11 7
b100 8
#34730
0!
0'
#34735
1!
1'
b110 T
b111 7
b101 8
#34740
0!
0'
#34745
1!
1'
b111 T
b1111 7
b110 8
#34750
0!
0'
#34755
1!
1'
b1000 T
b11111 7
b111 8
#34760
0!
0'
#34765
1!
1'
b1001 T
b111111 7
b1000 8
0)
#34770
0!
0'
#34775
1!
1'
b1010 T
b1111110 7
b1001 8
1)
#34780
0!
0'
#34785
1!
1'
b1011 T
b11111101 7
b1010 8
#34790
0!
0'
#34795
1!
1'
b1100 T
b111111011 7
b1011 8
15
b11111101 6
b0 8
1F
1P
1N
1M
1L
1K
1J
1I
1*
0)
b0 <
#34800
0!
0'
#34805
1!
1'
0U
b0 T
b0 ;
b1111110110 7
b1 8
05
0R
0F
0*
b1 <
#34810
0!
0'
#34815
1!
1'
1U
b1 ;
b0 6
b0 8
b0 7
0P
0N
0M
0L
0K
0J
0I
1S
b10 <
#34820
0!
0'
#34825
1!
1'
b1 T
b10 ;
0S
1R
#34830
0!
0'
#34835
1!
1'
b10 T
b1 8
#34840
0!
0'
#34845
1!
1'
b11 T
b10 8
#34850
0!
0'
#34855
1!
1'
b100 T
b11 8
#34860
0!
0'
#34865
1!
1'
b101 T
b100 8
1)
#34870
0!
0'
#34875
1!
1'
b110 T
b1 7
b101 8
0)
#34880
0!
0'
#34885
1!
1'
b111 T
b10 7
b110 8
#34890
0!
0'
#34895
1!
1'
b1000 T
b100 7
b111 8
#34900
0!
0'
#34905
1!
1'
b1001 T
b1000 7
b1000 8
1)
#34910
0!
0'
#34915
1!
1'
b1010 T
b10001 7
b1001 8
#34920
0!
0'
#34925
1!
1'
b1011 T
b100011 7
b1010 8
#34930
0!
0'
#34935
1!
1'
b1100 T
b1000111 7
b1011 8
15
b100011 6
b0 8
1F
1P
1O
1K
1*
0)
b0 <
#34940
0!
0'
#34945
1!
1'
0U
b0 T
b0 ;
b10001110 7
b1 8
05
0R
0F
0*
b1 <
#34950
0!
0'
#34955
1!
1'
1U
b1 ;
b0 6
b0 8
b0 7
0P
0O
0K
1S
b10 <
#34960
0!
0'
#34965
1!
1'
b1 T
b10 ;
0S
1R
#34970
0!
0'
#34975
1!
1'
b10 T
b1 8
#34980
0!
0'
#34985
1!
1'
b11 T
b10 8
1)
#34990
0!
0'
#34995
1!
1'
b100 T
b1 7
b11 8
#35000
0!
0'
#35005
1!
1'
b101 T
b11 7
b100 8
0)
#35010
0!
0'
#35015
1!
1'
b110 T
b110 7
b101 8
#35020
0!
0'
#35025
1!
1'
b111 T
b1100 7
b110 8
1)
#35030
0!
0'
#35035
1!
1'
b1000 T
b11001 7
b111 8
0)
#35040
0!
0'
#35045
1!
1'
b1001 T
b110010 7
b1000 8
#35050
0!
0'
#35055
1!
1'
b1010 T
b1100100 7
b1001 8
1)
#35060
0!
0'
#35065
1!
1'
b1011 T
b11001001 7
b1010 8
#35070
0!
0'
#35075
1!
1'
b1100 T
b110010011 7
b1011 8
15
b11001001 6
b0 8
1F
1P
1M
1J
1I
1*
0)
b0 <
#35080
0!
0'
#35085
1!
1'
0U
b0 T
b0 ;
b1100100110 7
b1 8
05
0R
0F
0*
b1 <
#35090
0!
0'
#35095
1!
1'
1U
b1 ;
b0 6
b0 8
b0 7
0P
0M
0J
0I
1S
b10 <
#35100
0!
0'
#35105
1!
1'
b1 T
b10 ;
0S
1R
#35110
0!
0'
#35115
1!
1'
b10 T
b1 8
#35120
0!
0'
#35125
1!
1'
b11 T
b10 8
#35130
0!
0'
#35135
1!
1'
b100 T
b11 8
1)
#35140
0!
0'
#35145
1!
1'
b101 T
b1 7
b100 8
#35150
0!
0'
#35155
1!
1'
b110 T
b11 7
b101 8
#35160
0!
0'
#35165
1!
1'
b111 T
b111 7
b110 8
0)
#35170
0!
0'
#35175
1!
1'
b1000 T
b1110 7
b111 8
1)
#35180
0!
0'
#35185
1!
1'
b1001 T
b11101 7
b1000 8
0)
#35190
0!
0'
#35195
1!
1'
b1010 T
b111010 7
b1001 8
#35200
0!
0'
#35205
1!
1'
b1011 T
b1110100 7
b1010 8
#35210
0!
0'
#35215
1!
1'
b1100 T
b11101000 7
b1011 8
15
b1110100 6
b0 8
1F
1N
1L
1K
1J
1*
b0 <
#35220
0!
0'
#35225
1!
1'
0U
b0 T
b0 ;
b111010000 7
b1 8
05
0R
0F
0*
b1 <
#35230
0!
0'
#35235
1!
1'
1U
b1 ;
b0 6
b0 8
b0 7
0N
0L
0K
0J
1S
b10 <
#35240
0!
0'
#35245
1!
1'
b1 T
b10 ;
0S
1R
#35250
0!
0'
#35255
1!
1'
b10 T
b1 8
#35260
0!
0'
#35265
1!
1'
b11 T
b10 8
#35270
0!
0'
#35275
1!
1'
b100 T
b11 8
1)
#35280
0!
0'
#35285
1!
1'
b101 T
b1 7
b100 8
#35290
0!
0'
#35295
1!
1'
b110 T
b11 7
b101 8
0)
#35300
0!
0'
#35305
1!
1'
b111 T
b110 7
b110 8
#35310
0!
0'
#35315
1!
1'
b1000 T
b1100 7
b111 8
#35320
0!
0'
#35325
1!
1'
b1001 T
b11000 7
b1000 8
#35330
0!
0'
#35335
1!
1'
b1010 T
b110000 7
b1001 8
#35340
0!
0'
#35345
1!
1'
b1011 T
b1100000 7
b1010 8
#35350
0!
0'
#35355
1!
1'
b1100 T
b11000000 7
b1011 8
15
b1100000 6
b0 8
1F
1K
1J
1*
b0 <
#35360
0!
0'
#35365
1!
1'
0U
b0 T
b0 ;
b110000000 7
b1 8
05
0R
0F
0*
b1 <
#35370
0!
0'
#35375
1!
1'
1U
b1 ;
b0 6
b0 8
b0 7
0K
0J
1S
b10 <
#35380
0!
0'
#35385
1!
1'
b1 T
b10 ;
0S
1R
#35390
0!
0'
#35395
1!
1'
b10 T
b1 8
#35400
0!
0'
#35405
1!
1'
b11 T
b10 8
#35410
0!
0'
#35415
1!
1'
b100 T
b11 8
#35420
0!
0'
#35425
1!
1'
b101 T
b100 8
#35430
0!
0'
#35435
1!
1'
b110 T
b101 8
1)
#35440
0!
0'
#35445
1!
1'
b111 T
b1 7
b110 8
#35450
0!
0'
#35455
1!
1'
b1000 T
b11 7
b111 8
0)
#35460
0!
0'
#35465
1!
1'
b1001 T
b110 7
b1000 8
#35470
0!
0'
#35475
1!
1'
b1010 T
b1100 7
b1001 8
#35480
0!
0'
#35485
1!
1'
b1011 T
b11000 7
b1010 8
#35490
0!
0'
#35495
1!
1'
b1100 T
b110000 7
b1011 8
15
b11000 6
b0 8
1F
1M
1L
1*
b0 <
#35500
0!
0'
#35505
1!
1'
0U
b0 T
b0 ;
b1100000 7
b1 8
05
0R
0F
0*
b1 <
#35510
0!
0'
#35515
1!
1'
1U
b1 ;
b0 6
b0 8
b0 7
0M
0L
1S
b10 <
#35520
0!
0'
#35525
1!
1'
b1 T
b10 ;
0S
1R
#35530
0!
0'
#35535
1!
1'
b10 T
b1 8
#35540
0!
0'
#35545
1!
1'
b11 T
b10 8
1)
#35550
0!
0'
#35555
1!
1'
b100 T
b1 7
b11 8
#35560
0!
0'
#35565
1!
1'
b101 T
b11 7
b100 8
0)
#35570
0!
0'
#35575
1!
1'
b110 T
b110 7
b101 8
1)
#35580
0!
0'
#35585
1!
1'
b111 T
b1101 7
b110 8
#35590
0!
0'
#35595
1!
1'
b1000 T
b11011 7
b111 8
#35600
0!
0'
#35605
1!
1'
b1001 T
b110111 7
b1000 8
0)
#35610
0!
0'
#35615
1!
1'
b1010 T
b1101110 7
b1001 8
#35620
0!
0'
#35625
1!
1'
b1011 T
b11011100 7
b1010 8
#35630
0!
0'
#35635
1!
1'
b1100 T
b110111000 7
b1011 8
15
b11011100 6
b0 8
1F
1N
1M
1L
1J
1I
1*
b0 <
#35640
0!
0'
#35645
1!
1'
0U
b0 T
b0 ;
b1101110000 7
b1 8
05
0R
0F
0*
b1 <
#35650
0!
0'
#35655
1!
1'
1U
b1 ;
b0 6
b0 8
b0 7
0N
0M
0L
0J
0I
1S
b10 <
#35660
0!
0'
#35665
1!
1'
b1 T
b10 ;
0S
1R
#35670
0!
0'
#35675
1!
1'
b10 T
b1 8
#35680
0!
0'
#35685
1!
1'
b11 T
b10 8
#35690
0!
0'
#35695
1!
1'
b100 T
b11 8
#35700
0!
0'
#35705
1!
1'
b101 T
b100 8
1)
#35710
0!
0'
#35715
1!
1'
b110 T
b1 7
b101 8
0)
#35720
0!
0'
#35725
1!
1'
b111 T
b10 7
b110 8
1)
#35730
0!
0'
#35735
1!
1'
b1000 T
b101 7
b111 8
#35740
0!
0'
#35745
1!
1'
b1001 T
b1011 7
b1000 8
0)
#35750
0!
0'
#35755
1!
1'
b1010 T
b10110 7
b1001 8
#35760
0!
0'
#35765
1!
1'
b1011 T
b101100 7
b1010 8
#35770
0!
0'
#35775
1!
1'
b1100 T
b1011000 7
b1011 8
15
b101100 6
b0 8
1F
1N
1M
1K
1*
b0 <
#35780
0!
0'
#35785
1!
1'
0U
b0 T
b0 ;
b10110000 7
b1 8
05
0R
0F
0*
b1 <
#35790
0!
0'
#35795
1!
1'
1U
b1 ;
b0 6
b0 8
b0 7
0N
0M
0K
1S
b10 <
#35800
0!
0'
#35805
1!
1'
b1 T
b10 ;
0S
1R
#35810
0!
0'
#35815
1!
1'
b10 T
b1 8
#35820
0!
0'
#35825
1!
1'
b11 T
b10 8
#35830
0!
0'
#35835
1!
1'
b100 T
b11 8
1)
#35840
0!
0'
#35845
1!
1'
b101 T
b1 7
b100 8
#35850
0!
0'
#35855
1!
1'
b110 T
b11 7
b101 8
#35860
0!
0'
#35865
1!
1'
b111 T
b111 7
b110 8
#35870
0!
0'
#35875
1!
1'
b1000 T
b1111 7
b111 8
#35880
0!
0'
#35885
1!
1'
b1001 T
b11111 7
b1000 8
0)
#35890
0!
0'
#35895
1!
1'
b1010 T
b111110 7
b1001 8
#35900
0!
0'
#35905
1!
1'
b1011 T
b1111100 7
b1010 8
#35910
0!
0'
#35915
1!
1'
b1100 T
b11111000 7
b1011 8
15
b1111100 6
b0 8
1F
1N
1M
1L
1K
1J
1*
b0 <
#35920
0!
0'
#35925
1!
1'
0U
b0 T
b0 ;
b111110000 7
b1 8
05
0R
0F
0*
b1 <
#35930
0!
0'
#35935
1!
1'
1U
b1 ;
b0 6
b0 8
b0 7
0N
0M
0L
0K
0J
1S
b10 <
#35940
0!
0'
#35945
1!
1'
b1 T
b10 ;
0S
1R
#35950
0!
0'
#35955
1!
1'
b10 T
b1 8
#35960
0!
0'
#35965
1!
1'
b11 T
b10 8
1)
#35970
0!
0'
#35975
1!
1'
b100 T
b1 7
b11 8
#35980
0!
0'
#35985
1!
1'
b101 T
b11 7
b100 8
#35990
0!
0'
#35995
1!
1'
b110 T
b111 7
b101 8
#36000
0!
0'
#36005
1!
1'
b111 T
b1111 7
b110 8
#36010
0!
0'
#36015
1!
1'
b1000 T
b11111 7
b111 8
0)
#36020
0!
0'
#36025
1!
1'
b1001 T
b111110 7
b1000 8
1)
#36030
0!
0'
#36035
1!
1'
b1010 T
b1111101 7
b1001 8
#36040
0!
0'
#36045
1!
1'
b1011 T
b11111011 7
b1010 8
#36050
0!
0'
#36055
1!
1'
b1100 T
b111110111 7
b1011 8
15
b11111011 6
b0 8
1F
1P
1O
1M
1L
1K
1J
1I
1*
0)
b0 <
#36060
0!
0'
#36065
1!
1'
0U
b0 T
b0 ;
b1111101110 7
b1 8
05
0R
0F
0*
b1 <
#36070
0!
0'
#36075
1!
1'
1U
b1 ;
b0 6
b0 8
b0 7
0P
0O
0M
0L
0K
0J
0I
1S
b10 <
#36080
0!
0'
#36085
1!
1'
b1 T
b10 ;
0S
1R
#36090
0!
0'
#36095
1!
1'
b10 T
b1 8
#36100
0!
0'
#36105
1!
1'
b11 T
b10 8
#36110
0!
0'
#36115
1!
1'
b100 T
b11 8
#36120
0!
0'
#36125
1!
1'
b101 T
b100 8
1)
#36130
0!
0'
#36135
1!
1'
b110 T
b1 7
b101 8
#36140
0!
0'
#36145
1!
1'
b111 T
b11 7
b110 8
0)
#36150
0!
0'
#36155
1!
1'
b1000 T
b110 7
b111 8
#36160
0!
0'
#36165
1!
1'
b1001 T
b1100 7
b1000 8
#36170
0!
0'
#36175
1!
1'
b1010 T
b11000 7
b1001 8
#36180
0!
0'
#36185
1!
1'
b1011 T
b110000 7
b1010 8
#36190
0!
0'
#36195
1!
1'
b1100 T
b1100000 7
b1011 8
15
b110000 6
b0 8
1F
1L
1K
1*
b0 <
#36200
0!
0'
#36205
1!
1'
0U
b0 T
b0 ;
b11000000 7
b1 8
05
0R
0F
0*
b1 <
#36210
0!
0'
#36215
1!
1'
1U
b1 ;
b0 6
b0 8
b0 7
0L
0K
1S
b10 <
#36220
0!
0'
#36225
1!
1'
b1 T
b10 ;
0S
1R
#36230
0!
0'
#36235
1!
1'
b10 T
b1 8
#36240
0!
0'
#36245
1!
1'
b11 T
b10 8
#36250
0!
0'
#36255
1!
1'
b100 T
b11 8
#36260
0!
0'
#36265
1!
1'
b101 T
b100 8
1)
#36270
0!
0'
#36275
1!
1'
b110 T
b1 7
b101 8
#36280
0!
0'
#36285
1!
1'
b111 T
b11 7
b110 8
0)
#36290
0!
0'
#36295
1!
1'
b1000 T
b110 7
b111 8
1)
#36300
0!
0'
#36305
1!
1'
b1001 T
b1101 7
b1000 8
0)
#36310
0!
0'
#36315
1!
1'
b1010 T
b11010 7
b1001 8
1)
#36320
0!
0'
#36325
1!
1'
b1011 T
b110101 7
b1010 8
#36330
0!
0'
#36335
1!
1'
b1100 T
b1101011 7
b1011 8
15
b110101 6
b0 8
1F
1P
1N
1L
1K
#36340
0!
0'
#36345
1!
1'
b1101 T
b11010111 7
b1 8
05
0F
#36350
0!
0'
#36355
1!
1'
b1110 T
b110101111 7
b10 8
#36360
0!
0'
#36365
1!
1'
b1111 T
b1101011111 7
b11 8
#36370
0!
0'
#36375
1!
1'
b10000 T
b1010111111 7
b100 8
#36380
0!
0'
#36385
1!
1'
b10001 T
b101111111 7
b101 8
#36390
0!
0'
#36395
1!
1'
b10010 T
b1011111111 7
b110 8
#36400
0!
0'
#36405
1!
1'
b10011 T
b111111111 7
b111 8
#36410
0!
0'
#36415
1!
1'
b10100 T
b1111111111 7
b1000 8
#36420
0!
0'
#36425
1!
1'
b10101 T
b1001 8
#36430
0!
0'
#36435
1!
1'
b10110 T
b1010 8
#36440
0!
0'
#36445
1!
1'
b10111 T
b1011 8
15
b1111111111 6
b0 8
1F
1O
1M
1J
1I
1H
1G
#36450
0!
0'
#36455
1!
1'
b11000 T
b1 8
05
0F
#36460
0!
0'
#36465
1!
1'
b11001 T
b10 8
#36470
0!
0'
#36475
1!
1'
b11010 T
b11 8
#36480
0!
0'
#36485
1!
1'
b11011 T
b100 8
#36490
0!
0'
#36495
1!
1'
b11100 T
b101 8
#36500
0!
0'
#36505
1!
1'
b11101 T
b110 8
#36510
0!
0'
#36515
1!
1'
b11110 T
b111 8
#36520
0!
0'
#36525
1!
1'
b11111 T
b1000 8
#36530
0!
0'
#36535
1!
1'
b100000 T
b1001 8
#36540
0!
0'
#36545
1!
1'
b100001 T
b1010 8
#36550
0!
0'
#36555
1!
1'
b100010 T
b1011 8
15
b0 8
1F
#36560
0!
0'
#36565
1!
1'
b100011 T
b1 8
05
0F
#36570
0!
0'
#36575
1!
1'
b100100 T
b10 8
#36580
0!
0'
#36585
1!
1'
b100101 T
b11 8
#36590
0!
0'
#36595
1!
1'
b100110 T
b100 8
#36600
0!
0'
#36605
1!
1'
b100111 T
b101 8
#36610
0!
0'
#36615
1!
1'
b101000 T
b110 8
#36620
0!
0'
#36625
1!
1'
b101001 T
b111 8
#36630
0!
0'
#36635
1!
1'
b101010 T
b1000 8
#36640
0!
0'
#36645
1!
1'
b101011 T
b1001 8
#36650
0!
0'
#36655
1!
1'
b101100 T
b1010 8
#36660
0!
0'
#36665
1!
1'
b101101 T
b1011 8
15
b0 8
1F
#36670
0!
0'
#36675
1!
1'
b101110 T
b1 8
05
0F
#36680
0!
0'
#36685
1!
1'
b101111 T
b10 8
#36690
0!
0'
#36695
1!
1'
b110000 T
b11 8
#36700
0!
0'
#36705
1!
1'
b110001 T
b100 8
#36710
0!
0'
#36715
1!
1'
b110010 T
b101 8
#36720
0!
0'
#36725
1!
1'
b110011 T
b110 8
#36730
0!
0'
#36735
1!
1'
b110100 T
b111 8
#36740
0!
0'
#36745
1!
1'
b110101 T
b1000 8
#36750
0!
0'
#36755
1!
1'
b110110 T
b1001 8
#36760
0!
0'
#36765
1!
1'
b110111 T
b1010 8
#36770
0!
0'
#36775
1!
1'
b111000 T
b1011 8
15
b0 8
1F
#36780
0!
0'
#36785
1!
1'
b111001 T
b1 8
05
0F
#36790
0!
0'
#36795
1!
1'
b111010 T
b10 8
#36800
0!
0'
#36805
1!
1'
b111011 T
b11 8
#36810
0!
0'
#36815
1!
1'
b111100 T
b100 8
#36820
0!
0'
#36825
1!
1'
b111101 T
b101 8
#36830
0!
0'
#36835
1!
1'
b111110 T
b110 8
#36840
0!
0'
#36845
1!
1'
b111111 T
b111 8
#36850
0!
0'
#36855
1!
1'
b1000000 T
b1000 8
#36860
0!
0'
#36865
1!
1'
b1000001 T
b1001 8
#36870
0!
0'
#36875
1!
1'
b1000010 T
b1010 8
#36880
0!
0'
#36885
1!
1'
b1000011 T
b1011 8
15
b0 8
1F
#36890
0!
0'
#36895
1!
1'
b1000100 T
b1 8
05
0F
#36900
0!
0'
#36905
1!
1'
b1000101 T
b10 8
#36910
0!
0'
#36915
1!
1'
b1000110 T
b11 8
#36920
0!
0'
#36925
1!
1'
b1000111 T
b100 8
#36930
0!
0'
#36935
1!
1'
b1001000 T
b101 8
#36940
0!
0'
#36945
1!
1'
b1001001 T
b110 8
#36950
0!
0'
#36955
1!
1'
b1001010 T
b111 8
#36960
0!
0'
#36965
1!
1'
b1001011 T
b1000 8
#36970
0!
0'
#36975
1!
1'
b1001100 T
b1001 8
#36980
0!
0'
#36985
1!
1'
b1001101 T
b1010 8
#36990
0!
0'
#36995
1!
1'
b1001110 T
b1011 8
15
b0 8
1F
#37000
0!
0'
#37005
1!
1'
b1001111 T
b1 8
05
0F
#37010
0!
0'
#37015
1!
1'
b1010000 T
b10 8
#37020
0!
0'
#37025
1!
1'
b1010001 T
b11 8
#37030
0!
0'
#37035
1!
1'
b1010010 T
b100 8
#37040
0!
0'
#37045
1!
1'
b1010011 T
b101 8
#37050
0!
0'
#37055
1!
1'
b1010100 T
b110 8
#37060
0!
0'
#37065
1!
1'
b1010101 T
b111 8
#37070
0!
0'
#37075
1!
1'
b1010110 T
b1000 8
#37080
0!
0'
#37085
1!
1'
b1010111 T
b1001 8
#37090
0!
0'
#37095
1!
1'
b1011000 T
b1010 8
#37100
0!
0'
#37105
1!
1'
b1011001 T
b1011 8
15
b0 8
1F
#37110
0!
0'
#37115
1!
1'
b1011010 T
b1 8
05
0F
#37120
0!
0'
#37125
1!
1'
b1011011 T
b10 8
#37130
0!
0'
#37135
1!
1'
b1011100 T
b11 8
#37140
0!
0'
#37145
1!
1'
b1011101 T
b100 8
#37150
0!
0'
#37155
1!
1'
b1011110 T
b101 8
#37160
0!
0'
#37165
1!
1'
b1011111 T
b110 8
#37170
0!
0'
#37175
1!
1'
b1100000 T
b111 8
#37180
0!
0'
#37185
1!
1'
b1100001 T
b1000 8
#37190
0!
0'
#37195
1!
1'
b1100010 T
b1001 8
#37200
0!
0'
#37205
1!
1'
b1100011 T
b1010 8
#37210
0!
0'
#37215
1!
1'
b1100100 T
b1011 8
15
b0 8
1F
#37220
0!
0'
#37225
1!
1'
b1100101 T
b1 8
05
0F
#37230
0!
0'
#37235
1!
1'
b1100110 T
b10 8
#37240
0!
0'
#37245
1!
1'
b1100111 T
b11 8
#37250
0!
0'
#37255
1!
1'
b1101000 T
b100 8
#37260
0!
0'
#37265
1!
1'
b1101001 T
b101 8
#37270
0!
0'
#37275
1!
1'
b1101010 T
b110 8
#37280
0!
0'
#37285
1!
1'
b1101011 T
b111 8
#37290
0!
0'
#37295
1!
1'
b1101100 T
b1000 8
#37300
0!
0'
#37305
1!
1'
b1101101 T
b1001 8
#37310
0!
0'
#37315
1!
1'
b1101110 T
b1010 8
#37320
0!
0'
#37325
1!
1'
b1101111 T
b1011 8
15
b0 8
1F
#37330
0!
0'
#37335
1!
1'
b1110000 T
b1 8
05
0F
#37340
0!
0'
#37345
1!
1'
b1110001 T
b10 8
#37350
0!
0'
#37355
1!
1'
b1110010 T
b11 8
#37360
0!
0'
#37365
1!
1'
b1110011 T
b100 8
#37370
0!
0'
#37375
1!
1'
b1110100 T
b101 8
#37380
0!
0'
#37385
1!
1'
b1110101 T
b110 8
#37390
0!
0'
#37395
1!
1'
b1110110 T
b111 8
#37400
0!
0'
#37405
1!
1'
b1110111 T
b1000 8
#37410
0!
0'
#37415
1!
1'
b1111000 T
b1001 8
#37420
0!
0'
#37425
1!
1'
b1111001 T
b1010 8
#37430
0!
0'
#37435
1!
1'
b1111010 T
b1011 8
15
b0 8
1F
#37440
0!
0'
#37445
1!
1'
b1111011 T
b1 8
05
0F
#37450
0!
0'
#37455
1!
1'
b1111100 T
b10 8
#37460
0!
0'
#37465
1!
1'
b1111101 T
b11 8
#37470
0!
0'
#37475
1!
1'
b1111110 T
b100 8
#37480
0!
0'
#37485
1!
1'
b1111111 T
b101 8
#37490
0!
0'
#37495
1!
1'
b10000000 T
b110 8
#37500
0!
0'
#37505
1!
1'
b10000001 T
b111 8
#37510
0!
0'
#37515
1!
1'
b10000010 T
b1000 8
#37520
0!
0'
#37525
1!
1'
b10000011 T
b1001 8
#37530
0!
0'
#37535
1!
1'
b10000100 T
b1010 8
#37540
0!
0'
#37545
1!
1'
b10000101 T
b1011 8
15
b0 8
1F
#37550
0!
0'
#37555
1!
1'
b10000110 T
b1 8
05
0F
#37560
0!
0'
#37565
1!
1'
b10000111 T
b10 8
#37570
0!
0'
#37575
1!
1'
b10001000 T
b11 8
#37580
0!
0'
#37585
1!
1'
b10001001 T
b100 8
#37590
0!
0'
#37595
1!
1'
b10001010 T
b101 8
#37600
0!
0'
#37605
1!
1'
b10001011 T
b110 8
#37610
0!
0'
#37615
1!
1'
b10001100 T
b111 8
#37620
0!
0'
#37625
1!
1'
b10001101 T
b1000 8
#37630
0!
0'
#37635
1!
1'
b10001110 T
b1001 8
#37640
0!
0'
#37645
1!
1'
b10001111 T
b1010 8
#37650
0!
0'
#37655
1!
1'
b10010000 T
b1011 8
15
b0 8
1F
#37660
0!
0'
#37665
1!
1'
b10010001 T
b1 8
05
0F
#37670
0!
0'
#37675
1!
1'
b10010010 T
b10 8
#37680
0!
0'
#37685
1!
1'
b10010011 T
b11 8
#37690
0!
0'
#37695
1!
1'
b10010100 T
b100 8
#37700
0!
0'
#37705
1!
1'
b10010101 T
b101 8
#37710
0!
0'
#37715
1!
1'
b10010110 T
b110 8
#37720
0!
0'
#37725
1!
1'
b10010111 T
b111 8
#37730
0!
0'
#37735
1!
1'
b10011000 T
b1000 8
#37740
0!
0'
#37745
1!
1'
b10011001 T
b1001 8
#37750
0!
0'
#37755
1!
1'
b10011010 T
b1010 8
#37760
0!
0'
#37765
1!
1'
b10011011 T
b1011 8
15
b0 8
1F
#37770
0!
0'
#37775
1!
1'
b10011100 T
b1 8
05
0F
#37780
0!
0'
#37785
1!
1'
b10011101 T
b10 8
#37790
0!
0'
#37795
1!
1'
b10011110 T
b11 8
#37800
0!
0'
#37805
1!
1'
b10011111 T
b100 8
#37810
0!
0'
#37815
1!
1'
b10100000 T
b101 8
#37820
0!
0'
#37825
1!
1'
b10100001 T
b110 8
#37830
0!
0'
#37835
1!
1'
b10100010 T
b111 8
#37840
0!
0'
#37845
1!
1'
b10100011 T
b1000 8
#37850
0!
0'
#37855
1!
1'
b10100100 T
b1001 8
#37860
0!
0'
#37865
1!
1'
b10100101 T
b1010 8
#37870
0!
0'
#37875
1!
1'
b10100110 T
b1011 8
15
b0 8
1F
#37880
0!
0'
#37885
1!
1'
b10100111 T
b1 8
05
0F
#37890
0!
0'
#37895
1!
1'
b10101000 T
b10 8
#37900
0!
0'
#37905
1!
1'
b10101001 T
b11 8
#37910
0!
0'
#37915
1!
1'
b10101010 T
b100 8
#37920
0!
0'
#37925
1!
1'
b10101011 T
b101 8
#37930
0!
0'
#37935
1!
1'
b10101100 T
b110 8
#37940
0!
0'
#37945
1!
1'
b10101101 T
b111 8
#37950
0!
0'
#37955
1!
1'
b10101110 T
b1000 8
#37960
0!
0'
#37965
1!
1'
b10101111 T
b1001 8
#37970
0!
0'
#37975
1!
1'
b10110000 T
b1010 8
#37980
0!
0'
#37985
1!
1'
b10110001 T
b1011 8
15
b0 8
1F
#37990
0!
0'
#37995
1!
1'
b10110010 T
b1 8
05
0F
#38000
0!
0'
#38005
1!
1'
b10110011 T
b10 8
#38010
0!
0'
#38015
1!
1'
b10110100 T
b11 8
#38020
0!
0'
#38025
1!
1'
b10110101 T
b100 8
#38030
0!
0'
#38035
1!
1'
b10110110 T
b101 8
#38040
0!
0'
#38045
1!
1'
b10110111 T
b110 8
#38050
0!
0'
#38055
1!
1'
b10111000 T
b111 8
#38060
0!
0'
#38065
1!
1'
b10111001 T
b1000 8
#38070
0!
0'
#38075
1!
1'
b10111010 T
b1001 8
#38080
0!
0'
#38085
1!
1'
b10111011 T
b1010 8
#38090
0!
0'
#38095
1!
1'
b10111100 T
b1011 8
15
b0 8
1F
#38100
0!
0'
#38105
1!
1'
b10111101 T
b1 8
05
0F
#38110
0!
0'
#38115
1!
1'
b10111110 T
b10 8
#38120
0!
0'
#38125
1!
1'
b10111111 T
b11 8
#38130
0!
0'
#38135
1!
1'
b11000000 T
b100 8
#38140
0!
0'
#38145
1!
1'
b11000001 T
b101 8
#38150
0!
0'
#38155
1!
1'
b11000010 T
b110 8
#38160
0!
0'
#38165
1!
1'
b11000011 T
b111 8
#38170
0!
0'
#38175
1!
1'
b11000100 T
b1000 8
#38180
0!
0'
#38185
1!
1'
b11000101 T
b1001 8
#38190
0!
0'
#38195
1!
1'
b11000110 T
b1010 8
#38200
0!
0'
#38205
1!
1'
b11000111 T
b1011 8
15
b0 8
1F
#38210
0!
0'
#38215
1!
1'
b11001000 T
b1 8
05
0F
#38220
0!
0'
#38225
1!
1'
b11001001 T
b10 8
#38230
0!
0'
#38235
1!
1'
b11001010 T
b11 8
#38240
0!
0'
#38245
1!
1'
b11001011 T
b100 8
#38250
0!
0'
#38255
1!
1'
b11001100 T
b101 8
#38260
0!
0'
#38265
1!
1'
b11001101 T
b110 8
#38270
0!
0'
#38275
1!
1'
b11001110 T
b111 8
#38280
0!
0'
#38285
1!
1'
b11001111 T
b1000 8
#38290
0!
0'
#38295
1!
1'
b11010000 T
b1001 8
#38300
0!
0'
#38305
1!
1'
b11010001 T
b1010 8
#38310
0!
0'
#38315
1!
1'
b11010010 T
b1011 8
15
b0 8
1F
#38320
0!
0'
#38325
1!
1'
b11010011 T
b1 8
05
0F
#38330
0!
0'
#38335
1!
1'
b11010100 T
b10 8
#38340
0!
0'
#38345
1!
1'
b11010101 T
b11 8
#38350
0!
0'
#38355
1!
1'
b11010110 T
b100 8
#38360
0!
0'
#38365
1!
1'
b11010111 T
b101 8
#38370
0!
0'
#38375
1!
1'
b11011000 T
b110 8
#38380
0!
0'
#38385
1!
1'
b11011001 T
b111 8
#38390
0!
0'
#38395
1!
1'
b11011010 T
b1000 8
#38400
0!
0'
#38405
1!
1'
b11011011 T
b1001 8
#38410
0!
0'
#38415
1!
1'
b11011100 T
b1010 8
#38420
0!
0'
#38425
1!
1'
b11011101 T
b1011 8
15
b0 8
1F
#38430
0!
0'
#38435
1!
1'
b11011110 T
b1 8
05
0F
#38440
0!
0'
#38445
1!
1'
b11011111 T
b10 8
#38450
0!
0'
#38455
1!
1'
b11100000 T
b11 8
#38460
0!
0'
#38465
1!
1'
b11100001 T
b100 8
#38470
0!
0'
#38475
1!
1'
b11100010 T
b101 8
#38480
0!
0'
#38485
1!
1'
b11100011 T
b110 8
#38490
0!
0'
#38495
1!
1'
b11100100 T
b111 8
#38500
0!
0'
#38505
1!
1'
b11100101 T
b1000 8
#38510
0!
0'
#38515
1!
1'
b11100110 T
b1001 8
#38520
0!
0'
#38525
1!
1'
b11100111 T
b1010 8
#38530
0!
0'
#38535
1!
1'
b11101000 T
b1011 8
15
b0 8
1F
#38540
0!
0'
#38545
1!
1'
b11101001 T
b1 8
05
0F
#38550
0!
0'
#38555
1!
1'
b11101010 T
b10 8
#38560
0!
0'
#38565
1!
1'
b11101011 T
b11 8
#38570
0!
0'
#38575
1!
1'
b11101100 T
b100 8
#38580
0!
0'
#38585
1!
1'
b11101101 T
b101 8
#38590
0!
0'
#38595
1!
1'
b11101110 T
b110 8
#38600
0!
0'
#38605
1!
1'
b11101111 T
b111 8
#38610
0!
0'
#38615
1!
1'
b11110000 T
b1000 8
#38620
0!
0'
#38625
1!
1'
b11110001 T
b1001 8
#38630
0!
0'
#38635
1!
1'
b11110010 T
b1010 8
#38640
0!
0'
#38645
1!
1'
b11110011 T
b1011 8
15
b0 8
1F
#38650
0!
0'
#38655
1!
1'
b11110100 T
b1 8
05
0F
#38660
0!
0'
#38665
1!
1'
b11110101 T
b10 8
#38670
0!
0'
#38675
1!
1'
b11110110 T
b11 8
#38680
0!
0'
#38685
1!
1'
b11110111 T
b100 8
#38690
0!
0'
#38695
1!
1'
b11111000 T
b101 8
#38700
0!
0'
#38705
1!
1'
b11111001 T
b110 8
#38710
0!
0'
#38715
1!
1'
b11111010 T
b111 8
#38720
0!
0'
#38725
1!
1'
b11111011 T
b1000 8
#38730
0!
0'
#38735
1!
1'
b11111100 T
b1001 8
#38740
0!
0'
#38745
1!
1'
b11111101 T
b1010 8
#38750
0!
0'
#38755
1!
1'
b11111110 T
b1011 8
15
b0 8
1F
#38760
0!
0'
#38765
1!
1'
b11111111 T
b1 8
05
0F
#38770
0!
0'
#38775
1!
1'
b100000000 T
b10 8
#38780
0!
0'
#38785
1!
1'
b100000001 T
b11 8
#38790
0!
0'
#38795
1!
1'
b100000010 T
b100 8
#38800
0!
0'
#38805
1!
1'
b100000011 T
b101 8
#38810
0!
0'
#38815
1!
1'
b100000100 T
b110 8
#38820
0!
0'
#38825
1!
1'
b100000101 T
b111 8
#38830
0!
0'
#38835
1!
1'
b100000110 T
b1000 8
#38840
0!
0'
#38845
1!
1'
b100000111 T
b1001 8
#38850
0!
0'
#38855
1!
1'
b100001000 T
b1010 8
#38860
0!
0'
#38865
1!
1'
b100001001 T
b1011 8
15
b0 8
1F
#38870
0!
0'
#38875
1!
1'
b100001010 T
b1 8
05
0F
#38880
0!
0'
#38885
1!
1'
b100001011 T
b10 8
#38890
0!
0'
#38895
1!
1'
b100001100 T
b11 8
#38900
0!
0'
#38905
1!
1'
b100001101 T
b100 8
#38910
0!
0'
#38915
1!
1'
b100001110 T
b101 8
#38920
0!
0'
#38925
1!
1'
b100001111 T
b110 8
#38930
0!
0'
#38935
1!
1'
b100010000 T
b111 8
#38940
0!
0'
#38945
1!
1'
b100010001 T
b1000 8
#38950
0!
0'
#38955
1!
1'
b100010010 T
b1001 8
#38960
0!
0'
#38965
1!
1'
b100010011 T
b1010 8
#38970
0!
0'
#38975
1!
1'
b100010100 T
b1011 8
15
b0 8
1F
#38980
0!
0'
#38985
1!
1'
b100010101 T
b1 8
05
0F
#38990
0!
0'
#38995
1!
1'
b100010110 T
b10 8
#39000
0!
0'
#39005
1!
1'
b100010111 T
b11 8
#39010
0!
0'
#39015
1!
1'
b100011000 T
b100 8
#39020
0!
0'
#39025
1!
1'
b100011001 T
b101 8
#39030
0!
0'
#39035
1!
1'
b100011010 T
b110 8
#39040
0!
0'
#39045
1!
1'
b100011011 T
b111 8
#39050
0!
0'
#39055
1!
1'
b100011100 T
b1000 8
#39060
0!
0'
#39065
1!
1'
b100011101 T
b1001 8
#39070
0!
0'
#39075
1!
1'
b100011110 T
b1010 8
#39080
0!
0'
#39085
1!
1'
b100011111 T
b1011 8
15
b0 8
1F
#39090
0!
0'
#39095
1!
1'
b100100000 T
b1 8
05
0F
#39100
0!
0'
#39105
1!
1'
b100100001 T
b10 8
#39110
0!
0'
#39115
1!
1'
b100100010 T
b11 8
#39120
0!
0'
#39125
1!
1'
b100100011 T
b100 8
#39130
0!
0'
#39135
1!
1'
b100100100 T
b101 8
#39140
0!
0'
#39145
1!
1'
b100100101 T
b110 8
#39150
0!
0'
#39155
1!
1'
b100100110 T
b111 8
#39160
0!
0'
#39165
1!
1'
b100100111 T
b1000 8
#39170
0!
0'
#39175
1!
1'
b100101000 T
b1001 8
#39180
0!
0'
#39185
1!
1'
b100101001 T
b1010 8
#39190
0!
0'
#39195
1!
1'
b100101010 T
b1011 8
15
b0 8
1F
#39200
0!
0'
#39205
1!
1'
b100101011 T
b1 8
05
0F
#39210
0!
0'
#39215
1!
1'
b100101100 T
b10 8
#39220
0!
0'
#39225
1!
1'
b100101101 T
b11 8
#39230
0!
0'
#39235
1!
1'
b100101110 T
b100 8
#39240
0!
0'
#39245
1!
1'
b100101111 T
b101 8
#39250
0!
0'
#39255
1!
1'
b100110000 T
b110 8
#39260
0!
0'
#39265
1!
1'
b100110001 T
b111 8
#39270
0!
0'
#39275
1!
1'
b100110010 T
b1000 8
#39280
0!
0'
#39285
1!
1'
b100110011 T
b1001 8
#39290
0!
0'
#39295
1!
1'
b100110100 T
b1010 8
#39300
0!
0'
#39305
1!
1'
b100110101 T
b1011 8
15
b0 8
1F
#39310
0!
0'
#39315
1!
1'
b100110110 T
b1 8
05
0F
#39320
0!
0'
#39325
1!
1'
b100110111 T
b10 8
#39330
0!
0'
#39335
1!
1'
b100111000 T
b11 8
#39340
0!
0'
#39345
1!
1'
b100111001 T
b100 8
#39350
0!
0'
#39355
1!
1'
b100111010 T
b101 8
#39360
0!
0'
#39365
1!
1'
b100111011 T
b110 8
#39370
0!
0'
#39375
1!
1'
b100111100 T
b111 8
#39380
0!
0'
#39385
1!
1'
b100111101 T
b1000 8
#39390
0!
0'
#39395
1!
1'
b100111110 T
b1001 8
#39400
0!
0'
#39405
1!
1'
b100111111 T
b1010 8
#39410
0!
0'
#39415
1!
1'
b101000000 T
b1011 8
15
b0 8
1F
#39420
0!
0'
#39425
1!
1'
b101000001 T
b1 8
05
0F
#39430
0!
0'
#39435
1!
1'
b101000010 T
b10 8
#39440
0!
0'
#39445
1!
1'
b101000011 T
b11 8
#39450
0!
0'
#39455
1!
1'
b101000100 T
b100 8
#39460
0!
0'
#39465
1!
1'
b101000101 T
b101 8
#39470
0!
0'
#39475
1!
1'
b101000110 T
b110 8
#39480
0!
0'
#39485
1!
1'
b101000111 T
b111 8
#39490
0!
0'
#39495
1!
1'
b101001000 T
b1000 8
#39500
0!
0'
#39505
1!
1'
b101001001 T
b1001 8
#39510
0!
0'
#39515
1!
1'
b101001010 T
b1010 8
#39520
0!
0'
#39525
1!
1'
b101001011 T
b1011 8
15
b0 8
1F
#39530
0!
0'
#39535
1!
1'
b101001100 T
b1 8
05
0F
#39540
0!
0'
#39545
1!
1'
b101001101 T
b10 8
#39550
0!
0'
#39555
1!
1'
b101001110 T
b11 8
#39560
0!
0'
#39565
1!
1'
b101001111 T
b100 8
#39570
0!
0'
#39575
1!
1'
b101010000 T
b101 8
#39580
0!
0'
#39585
1!
1'
b101010001 T
b110 8
#39590
0!
0'
#39595
1!
1'
b101010010 T
b111 8
#39600
0!
0'
#39605
1!
1'
b101010011 T
b1000 8
#39610
0!
0'
#39615
1!
1'
b101010100 T
b1001 8
#39620
0!
0'
#39625
1!
1'
b101010101 T
b1010 8
#39630
0!
0'
#39635
1!
1'
b101010110 T
b1011 8
15
b0 8
1F
#39640
0!
0'
#39645
1!
1'
b101010111 T
b1 8
05
0F
#39650
0!
0'
#39655
1!
1'
b101011000 T
b10 8
#39660
0!
0'
#39665
1!
1'
b101011001 T
b11 8
#39670
0!
0'
#39675
1!
1'
b101011010 T
b100 8
#39680
0!
0'
#39685
1!
1'
b101011011 T
b101 8
#39690
0!
0'
#39695
1!
1'
b101011100 T
b110 8
#39700
0!
0'
#39705
1!
1'
b101011101 T
b111 8
#39710
0!
0'
#39715
1!
1'
b101011110 T
b1000 8
#39720
0!
0'
#39725
1!
1'
b101011111 T
b1001 8
#39730
0!
0'
#39735
1!
1'
b101100000 T
b1010 8
#39740
0!
0'
#39745
1!
1'
b101100001 T
b1011 8
15
b0 8
1F
#39750
0!
0'
#39755
1!
1'
b101100010 T
b1 8
05
0F
#39760
0!
0'
#39765
1!
1'
b101100011 T
b10 8
#39770
0!
0'
#39775
1!
1'
b101100100 T
b11 8
#39780
0!
0'
#39785
1!
1'
b101100101 T
b100 8
#39790
0!
0'
#39795
1!
1'
b101100110 T
b101 8
#39800
0!
0'
#39805
1!
1'
b101100111 T
b110 8
#39810
0!
0'
#39815
1!
1'
b101101000 T
b111 8
#39820
0!
0'
#39825
1!
1'
b101101001 T
b1000 8
#39830
0!
0'
#39835
1!
1'
b101101010 T
b1001 8
#39840
0!
0'
#39845
1!
1'
b101101011 T
b1010 8
#39850
0!
0'
#39855
1!
1'
b101101100 T
b1011 8
15
b0 8
1F
#39860
0!
0'
#39865
1!
1'
b101101101 T
b1 8
05
0F
#39870
0!
0'
#39875
1!
1'
b101101110 T
b10 8
#39880
0!
0'
#39885
1!
1'
b101101111 T
b11 8
#39890
0!
0'
#39895
1!
1'
b101110000 T
b100 8
#39900
0!
0'
#39905
1!
1'
b101110001 T
b101 8
#39910
0!
0'
#39915
1!
1'
b101110010 T
b110 8
#39920
0!
0'
#39925
1!
1'
b101110011 T
b111 8
#39930
0!
0'
#39935
1!
1'
b101110100 T
b1000 8
#39940
0!
0'
#39945
1!
1'
b101110101 T
b1001 8
#39950
0!
0'
#39955
1!
1'
b101110110 T
b1010 8
#39960
0!
0'
#39965
1!
1'
b101110111 T
b1011 8
15
b0 8
1F
#39970
0!
0'
#39975
1!
1'
b101111000 T
b1 8
05
0F
#39980
0!
0'
#39985
1!
1'
b101111001 T
b10 8
#39990
0!
0'
#39995
1!
1'
b101111010 T
b11 8
#40000
0!
0'
#40005
1!
1'
b101111011 T
b100 8
#40010
0!
0'
#40015
1!
1'
b101111100 T
b101 8
#40020
0!
0'
#40025
1!
1'
b101111101 T
b110 8
#40030
0!
0'
#40035
1!
1'
b101111110 T
b111 8
#40040
0!
0'
#40045
1!
1'
b101111111 T
b1000 8
#40050
0!
0'
#40055
1!
1'
b110000000 T
b1001 8
#40060
0!
0'
#40065
1!
1'
b110000001 T
b1010 8
#40070
0!
0'
#40075
1!
1'
b110000010 T
b1011 8
15
b0 8
1F
#40080
0!
0'
#40085
1!
1'
b110000011 T
b1 8
05
0F
#40090
0!
0'
#40095
1!
1'
b110000100 T
b10 8
#40100
0!
0'
#40105
1!
1'
b110000101 T
b11 8
#40110
0!
0'
#40115
1!
1'
b110000110 T
b100 8
#40120
0!
0'
#40125
1!
1'
b110000111 T
b101 8
#40130
0!
0'
#40135
1!
1'
b110001000 T
b110 8
#40140
0!
0'
#40145
1!
1'
b110001001 T
b111 8
#40150
0!
0'
#40155
1!
1'
b110001010 T
b1000 8
#40160
0!
0'
#40165
1!
1'
b110001011 T
b1001 8
#40170
0!
0'
#40175
1!
1'
b110001100 T
b1010 8
#40180
0!
0'
#40185
1!
1'
b110001101 T
b1011 8
15
b0 8
1F
#40190
0!
0'
#40195
1!
1'
b110001110 T
b1 8
05
0F
#40200
0!
0'
#40205
1!
1'
b110001111 T
b10 8
#40210
0!
0'
#40215
1!
1'
b110010000 T
b11 8
#40220
0!
0'
#40225
1!
1'
b110010001 T
b100 8
#40230
0!
0'
#40235
1!
1'
b110010010 T
b101 8
#40240
0!
0'
#40245
1!
1'
b110010011 T
b110 8
#40250
0!
0'
#40255
1!
1'
b110010100 T
b111 8
#40260
0!
0'
#40265
1!
1'
b110010101 T
b1000 8
#40270
0!
0'
#40275
1!
1'
b110010110 T
b1001 8
#40280
0!
0'
#40285
1!
1'
b110010111 T
b1010 8
#40290
0!
0'
#40295
1!
1'
b110011000 T
b1011 8
15
b0 8
1F
#40300
0!
0'
#40305
1!
1'
b110011001 T
b1 8
05
0F
#40310
0!
0'
#40315
1!
1'
b110011010 T
b10 8
#40320
0!
0'
#40325
1!
1'
b110011011 T
b11 8
#40330
0!
0'
#40335
1!
1'
b110011100 T
b100 8
#40340
0!
0'
#40345
1!
1'
b110011101 T
b101 8
#40350
0!
0'
#40355
1!
1'
b110011110 T
b110 8
#40360
0!
0'
#40365
1!
1'
b110011111 T
b111 8
#40370
0!
0'
#40375
1!
1'
b110100000 T
b1000 8
#40380
0!
0'
#40385
1!
1'
b110100001 T
b1001 8
#40390
0!
0'
#40395
1!
1'
b110100010 T
b1010 8
#40400
0!
0'
#40405
1!
1'
b110100011 T
b1011 8
15
b0 8
1F
#40410
0!
0'
#40415
1!
1'
b110100100 T
b1 8
05
0F
#40420
0!
0'
#40425
1!
1'
b110100101 T
b10 8
#40430
0!
0'
#40435
1!
1'
b110100110 T
b11 8
#40440
0!
0'
#40445
1!
1'
b110100111 T
b100 8
#40450
0!
0'
#40455
1!
1'
b110101000 T
b101 8
#40460
0!
0'
#40465
1!
1'
b110101001 T
b110 8
#40470
0!
0'
#40475
1!
1'
b110101010 T
b111 8
#40480
0!
0'
#40485
1!
1'
b110101011 T
b1000 8
#40490
0!
0'
#40495
1!
1'
b110101100 T
b1001 8
#40500
0!
0'
#40505
1!
1'
b110101101 T
b1010 8
#40510
0!
0'
#40515
1!
1'
b110101110 T
b1011 8
15
b0 8
1F
#40520
0!
0'
#40525
1!
1'
b110101111 T
b1 8
05
0F
#40530
0!
0'
#40535
1!
1'
b110110000 T
b10 8
#40540
0!
0'
#40545
1!
1'
b110110001 T
b11 8
#40550
0!
0'
#40555
1!
1'
b110110010 T
b100 8
#40560
0!
0'
#40565
1!
1'
b110110011 T
b101 8
#40570
0!
0'
#40575
1!
1'
b110110100 T
b110 8
#40580
0!
0'
#40585
1!
1'
b110110101 T
b111 8
#40590
0!
0'
#40595
1!
1'
b110110110 T
b1000 8
#40600
0!
0'
#40605
1!
1'
b110110111 T
b1001 8
#40610
0!
0'
#40615
1!
1'
b110111000 T
b1010 8
#40620
0!
0'
#40625
1!
1'
b110111001 T
b1011 8
15
b0 8
1F
#40630
0!
0'
#40635
1!
1'
b110111010 T
b1 8
05
0F
#40640
0!
0'
#40645
1!
1'
b110111011 T
b10 8
#40650
0!
0'
#40655
1!
1'
b110111100 T
b11 8
#40660
0!
0'
#40665
1!
1'
b110111101 T
b100 8
#40670
0!
0'
#40675
1!
1'
b110111110 T
b101 8
#40680
0!
0'
#40685
1!
1'
b110111111 T
b110 8
#40690
0!
0'
#40695
1!
1'
b111000000 T
b111 8
#40700
0!
0'
#40705
1!
1'
b111000001 T
b1000 8
#40710
0!
0'
#40715
1!
1'
b111000010 T
b1001 8
#40720
0!
0'
#40725
1!
1'
b111000011 T
b1010 8
#40730
0!
0'
#40735
1!
1'
b111000100 T
b1011 8
15
b0 8
1F
#40740
0!
0'
#40745
1!
1'
b111000101 T
b1 8
05
0F
#40750
0!
0'
#40755
1!
1'
b111000110 T
b10 8
#40760
0!
0'
#40765
1!
1'
b111000111 T
b11 8
#40770
0!
0'
#40775
1!
1'
b111001000 T
b100 8
#40780
0!
0'
#40785
1!
1'
b111001001 T
b101 8
#40790
0!
0'
#40795
1!
1'
b111001010 T
b110 8
#40800
0!
0'
#40805
1!
1'
b111001011 T
b111 8
#40810
0!
0'
#40815
1!
1'
b111001100 T
b1000 8
#40820
0!
0'
#40825
1!
1'
b111001101 T
b1001 8
#40830
0!
0'
#40835
1!
1'
b111001110 T
b1010 8
#40840
0!
0'
#40845
1!
1'
b111001111 T
b1011 8
15
b0 8
1F
#40850
0!
0'
#40855
1!
1'
b111010000 T
b1 8
05
0F
#40860
0!
0'
#40865
1!
1'
b111010001 T
b10 8
#40870
0!
0'
#40875
1!
1'
b111010010 T
b11 8
#40880
0!
0'
#40885
1!
1'
b111010011 T
b100 8
#40890
0!
0'
#40895
1!
1'
b111010100 T
b101 8
#40900
0!
0'
#40905
1!
1'
b111010101 T
b110 8
#40910
0!
0'
#40915
1!
1'
b111010110 T
b111 8
#40920
0!
0'
#40925
1!
1'
b111010111 T
b1000 8
#40930
0!
0'
#40935
1!
1'
b111011000 T
b1001 8
#40940
0!
0'
#40945
1!
1'
b111011001 T
b1010 8
#40950
0!
0'
#40955
1!
1'
b111011010 T
b1011 8
15
b0 8
1F
#40960
0!
0'
#40965
1!
1'
b111011011 T
b1 8
05
0F
#40970
0!
0'
#40975
1!
1'
b111011100 T
b10 8
#40980
0!
0'
#40985
1!
1'
b111011101 T
b11 8
#40990
0!
0'
#40995
1!
1'
b111011110 T
b100 8
#41000
0!
0'
#41005
1!
1'
b111011111 T
b101 8
#41010
0!
0'
#41015
1!
1'
b111100000 T
b110 8
#41020
0!
0'
#41025
1!
1'
b111100001 T
b111 8
#41030
0!
0'
#41035
1!
1'
b111100010 T
b1000 8
#41040
0!
0'
#41045
1!
1'
b111100011 T
b1001 8
#41050
0!
0'
#41055
1!
1'
b111100100 T
b1010 8
#41060
0!
0'
#41065
1!
1'
b111100101 T
b1011 8
15
b0 8
1F
#41070
0!
0'
#41075
1!
1'
b111100110 T
b1 8
05
0F
#41080
0!
0'
#41085
1!
1'
b111100111 T
b10 8
#41090
0!
0'
#41095
1!
1'
b111101000 T
b11 8
#41100
0!
0'
#41105
1!
1'
b111101001 T
b100 8
#41110
0!
0'
#41115
1!
1'
b111101010 T
b101 8
#41120
0!
0'
#41125
1!
1'
b111101011 T
b110 8
#41130
0!
0'
#41135
1!
1'
b111101100 T
b111 8
#41140
0!
0'
#41145
1!
1'
b111101101 T
b1000 8
#41150
0!
0'
#41155
1!
1'
b111101110 T
b1001 8
#41160
0!
0'
#41165
1!
1'
b111101111 T
b1010 8
#41170
0!
0'
#41175
1!
1'
b111110000 T
b1011 8
15
b0 8
1F
#41180
0!
0'
#41185
1!
1'
b111110001 T
b1 8
05
0F
#41190
0!
0'
#41195
1!
1'
b111110010 T
b10 8
#41200
0!
0'
#41205
1!
1'
b111110011 T
b11 8
#41210
0!
0'
#41215
1!
1'
b111110100 T
b100 8
#41220
0!
0'
#41225
1!
1'
b111110101 T
b101 8
#41230
0!
0'
#41235
1!
1'
b111110110 T
b110 8
#41240
0!
0'
#41245
1!
1'
b111110111 T
b111 8
#41250
0!
0'
#41255
1!
1'
b111111000 T
b1000 8
#41260
0!
0'
#41265
1!
1'
b111111001 T
b1001 8
#41270
0!
0'
#41275
1!
1'
b111111010 T
b1010 8
#41280
0!
0'
#41285
1!
1'
b111111011 T
b1011 8
15
b0 8
1F
#41290
0!
0'
#41295
1!
1'
b111111100 T
b1 8
05
0F
#41300
0!
0'
#41305
1!
1'
b111111101 T
b10 8
#41310
0!
0'
#41315
1!
1'
b111111110 T
b11 8
#41320
0!
0'
#41325
1!
1'
b111111111 T
b100 8
#41330
0!
0'
#41335
1!
1'
b1000000000 T
b101 8
#41340
0!
0'
#41345
1!
1'
b1000000001 T
b110 8
#41350
0!
0'
#41355
1!
1'
b1000000010 T
b111 8
#41360
0!
0'
#41365
1!
1'
b1000000011 T
b1000 8
#41370
0!
0'
#41375
1!
1'
b1000000100 T
b1001 8
#41380
0!
0'
#41385
1!
1'
b1000000101 T
b1010 8
#41390
0!
0'
#41395
1!
1'
b1000000110 T
b1011 8
15
b0 8
1F
#41400
0!
0'
#41405
1!
1'
b1000000111 T
b1 8
05
0F
#41410
0!
0'
#41415
1!
1'
b1000001000 T
b10 8
#41420
0!
0'
#41425
1!
1'
b1000001001 T
b11 8
#41430
0!
0'
#41435
1!
1'
b1000001010 T
b100 8
#41440
0!
0'
#41445
1!
1'
b1000001011 T
b101 8
#41450
0!
0'
#41455
1!
1'
b1000001100 T
b110 8
#41460
0!
0'
#41465
1!
1'
b1000001101 T
b111 8
#41470
0!
0'
#41475
1!
1'
b1000001110 T
b1000 8
#41480
0!
0'
#41485
1!
1'
b1000001111 T
b1001 8
#41490
0!
0'
#41495
1!
1'
b1000010000 T
b1010 8
#41500
0!
0'
#41505
1!
1'
b1000010001 T
b1011 8
15
b0 8
1F
#41510
0!
0'
#41515
1!
1'
b1000010010 T
b1 8
05
0F
#41520
0!
0'
#41525
1!
1'
b1000010011 T
b10 8
#41530
0!
0'
#41535
1!
1'
b1000010100 T
b11 8
#41540
0!
0'
#41545
1!
1'
b1000010101 T
b100 8
#41550
0!
0'
#41555
1!
1'
b1000010110 T
b101 8
#41560
0!
0'
#41565
1!
1'
b1000010111 T
b110 8
#41570
0!
0'
#41575
1!
1'
b1000011000 T
b111 8
#41580
0!
0'
#41585
1!
1'
b1000011001 T
b1000 8
#41590
0!
0'
#41595
1!
1'
b1000011010 T
b1001 8
#41600
0!
0'
#41605
1!
1'
b1000011011 T
b1010 8
#41610
0!
0'
#41615
1!
1'
b1000011100 T
b1011 8
15
b0 8
1F
#41620
0!
0'
#41625
1!
1'
b1000011101 T
b1 8
05
0F
#41630
0!
0'
#41635
1!
1'
b1000011110 T
b10 8
#41640
0!
0'
#41645
1!
1'
b1000011111 T
b11 8
#41650
0!
0'
#41655
1!
1'
b1000100000 T
b100 8
#41660
0!
0'
#41665
1!
1'
b1000100001 T
b101 8
#41670
0!
0'
#41675
1!
1'
b1000100010 T
b110 8
#41680
0!
0'
#41685
1!
1'
b1000100011 T
b111 8
#41690
0!
0'
#41695
1!
1'
b1000100100 T
b1000 8
#41700
0!
0'
#41705
1!
1'
b1000100101 T
b1001 8
#41710
0!
0'
#41715
1!
1'
b1000100110 T
b1010 8
#41720
0!
0'
#41725
1!
1'
b1000100111 T
b1011 8
15
b0 8
1F
#41730
0!
0'
#41735
1!
1'
b1000101000 T
b1 8
05
0F
#41740
0!
0'
#41745
1!
1'
b1000101001 T
b10 8
#41750
0!
0'
#41755
1!
1'
b1000101010 T
b11 8
#41760
0!
0'
#41765
1!
1'
b1000101011 T
b100 8
#41770
0!
0'
#41775
1!
1'
b1000101100 T
b101 8
#41780
0!
0'
#41785
1!
1'
b1000101101 T
b110 8
#41790
0!
0'
#41795
1!
1'
b1000101110 T
b111 8
#41800
0!
0'
#41805
1!
1'
b1000101111 T
b1000 8
#41810
0!
0'
#41815
1!
1'
b1000110000 T
b1001 8
#41820
0!
0'
#41825
1!
1'
b1000110001 T
b1010 8
#41830
0!
0'
#41835
1!
1'
b1000110010 T
b1011 8
15
b0 8
1F
#41840
0!
0'
#41845
1!
1'
b1000110011 T
b1 8
05
0F
#41850
0!
0'
#41855
1!
1'
b1000110100 T
b10 8
#41860
0!
0'
#41865
1!
1'
b1000110101 T
b11 8
#41870
0!
0'
#41875
1!
1'
b1000110110 T
b100 8
#41880
0!
0'
#41885
1!
1'
b1000110111 T
b101 8
#41890
0!
0'
#41895
1!
1'
b1000111000 T
b110 8
#41900
0!
0'
#41905
1!
1'
b1000111001 T
b111 8
#41910
0!
0'
#41915
1!
1'
b1000111010 T
b1000 8
#41920
0!
0'
#41925
1!
1'
b1000111011 T
b1001 8
#41930
0!
0'
#41935
1!
1'
b1000111100 T
b1010 8
#41940
0!
0'
#41945
1!
1'
b1000111101 T
b1011 8
15
b0 8
1F
#41950
0!
0'
#41955
1!
1'
b1000111110 T
b1 8
05
0F
#41960
0!
0'
#41965
1!
1'
b1000111111 T
b10 8
#41970
0!
0'
#41975
1!
1'
b1001000000 T
b11 8
#41980
0!
0'
#41985
1!
1'
b1001000001 T
b100 8
#41990
0!
0'
#41995
1!
1'
b1001000010 T
b101 8
#42000
0!
0'
#42005
1!
1'
b1001000011 T
b110 8
#42010
0!
0'
#42015
1!
1'
b1001000100 T
b111 8
#42020
0!
0'
#42025
1!
1'
b1001000101 T
b1000 8
#42030
0!
0'
#42035
1!
1'
b1001000110 T
b1001 8
#42040
0!
0'
#42045
1!
1'
b1001000111 T
b1010 8
#42050
0!
0'
#42055
1!
1'
b1001001000 T
b1011 8
15
b0 8
1F
#42060
0!
0'
#42065
1!
1'
b1001001001 T
b1 8
05
0F
#42070
0!
0'
#42075
1!
1'
b1001001010 T
b10 8
#42080
0!
0'
#42085
1!
1'
b1001001011 T
b11 8
#42090
0!
0'
#42095
1!
1'
b1001001100 T
b100 8
#42100
0!
0'
#42105
1!
1'
b1001001101 T
b101 8
#42110
0!
0'
#42115
1!
1'
b1001001110 T
b110 8
#42120
0!
0'
#42125
1!
1'
b1001001111 T
b111 8
#42130
0!
0'
#42135
1!
1'
b1001010000 T
b1000 8
#42140
0!
0'
#42145
1!
1'
b1001010001 T
b1001 8
#42150
0!
0'
#42155
1!
1'
b1001010010 T
b1010 8
#42160
0!
0'
#42165
1!
1'
b1001010011 T
b1011 8
15
b0 8
1F
#42170
0!
0'
#42175
1!
1'
b1001010100 T
b1 8
05
0F
#42180
0!
0'
#42185
1!
1'
b1001010101 T
b10 8
#42190
0!
0'
#42195
1!
1'
b1001010110 T
b11 8
#42200
0!
0'
#42205
1!
1'
b1001010111 T
b100 8
#42210
0!
0'
#42215
1!
1'
b1001011000 T
b101 8
#42220
0!
0'
#42225
1!
1'
b1001011001 T
b110 8
#42230
0!
0'
#42235
1!
1'
b1001011010 T
b111 8
#42240
0!
0'
#42245
1!
1'
b1001011011 T
b1000 8
#42250
0!
0'
#42255
1!
1'
b1001011100 T
b1001 8
#42260
0!
0'
#42265
1!
1'
b1001011101 T
b1010 8
#42270
0!
0'
#42275
1!
1'
b1001011110 T
b1011 8
15
b0 8
1F
#42280
0!
0'
#42285
1!
1'
b1001011111 T
b1 8
05
0F
#42290
0!
0'
#42295
1!
1'
b1001100000 T
b10 8
#42300
0!
0'
#42305
1!
1'
b1001100001 T
b11 8
#42310
0!
0'
#42315
1!
1'
b1001100010 T
b100 8
#42320
0!
0'
#42325
1!
1'
b1001100011 T
b101 8
#42330
0!
0'
#42335
1!
1'
b1001100100 T
b110 8
#42340
0!
0'
#42345
1!
1'
b1001100101 T
b111 8
#42350
0!
0'
#42355
1!
1'
b1001100110 T
b1000 8
#42360
0!
0'
#42365
1!
1'
b1001100111 T
b1001 8
#42370
0!
0'
#42375
1!
1'
b1001101000 T
b1010 8
#42380
0!
0'
#42385
1!
1'
b1001101001 T
b1011 8
15
b0 8
1F
#42390
0!
0'
#42395
1!
1'
b1001101010 T
b1 8
05
0F
#42400
0!
0'
#42405
1!
1'
b1001101011 T
b10 8
#42410
0!
0'
#42415
1!
1'
b1001101100 T
b11 8
#42420
0!
0'
#42425
1!
1'
b1001101101 T
b100 8
#42430
0!
0'
#42435
1!
1'
b1001101110 T
b101 8
#42440
0!
0'
#42445
1!
1'
b1001101111 T
b110 8
#42450
0!
0'
#42455
1!
1'
b1001110000 T
b111 8
#42460
0!
0'
#42465
1!
1'
b1001110001 T
b1000 8
#42470
0!
0'
#42475
1!
1'
b1001110010 T
b1001 8
#42480
0!
0'
#42485
1!
1'
b1001110011 T
b1010 8
#42490
0!
0'
#42495
1!
1'
b1001110100 T
b1011 8
15
b0 8
1F
#42500
0!
0'
#42505
1!
1'
b1001110101 T
b1 8
05
0F
#42510
0!
0'
#42515
1!
1'
b1001110110 T
b10 8
#42520
0!
0'
#42525
1!
1'
b1001110111 T
b11 8
#42530
0!
0'
#42535
1!
1'
b1001111000 T
b100 8
#42540
0!
0'
#42545
1!
1'
b1001111001 T
b101 8
#42550
0!
0'
#42555
1!
1'
b1001111010 T
b110 8
#42560
0!
0'
#42565
1!
1'
b1001111011 T
b111 8
#42570
0!
0'
#42575
1!
1'
b1001111100 T
b1000 8
#42580
0!
0'
#42585
1!
1'
b1001111101 T
b1001 8
#42590
0!
0'
#42595
1!
1'
b1001111110 T
b1010 8
#42600
0!
0'
#42605
1!
1'
b1001111111 T
b1011 8
15
b0 8
1F
#42610
0!
0'
#42615
1!
1'
b1010000000 T
b1 8
05
0F
#42620
0!
0'
#42625
1!
1'
b1010000001 T
b10 8
#42630
0!
0'
#42635
1!
1'
b1010000010 T
b11 8
#42640
0!
0'
#42645
1!
1'
b1010000011 T
b100 8
#42650
0!
0'
#42655
1!
1'
b1010000100 T
b101 8
#42660
0!
0'
#42665
1!
1'
b1010000101 T
b110 8
#42670
0!
0'
#42675
1!
1'
b1010000110 T
b111 8
#42680
0!
0'
#42685
1!
1'
b1010000111 T
b1000 8
#42690
0!
0'
#42695
1!
1'
b1010001000 T
b1001 8
#42700
0!
0'
#42705
1!
1'
b1010001001 T
b1010 8
#42710
0!
0'
#42715
1!
1'
b1010001010 T
b1011 8
15
b0 8
1F
#42720
0!
0'
#42725
1!
1'
b1010001011 T
b1 8
05
0F
#42730
0!
0'
#42735
1!
1'
b1010001100 T
b10 8
#42740
0!
0'
#42745
1!
1'
b1010001101 T
b11 8
#42750
0!
0'
#42755
1!
1'
b1010001110 T
b100 8
#42760
0!
0'
#42765
1!
1'
b1010001111 T
b101 8
#42770
0!
0'
#42775
1!
1'
b1010010000 T
b110 8
#42780
0!
0'
#42785
1!
1'
b1010010001 T
b111 8
#42790
0!
0'
#42795
1!
1'
b1010010010 T
b1000 8
#42800
0!
0'
#42805
1!
1'
b1010010011 T
b1001 8
#42810
0!
0'
#42815
1!
1'
b1010010100 T
b1010 8
#42820
0!
0'
#42825
1!
1'
b1010010101 T
b1011 8
15
b0 8
1F
#42830
0!
0'
#42835
1!
1'
b1010010110 T
b1 8
05
0F
#42840
0!
0'
#42845
1!
1'
b1010010111 T
b10 8
#42850
0!
0'
#42855
1!
1'
b1010011000 T
b11 8
#42860
0!
0'
#42865
1!
1'
b1010011001 T
b100 8
#42870
0!
0'
#42875
1!
1'
b1010011010 T
b101 8
#42880
0!
0'
#42885
1!
1'
b1010011011 T
b110 8
#42890
0!
0'
#42895
1!
1'
b1010011100 T
b111 8
#42900
0!
0'
#42905
1!
1'
b1010011101 T
b1000 8
#42910
0!
0'
#42915
1!
1'
b1010011110 T
b1001 8
#42920
0!
0'
#42925
1!
1'
b1010011111 T
b1010 8
#42930
0!
0'
#42935
1!
1'
b1010100000 T
b1011 8
15
b0 8
1F
#42940
0!
0'
#42945
1!
1'
b1010100001 T
b1 8
05
0F
#42950
0!
0'
#42955
1!
1'
b1010100010 T
b10 8
#42960
0!
0'
#42965
1!
1'
b1010100011 T
b11 8
#42970
0!
0'
#42975
1!
1'
b1010100100 T
b100 8
#42980
0!
0'
#42985
1!
1'
b1010100101 T
b101 8
#42990
0!
0'
#42995
1!
1'
b1010100110 T
b110 8
#43000
0!
0'
#43005
1!
1'
b1010100111 T
b111 8
#43010
0!
0'
#43015
1!
1'
b1010101000 T
b1000 8
#43020
0!
0'
#43025
1!
1'
b1010101001 T
b1001 8
#43030
0!
0'
#43035
1!
1'
b1010101010 T
b1010 8
#43040
0!
0'
#43045
1!
1'
b1010101011 T
b1011 8
15
b0 8
1F
#43050
0!
0'
#43055
1!
1'
b1010101100 T
b1 8
05
0F
#43060
0!
0'
#43065
1!
1'
b1010101101 T
b10 8
#43070
0!
0'
#43075
1!
1'
b1010101110 T
b11 8
#43080
0!
0'
#43085
1!
1'
b1010101111 T
b100 8
#43090
0!
0'
#43095
1!
1'
b1010110000 T
b101 8
#43100
0!
0'
#43105
1!
1'
b1010110001 T
b110 8
#43110
0!
0'
#43115
1!
1'
b1010110010 T
b111 8
#43120
0!
0'
#43125
1!
1'
b1010110011 T
b1000 8
#43130
0!
0'
#43135
1!
1'
b1010110100 T
b1001 8
#43140
0!
0'
#43145
1!
1'
b1010110101 T
b1010 8
#43150
0!
0'
#43155
1!
1'
b1010110110 T
b1011 8
15
b0 8
1F
#43160
0!
0'
#43165
1!
1'
b1010110111 T
b1 8
05
0F
#43170
0!
0'
#43175
1!
1'
b1010111000 T
b10 8
#43180
0!
0'
#43185
1!
1'
b1010111001 T
b11 8
#43190
0!
0'
#43195
1!
1'
b1010111010 T
b100 8
#43200
0!
0'
#43205
1!
1'
b1010111011 T
b101 8
#43210
0!
0'
#43215
1!
1'
b1010111100 T
b110 8
#43220
0!
0'
#43225
1!
1'
b1010111101 T
b111 8
#43230
0!
0'
#43235
1!
1'
b1010111110 T
b1000 8
#43240
0!
0'
#43245
1!
1'
b1010111111 T
b1001 8
#43250
0!
0'
#43255
1!
1'
b1011000000 T
b1010 8
#43260
0!
0'
#43265
1!
1'
b1011000001 T
b1011 8
15
b0 8
1F
#43270
0!
0'
#43275
1!
1'
b1011000010 T
b1 8
05
0F
#43280
0!
0'
#43285
1!
1'
b1011000011 T
b10 8
#43290
0!
0'
#43295
1!
1'
b1011000100 T
b11 8
#43300
0!
0'
#43305
1!
1'
b1011000101 T
b100 8
#43310
0!
0'
#43315
1!
1'
b1011000110 T
b101 8
#43320
0!
0'
#43325
1!
1'
b1011000111 T
b110 8
#43330
0!
0'
#43335
1!
1'
b1011001000 T
b111 8
#43340
0!
0'
#43345
1!
1'
b1011001001 T
b1000 8
#43350
0!
0'
#43355
1!
1'
b1011001010 T
b1001 8
#43360
0!
0'
#43365
1!
1'
b1011001011 T
b1010 8
#43370
0!
0'
#43375
1!
1'
b1011001100 T
b1011 8
15
b0 8
1F
#43380
0!
0'
#43385
1!
1'
b1011001101 T
b1 8
05
0F
#43390
0!
0'
#43395
1!
1'
b1011001110 T
b10 8
#43400
0!
0'
#43405
1!
1'
b1011001111 T
b11 8
#43410
0!
0'
#43415
1!
1'
b1011010000 T
b100 8
#43420
0!
0'
#43425
1!
1'
b1011010001 T
b101 8
#43430
0!
0'
#43435
1!
1'
b1011010010 T
b110 8
#43440
0!
0'
#43445
1!
1'
b1011010011 T
b111 8
#43450
0!
0'
#43455
1!
1'
b1011010100 T
b1000 8
#43460
0!
0'
#43465
1!
1'
b1011010101 T
b1001 8
#43470
0!
0'
#43475
1!
1'
b1011010110 T
b1010 8
#43480
0!
0'
#43485
1!
1'
b1011010111 T
b1011 8
15
b0 8
1F
#43490
0!
0'
#43495
1!
1'
b1011011000 T
b1 8
05
0F
#43500
0!
0'
#43505
1!
1'
b1011011001 T
b10 8
#43510
0!
0'
#43515
1!
1'
b1011011010 T
b11 8
#43520
0!
0'
#43525
1!
1'
b1011011011 T
b100 8
#43530
0!
0'
#43535
1!
1'
b1011011100 T
b101 8
#43540
0!
0'
#43545
1!
1'
b1011011101 T
b110 8
#43550
0!
0'
#43555
1!
1'
b1011011110 T
b111 8
#43560
0!
0'
#43565
1!
1'
b1011011111 T
b1000 8
#43570
0!
0'
#43575
1!
1'
b1011100000 T
b1001 8
#43580
0!
0'
#43585
1!
1'
b1011100001 T
b1010 8
#43590
0!
0'
#43595
1!
1'
b1011100010 T
b1011 8
15
b0 8
1F
#43600
0!
0'
#43605
1!
1'
b1011100011 T
b1 8
05
0F
#43610
0!
0'
#43615
1!
1'
b1011100100 T
b10 8
#43620
0!
0'
#43625
1!
1'
b1011100101 T
b11 8
#43630
0!
0'
#43635
1!
1'
b1011100110 T
b100 8
#43640
0!
0'
#43645
1!
1'
b1011100111 T
b101 8
#43650
0!
0'
#43655
1!
1'
b1011101000 T
b110 8
#43660
0!
0'
#43665
1!
1'
b1011101001 T
b111 8
#43670
0!
0'
#43675
1!
1'
b1011101010 T
b1000 8
#43680
0!
0'
#43685
1!
1'
b1011101011 T
b1001 8
#43690
0!
0'
#43695
1!
1'
b1011101100 T
b1010 8
#43700
0!
0'
#43705
1!
1'
b1011101101 T
b1011 8
15
b0 8
1F
#43710
0!
0'
#43715
1!
1'
b1011101110 T
b1 8
05
0F
#43720
0!
0'
#43725
1!
1'
b1011101111 T
b10 8
#43730
0!
0'
#43735
1!
1'
b1011110000 T
b11 8
#43740
0!
0'
#43745
1!
1'
b1011110001 T
b100 8
#43750
0!
0'
#43755
1!
1'
b1011110010 T
b101 8
#43760
0!
0'
#43765
1!
1'
b1011110011 T
b110 8
#43770
0!
0'
#43775
1!
1'
b1011110100 T
b111 8
#43780
0!
0'
#43785
1!
1'
b1011110101 T
b1000 8
#43790
0!
0'
#43795
1!
1'
b1011110110 T
b1001 8
#43800
0!
0'
#43805
1!
1'
b1011110111 T
b1010 8
#43810
0!
0'
#43815
1!
1'
b1011111000 T
b1011 8
15
b0 8
1F
#43820
0!
0'
#43825
1!
1'
b1011111001 T
b1 8
05
0F
#43830
0!
0'
#43835
1!
1'
b1011111010 T
b10 8
#43840
0!
0'
#43845
1!
1'
b1011111011 T
b11 8
#43850
0!
0'
#43855
1!
1'
b1011111100 T
b100 8
#43860
0!
0'
#43865
1!
1'
b1011111101 T
b101 8
#43870
0!
0'
#43875
1!
1'
b1011111110 T
b110 8
#43880
0!
0'
#43885
1!
1'
b1011111111 T
b111 8
#43890
0!
0'
#43895
1!
1'
b1100000000 T
b1000 8
#43900
0!
0'
#43905
1!
1'
b1100000001 T
b1001 8
#43910
0!
0'
#43915
1!
1'
b1100000010 T
b1010 8
#43920
0!
0'
#43925
1!
1'
b1100000011 T
b1011 8
15
b0 8
1F
#43930
0!
0'
#43935
1!
1'
b1100000100 T
b1 8
05
0F
#43940
0!
0'
#43945
1!
1'
b1100000101 T
b10 8
#43950
0!
0'
#43955
1!
1'
b1100000110 T
b11 8
#43960
0!
0'
#43965
1!
1'
b1100000111 T
b100 8
#43970
0!
0'
#43975
1!
1'
b1100001000 T
b101 8
#43980
0!
0'
#43985
1!
1'
b1100001001 T
b110 8
#43990
0!
0'
#43995
1!
1'
b1100001010 T
b111 8
#44000
0!
0'
#44005
1!
1'
b1100001011 T
b1000 8
#44010
0!
0'
#44015
1!
1'
b1100001100 T
b1001 8
#44020
0!
0'
#44025
1!
1'
b1100001101 T
b1010 8
#44030
0!
0'
#44035
1!
1'
b1100001110 T
b1011 8
15
b0 8
1F
#44040
0!
0'
#44045
1!
1'
b1100001111 T
b1 8
05
0F
#44050
0!
0'
#44055
1!
1'
b1100010000 T
b10 8
#44060
0!
0'
#44065
1!
1'
b1100010001 T
b11 8
#44070
0!
0'
#44075
1!
1'
b1100010010 T
b100 8
#44080
0!
0'
#44085
1!
1'
b1100010011 T
b101 8
#44090
0!
0'
#44095
1!
1'
b1100010100 T
b110 8
#44100
0!
0'
#44105
1!
1'
b1100010101 T
b111 8
#44110
0!
0'
#44115
1!
1'
b1100010110 T
b1000 8
#44120
0!
0'
#44125
1!
1'
b1100010111 T
b1001 8
#44130
0!
0'
#44135
1!
1'
b1100011000 T
b1010 8
#44140
0!
0'
#44145
1!
1'
b1100011001 T
b1011 8
15
b0 8
1F
#44150
0!
0'
#44155
1!
1'
b1100011010 T
b1 8
05
0F
#44160
0!
0'
#44165
1!
1'
b1100011011 T
b10 8
#44170
0!
0'
#44175
1!
1'
b1100011100 T
b11 8
#44180
0!
0'
#44185
1!
1'
b1100011101 T
b100 8
#44190
0!
0'
#44195
1!
1'
b1100011110 T
b101 8
#44200
0!
0'
#44205
1!
1'
b1100011111 T
b110 8
#44210
0!
0'
#44215
1!
1'
b1100100000 T
b111 8
#44220
0!
0'
#44225
1!
1'
b1100100001 T
b1000 8
#44230
0!
0'
#44235
1!
1'
b1100100010 T
b1001 8
#44240
0!
0'
#44245
1!
1'
b1100100011 T
b1010 8
#44250
0!
0'
#44255
1!
1'
b1100100100 T
b1011 8
15
b0 8
1F
#44260
0!
0'
#44265
1!
1'
b1100100101 T
b1 8
05
0F
#44270
0!
0'
#44275
1!
1'
b1100100110 T
b10 8
#44280
0!
0'
#44285
1!
1'
b1100100111 T
b11 8
#44290
0!
0'
#44295
1!
1'
b1100101000 T
b100 8
#44300
0!
0'
#44305
1!
1'
b1100101001 T
b101 8
#44310
0!
0'
#44315
1!
1'
b1100101010 T
b110 8
#44320
0!
0'
#44325
1!
1'
b1100101011 T
b111 8
#44330
0!
0'
#44335
1!
1'
b1100101100 T
b1000 8
#44340
0!
0'
#44345
1!
1'
b1100101101 T
b1001 8
#44350
0!
0'
#44355
1!
1'
b1100101110 T
b1010 8
#44360
0!
0'
#44365
1!
1'
b1100101111 T
b1011 8
15
b0 8
1F
#44370
0!
0'
#44375
1!
1'
b1100110000 T
b1 8
05
0F
#44380
0!
0'
#44385
1!
1'
b1100110001 T
b10 8
#44390
0!
0'
#44395
1!
1'
b1100110010 T
b11 8
#44400
0!
0'
#44405
1!
1'
b1100110011 T
b100 8
#44410
0!
0'
#44415
1!
1'
b1100110100 T
b101 8
#44420
0!
0'
#44425
1!
1'
b1100110101 T
b110 8
#44430
0!
0'
#44435
1!
1'
b1100110110 T
b111 8
#44440
0!
0'
#44445
1!
1'
b1100110111 T
b1000 8
#44450
0!
0'
#44455
1!
1'
b1100111000 T
b1001 8
#44460
0!
0'
#44465
1!
1'
b1100111001 T
b1010 8
#44470
0!
0'
#44475
1!
1'
b1100111010 T
b1011 8
15
b0 8
1F
#44480
0!
0'
#44485
1!
1'
b1100111011 T
b1 8
05
0F
#44490
0!
0'
#44495
1!
1'
b1100111100 T
b10 8
#44500
0!
0'
#44505
1!
1'
b1100111101 T
b11 8
#44510
0!
0'
#44515
1!
1'
b1100111110 T
b100 8
#44520
0!
0'
#44525
1!
1'
b1100111111 T
b101 8
#44530
0!
0'
#44535
1!
1'
b1101000000 T
b110 8
#44540
0!
0'
#44545
1!
1'
b1101000001 T
b111 8
#44550
0!
0'
#44555
1!
1'
b1101000010 T
b1000 8
#44560
0!
0'
#44565
1!
1'
b1101000011 T
b1001 8
#44570
0!
0'
#44575
1!
1'
b1101000100 T
b1010 8
#44580
0!
0'
#44585
1!
1'
b1101000101 T
b1011 8
15
b0 8
1F
#44590
0!
0'
#44595
1!
1'
b1101000110 T
b1 8
05
0F
#44600
0!
0'
#44605
1!
1'
b1101000111 T
b10 8
#44610
0!
0'
#44615
1!
1'
b1101001000 T
b11 8
#44620
0!
0'
#44625
1!
1'
b1101001001 T
b100 8
#44630
0!
0'
#44635
1!
1'
b1101001010 T
b101 8
#44640
0!
0'
#44645
1!
1'
b1101001011 T
b110 8
#44650
0!
0'
#44655
1!
1'
b1101001100 T
b111 8
#44660
0!
0'
#44665
1!
1'
b1101001101 T
b1000 8
#44670
0!
0'
#44675
1!
1'
b1101001110 T
b1001 8
#44680
0!
0'
#44685
1!
1'
b1101001111 T
b1010 8
#44690
0!
0'
#44695
1!
1'
b1101010000 T
b1011 8
15
b0 8
1F
#44700
0!
0'
#44705
1!
1'
b1101010001 T
b1 8
05
0F
#44710
0!
0'
#44715
1!
1'
b1101010010 T
b10 8
#44720
0!
0'
#44725
1!
1'
b1101010011 T
b11 8
#44730
0!
0'
#44735
1!
1'
b1101010100 T
b100 8
#44740
0!
0'
#44745
1!
1'
b1101010101 T
b101 8
#44750
0!
0'
#44755
1!
1'
b1101010110 T
b110 8
#44760
0!
0'
#44765
1!
1'
b1101010111 T
b111 8
#44770
0!
0'
#44775
1!
1'
b1101011000 T
b1000 8
#44780
0!
0'
#44785
1!
1'
b1101011001 T
b1001 8
#44790
0!
0'
#44795
1!
1'
b1101011010 T
b1010 8
#44800
0!
0'
#44805
1!
1'
b1101011011 T
b1011 8
15
b0 8
1F
#44810
0!
0'
#44815
1!
1'
b1101011100 T
b1 8
05
0F
#44820
0!
0'
#44825
1!
1'
b1101011101 T
b10 8
#44830
0!
0'
#44835
1!
1'
b1101011110 T
b11 8
#44840
0!
0'
#44845
1!
1'
b1101011111 T
b100 8
#44850
0!
0'
#44855
1!
1'
b1101100000 T
b101 8
#44860
0!
0'
#44865
1!
1'
b1101100001 T
b110 8
#44870
0!
0'
#44875
1!
1'
b1101100010 T
b111 8
#44880
0!
0'
#44885
1!
1'
b1101100011 T
b1000 8
#44890
0!
0'
#44895
1!
1'
b1101100100 T
b1001 8
#44900
0!
0'
#44905
1!
1'
b1101100101 T
b1010 8
#44910
0!
0'
#44915
1!
1'
b1101100110 T
b1011 8
15
b0 8
1F
#44920
0!
0'
#44925
1!
1'
b1101100111 T
b1 8
05
0F
#44930
0!
0'
#44935
1!
1'
b1101101000 T
b10 8
#44940
0!
0'
#44945
1!
1'
b1101101001 T
b11 8
#44950
0!
0'
#44955
1!
1'
b1101101010 T
b100 8
#44960
0!
0'
#44965
1!
1'
b1101101011 T
b101 8
#44970
0!
0'
#44975
1!
1'
b1101101100 T
b110 8
#44980
0!
0'
#44985
1!
1'
b1101101101 T
b111 8
#44990
0!
0'
#44995
1!
1'
b1101101110 T
b1000 8
#45000
0!
0'
#45005
1!
1'
b1101101111 T
b1001 8
#45010
0!
0'
#45015
1!
1'
b1101110000 T
b1010 8
#45020
0!
0'
#45025
1!
1'
b1101110001 T
b1011 8
15
b0 8
1F
#45030
0!
0'
#45035
1!
1'
b1101110010 T
b1 8
05
0F
#45040
0!
0'
#45045
1!
1'
b1101110011 T
b10 8
#45050
0!
0'
#45055
1!
1'
b1101110100 T
b11 8
#45060
0!
0'
#45065
1!
1'
b1101110101 T
b100 8
#45070
0!
0'
#45075
1!
1'
b1101110110 T
b101 8
#45080
0!
0'
#45085
1!
1'
b1101110111 T
b110 8
#45090
0!
0'
#45095
1!
1'
b1101111000 T
b111 8
#45100
0!
0'
#45105
1!
1'
b1101111001 T
b1000 8
#45110
0!
0'
#45115
1!
1'
b1101111010 T
b1001 8
#45120
0!
0'
#45125
1!
1'
b1101111011 T
b1010 8
#45130
0!
0'
#45135
1!
1'
b1101111100 T
b1011 8
15
b0 8
1F
#45140
0!
0'
#45145
1!
1'
b1101111101 T
b1 8
05
0F
#45150
0!
0'
#45155
1!
1'
b1101111110 T
b10 8
#45160
0!
0'
#45165
1!
1'
b1101111111 T
b11 8
#45170
0!
0'
#45175
1!
1'
b1110000000 T
b100 8
#45180
0!
0'
#45185
1!
1'
b1110000001 T
b101 8
#45190
0!
0'
#45195
1!
1'
b1110000010 T
b110 8
#45200
0!
0'
#45205
1!
1'
b1110000011 T
b111 8
#45210
0!
0'
#45215
1!
1'
b1110000100 T
b1000 8
#45220
0!
0'
#45225
1!
1'
b1110000101 T
b1001 8
#45230
0!
0'
#45235
1!
1'
b1110000110 T
b1010 8
#45240
0!
0'
#45245
1!
1'
b1110000111 T
b1011 8
15
b0 8
1F
#45250
0!
0'
#45255
1!
1'
b1110001000 T
b1 8
05
0F
#45260
0!
0'
#45265
1!
1'
b1110001001 T
b10 8
#45270
0!
0'
#45275
1!
1'
b1110001010 T
b11 8
#45280
0!
0'
#45285
1!
1'
b1110001011 T
b100 8
#45290
0!
0'
#45295
1!
1'
b1110001100 T
b101 8
#45300
0!
0'
#45305
1!
1'
b1110001101 T
b110 8
#45310
0!
0'
#45315
1!
1'
b1110001110 T
b111 8
#45320
0!
0'
#45325
1!
1'
b1110001111 T
b1000 8
#45330
0!
0'
#45335
1!
1'
b1110010000 T
b1001 8
#45340
0!
0'
#45345
1!
1'
b1110010001 T
b1010 8
#45350
0!
0'
#45355
1!
1'
b1110010010 T
b1011 8
15
b0 8
1F
#45360
0!
0'
#45365
1!
1'
b1110010011 T
b1 8
05
0F
#45370
0!
0'
#45375
1!
1'
b1110010100 T
b10 8
#45380
0!
0'
#45385
1!
1'
b1110010101 T
b11 8
#45390
0!
0'
#45395
1!
1'
b1110010110 T
b100 8
#45400
0!
0'
#45405
1!
1'
b1110010111 T
b101 8
#45410
0!
0'
#45415
1!
1'
b1110011000 T
b110 8
#45420
0!
0'
#45425
1!
1'
b1110011001 T
b111 8
#45430
0!
0'
#45435
1!
1'
b1110011010 T
b1000 8
#45440
0!
0'
#45445
1!
1'
b1110011011 T
b1001 8
#45450
0!
0'
#45455
1!
1'
b1110011100 T
b1010 8
#45460
0!
0'
#45465
1!
1'
b1110011101 T
b1011 8
15
b0 8
1F
#45470
0!
0'
#45475
1!
1'
b1110011110 T
b1 8
05
0F
#45480
0!
0'
#45485
1!
1'
b1110011111 T
b10 8
#45490
0!
0'
#45495
1!
1'
b1110100000 T
b11 8
#45500
0!
0'
#45505
1!
1'
b1110100001 T
b100 8
#45510
0!
0'
#45515
1!
1'
b1110100010 T
b101 8
#45520
0!
0'
#45525
1!
1'
b1110100011 T
b110 8
#45530
0!
0'
#45535
1!
1'
b1110100100 T
b111 8
#45540
0!
0'
#45545
1!
1'
b1110100101 T
b1000 8
#45550
0!
0'
#45555
1!
1'
b1110100110 T
b1001 8
#45560
0!
0'
#45565
1!
1'
b1110100111 T
b1010 8
#45570
0!
0'
#45575
1!
1'
b1110101000 T
b1011 8
15
b0 8
1F
#45580
0!
0'
#45585
1!
1'
b1110101001 T
b1 8
05
0F
#45590
0!
0'
#45595
1!
1'
b1110101010 T
b10 8
#45600
0!
0'
#45605
1!
1'
b1110101011 T
b11 8
#45610
0!
0'
#45615
1!
1'
b1110101100 T
b100 8
#45620
0!
0'
#45625
1!
1'
b1110101101 T
b101 8
#45630
0!
0'
#45635
1!
1'
b1110101110 T
b110 8
#45640
0!
0'
#45645
1!
1'
b1110101111 T
b111 8
#45650
0!
0'
#45655
1!
1'
b1110110000 T
b1000 8
#45660
0!
0'
#45665
1!
1'
b1110110001 T
b1001 8
#45670
0!
0'
#45675
1!
1'
b1110110010 T
b1010 8
#45680
0!
0'
#45685
1!
1'
b1110110011 T
b1011 8
15
b0 8
1F
#45690
0!
0'
#45695
1!
1'
b1110110100 T
b1 8
05
0F
#45700
0!
0'
#45705
1!
1'
b1110110101 T
b10 8
#45710
0!
0'
#45715
1!
1'
b1110110110 T
b11 8
#45720
0!
0'
#45725
1!
1'
b1110110111 T
b100 8
#45730
0!
0'
#45735
1!
1'
b1110111000 T
b101 8
#45740
0!
0'
#45745
1!
1'
b1110111001 T
b110 8
#45750
0!
0'
#45755
1!
1'
b1110111010 T
b111 8
#45760
0!
0'
#45765
1!
1'
b1110111011 T
b1000 8
#45770
0!
0'
#45775
1!
1'
b1110111100 T
b1001 8
#45780
0!
0'
#45785
1!
1'
b1110111101 T
b1010 8
#45790
0!
0'
#45795
1!
1'
b1110111110 T
b1011 8
15
b0 8
1F
#45800
0!
0'
#45805
1!
1'
b1110111111 T
b1 8
05
0F
#45810
0!
0'
#45815
1!
1'
b1111000000 T
b10 8
#45820
0!
0'
#45825
1!
1'
b1111000001 T
b11 8
#45830
0!
0'
#45835
1!
1'
b1111000010 T
b100 8
#45840
0!
0'
#45845
1!
1'
b1111000011 T
b101 8
#45850
0!
0'
#45855
1!
1'
b1111000100 T
b110 8
#45860
0!
0'
#45865
1!
1'
b1111000101 T
b111 8
#45870
0!
0'
#45875
1!
1'
b1111000110 T
b1000 8
#45880
0!
0'
#45885
1!
1'
b1111000111 T
b1001 8
#45890
0!
0'
#45895
1!
1'
b1111001000 T
b1010 8
#45900
0!
0'
#45905
1!
1'
b1111001001 T
b1011 8
15
b0 8
1F
#45910
0!
0'
#45915
1!
1'
b1111001010 T
b1 8
05
0F
#45920
0!
0'
#45925
1!
1'
b1111001011 T
b10 8
#45930
0!
0'
#45935
1!
1'
b1111001100 T
b11 8
#45940
0!
0'
#45945
1!
1'
b1111001101 T
b100 8
#45950
0!
0'
#45955
1!
1'
b1111001110 T
b101 8
#45960
0!
0'
#45965
1!
1'
b1111001111 T
b110 8
#45970
0!
0'
#45975
1!
1'
b1111010000 T
b111 8
#45980
0!
0'
#45985
1!
1'
b1111010001 T
b1000 8
#45990
0!
0'
#45995
1!
1'
b1111010010 T
b1001 8
#46000
0!
0'
#46005
1!
1'
b1111010011 T
b1010 8
#46010
0!
0'
#46015
1!
1'
b1111010100 T
b1011 8
15
b0 8
1F
#46020
0!
0'
#46025
1!
1'
b1111010101 T
b1 8
05
0F
#46030
0!
0'
#46035
1!
1'
b1111010110 T
b10 8
#46040
0!
0'
#46045
1!
1'
b1111010111 T
b11 8
#46050
0!
0'
#46055
1!
1'
b1111011000 T
b100 8
#46060
0!
0'
#46065
1!
1'
b1111011001 T
b101 8
#46070
0!
0'
#46075
1!
1'
b1111011010 T
b110 8
#46080
0!
0'
#46085
1!
1'
b1111011011 T
b111 8
#46090
0!
0'
#46095
1!
1'
b1111011100 T
b1000 8
#46100
0!
0'
#46105
1!
1'
b1111011101 T
b1001 8
#46110
0!
0'
#46115
1!
1'
b1111011110 T
b1010 8
#46120
0!
0'
#46125
1!
1'
b1111011111 T
b1011 8
15
b0 8
1F
#46130
0!
0'
#46135
1!
1'
b1111100000 T
b1 8
05
0F
#46140
0!
0'
#46145
1!
1'
b1111100001 T
b10 8
#46150
0!
0'
#46155
1!
1'
b1111100010 T
b11 8
#46160
0!
0'
#46165
1!
1'
b1111100011 T
b100 8
#46170
0!
0'
#46175
1!
1'
b1111100100 T
b101 8
#46180
0!
0'
#46185
1!
1'
b1111100101 T
b110 8
#46190
0!
0'
#46195
1!
1'
b1111100110 T
b111 8
#46200
0!
0'
#46205
1!
1'
b1111100111 T
b1000 8
#46210
0!
0'
#46215
1!
1'
b1111101000 T
b1001 8
#46220
0!
0'
#46225
1!
1'
b1111101001 T
b1010 8
#46230
0!
0'
#46235
1!
1'
b1111101010 T
b1011 8
15
b0 8
1F
#46240
0!
0'
#46245
1!
1'
b1111101011 T
b1 8
05
0F
#46250
0!
0'
#46255
1!
1'
b1111101100 T
b10 8
#46260
0!
0'
#46265
1!
1'
b1111101101 T
b11 8
#46270
0!
0'
#46275
1!
1'
b1111101110 T
b100 8
#46280
0!
0'
#46285
1!
1'
b1111101111 T
b101 8
#46290
0!
0'
#46295
1!
1'
b1111110000 T
b110 8
#46300
0!
0'
#46305
1!
1'
b1111110001 T
b111 8
#46310
0!
0'
#46315
1!
1'
b1111110010 T
b1000 8
#46320
0!
0'
#46325
1!
1'
b1111110011 T
b1001 8
#46330
0!
0'
#46335
1!
1'
b1111110100 T
b1010 8
